innings,match_balls,inn_balls,bat_team,team_wkts,team_score,team_lead,batter,bowler,bat_position,bat_score,bat_balls,bat_avg,career_bat_balls,bat_sr,bat_arm,bowl_balls,bowl_runs,bowl_wkts,career_bowl_balls,bowl_avg,bowl_sr,bowl_type,outcome,host_country,bowl_class,bat_win_toss,seam_factor,spin_factor
1,211,211,RSA,5,112,112,T Bavuma,MR Marsh,6,30,61,38.28,1154,46.44,Right-hand bat,12,4,0,1866.1,37.27,64.3,rm,0,AUS,seam,yes,28.81578947368421,7.684210526315789
1,212,212,RSA,5,112,112,T Bavuma,MR Marsh,6,30,62,38.28,1154,46.44,Right-hand bat,13,4,0,1866.1,37.27,64.3,rm,1,AUS,seam,yes,28.81578947368421,7.684210526315789
1,228,228,RSA,5,120,120,T Bavuma,MR Marsh,6,31,66,38.28,1154,46.44,Right-hand bat,23,11,0,1866.1,37.27,64.3,rm,0,AUS,seam,yes,28.81578947368421,7.684210526315789
1,235,235,RSA,5,124,124,T Bavuma,MR Marsh,6,32,68,38.28,1154,46.44,Right-hand bat,24,11,0,1866.1,37.27,64.3,rm,0,AUS,seam,yes,28.81578947368421,7.684210526315789
1,236,236,RSA,5,124,124,T Bavuma,MR Marsh,6,32,69,38.28,1154,46.44,Right-hand bat,25,11,0,1866.1,37.27,64.3,rm,0,AUS,seam,yes,28.81578947368421,7.684210526315789
1,237,237,RSA,5,124,124,T Bavuma,MR Marsh,6,32,70,38.28,1154,46.44,Right-hand bat,26,11,0,1866.1,37.27,64.3,rm,0,AUS,seam,yes,28.81578947368421,7.684210526315789
1,238,238,RSA,5,124,124,T Bavuma,MR Marsh,6,32,71,38.28,1154,46.44,Right-hand bat,27,11,0,1866.1,37.27,64.3,rm,4,AUS,seam,yes,28.81578947368421,7.684210526315789
1,239,239,RSA,5,128,128,T Bavuma,MR Marsh,6,36,72,38.28,1154,46.44,Right-hand bat,28,15,0,1866.1,37.27,64.3,rm,0,AUS,seam,yes,28.81578947368421,7.684210526315789
1,240,240,RSA,5,128,128,T Bavuma,MR Marsh,6,36,73,38.28,1154,46.44,Right-hand bat,29,15,0,1866.1,37.27,64.3,rm,4,AUS,seam,yes,28.81578947368421,7.684210526315789
