innings,match_balls,inn_balls,bat_team,team_wkts,team_score,team_lead,batter,bowler,bat_position,bat_score,bat_balls,bat_avg,career_bat_balls,bat_sr,bat_arm,bowl_balls,bowl_runs,bowl_wkts,career_bowl_balls,bowl_avg,bowl_sr,bowl_type,outcome,host_country,bowl_class,bat_win_toss,seam_factor,spin_factor
2,613,253,SRL,7,144,-91,MDKJ Perera,DW Steyn,5,43,54,35.6,1218,73.07,Left-hand bat,66,24,3,18498.2,22.77,42.1,rf,0,RSA,seam,yes,19.506903353057197,5.85207100591716
2,614,254,SRL,7,144,-91,MDKJ Perera,DW Steyn,5,43,55,35.6,1218,73.07,Left-hand bat,67,24,3,18498.2,22.77,42.1,rf,4,RSA,seam,yes,19.506903353057197,5.85207100591716
2,615,255,SRL,7,148,-87,MDKJ Perera,DW Steyn,5,47,56,35.6,1218,73.07,Left-hand bat,68,28,3,18498.2,22.77,42.1,rf,0,RSA,seam,yes,19.506903353057197,5.85207100591716
2,616,256,SRL,7,148,-87,MDKJ Perera,DW Steyn,5,47,57,35.6,1218,73.07,Left-hand bat,69,28,3,18498.2,22.77,42.1,rf,0,RSA,seam,yes,19.506903353057197,5.85207100591716
2,617,257,SRL,7,148,-87,MDKJ Perera,DW Steyn,5,47,58,35.6,1218,73.07,Left-hand bat,70,28,3,18498.2,22.77,42.1,rf,0,RSA,seam,yes,19.506903353057197,5.85207100591716
2,618,258,SRL,7,148,-87,MDKJ Perera,DW Steyn,5,47,59,35.6,1218,73.07,Left-hand bat,71,28,3,18498.2,22.77,42.1,rf,4,RSA,seam,yes,19.506903353057197,5.85207100591716
2,625,265,SRL,7,152,-83,MDKJ Perera,DW Steyn,5,51,60,35.6,1218,73.07,Left-hand bat,72,32,3,18498.2,22.77,42.1,rf,0,RSA,seam,yes,19.506903353057197,5.85207100591716
2,626,266,SRL,7,152,-83,MDKJ Perera,DW Steyn,5,51,61,35.6,1218,73.07,Left-hand bat,73,32,3,18498.2,22.77,42.1,rf,0,RSA,seam,yes,19.506903353057197,5.85207100591716
2,627,267,SRL,7,152,-83,MDKJ Perera,DW Steyn,5,51,62,35.6,1218,73.07,Left-hand bat,74,32,3,18498.2,22.77,42.1,rf,W,RSA,seam,yes,19.506903353057197,5.85207100591716
