innings,match_balls,inn_balls,bat_team,team_wkts,team_score,team_lead,batter,bowler,bat_position,bat_score,bat_balls,bat_avg,career_bat_balls,bat_sr,bat_arm,bowl_balls,bowl_runs,bowl_wkts,career_bowl_balls,bowl_avg,bowl_sr,bowl_type,outcome,host_country,bowl_class,bat_win_toss,seam_factor,spin_factor
1,617,617,IND,4,428,428,RR Pant,D Bishoo,6,63,66,36.28,336,75.59,Left-hand bat,181,114,1,7602.2,36.89,69.1,rls,4,IND,spin,yes,7.319857312722949,28.05945303210464
1,618,618,IND,4,432,432,RR Pant,D Bishoo,6,67,67,36.28,336,75.59,Left-hand bat,182,118,1,7602.2,36.89,69.1,rls,1,IND,spin,yes,7.319857312722949,28.05945303210464
1,621,621,IND,4,434,434,RR Pant,D Bishoo,6,68,68,36.28,336,75.59,Left-hand bat,185,120,1,7602.2,36.89,69.1,rls,6,IND,spin,yes,7.319857312722949,28.05945303210464
1,631,631,IND,4,452,452,RR Pant,D Bishoo,6,83,73,36.28,336,75.59,Left-hand bat,189,127,1,7602.2,36.89,69.1,rls,1,IND,spin,yes,7.319857312722949,28.05945303210464
1,640,640,IND,4,458,458,RR Pant,D Bishoo,6,86,77,36.28,336,75.59,Left-hand bat,192,129,1,7602.2,36.89,69.1,rls,1,IND,spin,yes,7.319857312722949,28.05945303210464
1,643,643,IND,4,464,464,RR Pant,D Bishoo,6,87,78,36.28,336,75.59,Left-hand bat,195,135,1,7602.2,36.89,69.1,rls,1,IND,spin,yes,7.319857312722949,28.05945303210464
1,652,652,IND,4,470,470,RR Pant,D Bishoo,6,92,83,36.28,336,75.59,Left-hand bat,198,136,1,7602.2,36.89,69.1,rls,W,IND,spin,yes,7.319857312722949,28.05945303210464
