innings,match_balls,inn_balls,bat_team,team_wkts,team_score,team_lead,batter,bowler,bat_position,bat_score,bat_balls,bat_avg,career_bat_balls,bat_sr,bat_arm,bowl_balls,bowl_runs,bowl_wkts,career_bowl_balls,bowl_avg,bowl_sr,bowl_type,outcome,host_country,bowl_class,bat_win_toss,seam_factor,spin_factor
4,1817,264,WIN,6,117,-367,KAJ Roach,JM Anderson,8,1,2,12.16,2162,38.25,Right-hand bat,54,20,3,32334.1,26.93,56.2,rfm,2,WIN,seam,yes,23.862857142857145,5.965714285714286
4,1818,265,WIN,6,119,-365,KAJ Roach,JM Anderson,8,3,3,12.16,2162,38.25,Right-hand bat,55,22,3,32334.1,26.93,56.2,rfm,0,WIN,seam,yes,23.862857142857145,5.965714285714286
4,1819,266,WIN,6,119,-365,KAJ Roach,JM Anderson,8,3,4,12.16,2162,38.25,Right-hand bat,56,22,3,32334.1,26.93,56.2,rfm,0,WIN,seam,yes,23.862857142857145,5.965714285714286
4,1820,267,WIN,6,119,-365,KAJ Roach,JM Anderson,8,3,5,12.16,2162,38.25,Right-hand bat,57,22,3,32334.1,26.93,56.2,rfm,0,WIN,seam,yes,23.862857142857145,5.965714285714286
4,1821,268,WIN,6,119,-365,KAJ Roach,JM Anderson,8,3,6,12.16,2162,38.25,Right-hand bat,58,22,3,32334.1,26.93,56.2,rfm,0,WIN,seam,yes,23.862857142857145,5.965714285714286
4,1822,269,WIN,6,119,-365,KAJ Roach,JM Anderson,8,3,7,12.16,2162,38.25,Right-hand bat,59,22,3,32334.1,26.93,56.2,rfm,0,WIN,seam,yes,23.862857142857145,5.965714285714286
4,1829,276,WIN,6,125,-359,KAJ Roach,JM Anderson,8,8,11,12.16,2162,38.25,Right-hand bat,60,22,3,32334.1,26.93,56.2,rfm,0,WIN,seam,yes,23.862857142857145,5.965714285714286
4,1830,277,WIN,6,125,-359,KAJ Roach,JM Anderson,8,8,12,12.16,2162,38.25,Right-hand bat,61,22,3,32334.1,26.93,56.2,rfm,1,WIN,seam,yes,23.862857142857145,5.965714285714286
