innings,match_balls,inn_balls,bat_team,team_wkts,team_score,team_lead,batter,bowler,bat_position,bat_score,bat_balls,bat_avg,career_bat_balls,bat_sr,bat_arm,bowl_balls,bowl_runs,bowl_wkts,career_bowl_balls,bowl_avg,bowl_sr,bowl_type,outcome,host_country,bowl_class,bat_win_toss,seam_factor,spin_factor
4,1670,117,WIN,4,41,-443,SO Hetmyer,SCJ Broad,6,6,10,30.16,996,75.7,Left-hand bat,32,6,0,25734.3,29.05,58.8,rfm,0,WIN,seam,yes,23.862857142857145,5.965714285714286
4,1671,118,WIN,4,41,-443,SO Hetmyer,SCJ Broad,6,6,11,30.16,996,75.7,Left-hand bat,33,6,0,25734.3,29.05,58.8,rfm,0,WIN,seam,yes,23.862857142857145,5.965714285714286
4,1672,119,WIN,4,41,-443,SO Hetmyer,SCJ Broad,6,6,12,30.16,996,75.7,Left-hand bat,34,6,0,25734.3,29.05,58.8,rfm,0,WIN,seam,yes,23.862857142857145,5.965714285714286
4,1673,120,WIN,4,41,-443,SO Hetmyer,SCJ Broad,6,6,13,30.16,996,75.7,Left-hand bat,35,6,0,25734.3,29.05,58.8,rfm,0,WIN,seam,yes,23.862857142857145,5.965714285714286
4,1680,127,WIN,4,45,-439,SO Hetmyer,SCJ Broad,6,6,14,30.16,996,75.7,Left-hand bat,36,6,0,25734.3,29.05,58.8,rfm,0,WIN,seam,yes,23.862857142857145,5.965714285714286
4,1681,128,WIN,4,45,-439,SO Hetmyer,SCJ Broad,6,6,15,30.16,996,75.7,Left-hand bat,37,6,0,25734.3,29.05,58.8,rfm,0,WIN,seam,yes,23.862857142857145,5.965714285714286
4,1682,129,WIN,4,45,-439,SO Hetmyer,SCJ Broad,6,6,16,30.16,996,75.7,Left-hand bat,38,6,0,25734.3,29.05,58.8,rfm,1,WIN,seam,yes,23.862857142857145,5.965714285714286
4,1692,139,WIN,4,51,-433,SO Hetmyer,SCJ Broad,6,9,21,30.16,996,75.7,Left-hand bat,42,9,0,25734.3,29.05,58.8,rfm,0,WIN,seam,yes,23.862857142857145,5.965714285714286
4,1693,140,WIN,4,51,-433,SO Hetmyer,SCJ Broad,6,9,22,30.16,996,75.7,Left-hand bat,43,9,0,25734.3,29.05,58.8,rfm,1,WIN,seam,yes,23.862857142857145,5.965714285714286
