innings,match_balls,inn_balls,bat_team,team_wkts,team_score,team_lead,batter,bowler,bat_position,bat_score,bat_balls,bat_avg,career_bat_balls,bat_sr,bat_arm,bowl_balls,bowl_runs,bowl_wkts,career_bowl_balls,bowl_avg,bowl_sr,bowl_type,outcome,host_country,bowl_class,bat_win_toss,seam_factor,spin_factor
3,1444,106,PAK,3,42,-245,Asad Shafiq,MA Starc,5,8,18,38.82,9188,48.59,Right-hand bat,28,13,1,11214,27.57,48.9,lf,0,AUS,seam,no,38.449905482041586,10.680529300567107
3,1445,107,PAK,3,42,-245,Asad Shafiq,MA Starc,5,8,19,38.82,9188,48.59,Right-hand bat,29,13,1,11214,27.57,48.9,lf,0,AUS,seam,no,38.449905482041586,10.680529300567107
3,1578,240,PAK,4,123,-164,Asad Shafiq,MA Starc,5,35,80,38.82,9188,48.59,Right-hand bat,42,25,1,11214,27.57,48.9,lf,1,AUS,seam,no,38.449905482041586,10.680529300567107
3,1582,244,PAK,4,125,-162,Asad Shafiq,MA Starc,5,36,81,38.82,9188,48.59,Right-hand bat,46,27,1,11214,27.57,48.9,lf,0,AUS,seam,no,38.449905482041586,10.680529300567107
3,1583,245,PAK,4,125,-162,Asad Shafiq,MA Starc,5,36,82,38.82,9188,48.59,Right-hand bat,47,27,1,11214,27.57,48.9,lf,1,AUS,seam,no,38.449905482041586,10.680529300567107
3,1590,252,PAK,4,129,-158,Asad Shafiq,MA Starc,5,38,89,38.82,9188,48.59,Right-hand bat,48,28,1,11214,27.57,48.9,lf,0,AUS,seam,no,38.449905482041586,10.680529300567107
3,1591,253,PAK,4,129,-158,Asad Shafiq,MA Starc,5,38,90,38.82,9188,48.59,Right-hand bat,49,28,1,11214,27.57,48.9,lf,0,AUS,seam,no,38.449905482041586,10.680529300567107
3,1592,254,PAK,4,129,-158,Asad Shafiq,MA Starc,5,38,91,38.82,9188,48.59,Right-hand bat,50,28,1,11214,27.57,48.9,lf,3,AUS,seam,no,38.449905482041586,10.680529300567107
3,1595,257,PAK,4,133,-154,Asad Shafiq,MA Starc,5,41,92,38.82,9188,48.59,Right-hand bat,53,32,1,11214,27.57,48.9,lf,3,AUS,seam,no,38.449905482041586,10.680529300567107
