innings,match_balls,inn_balls,bat_team,team_wkts,team_score,team_lead,batter,bowler,bat_position,bat_score,bat_balls,bat_avg,career_bat_balls,bat_sr,bat_arm,bowl_balls,bowl_runs,bowl_wkts,career_bowl_balls,bowl_avg,bowl_sr,bowl_type,outcome,host_country,bowl_class,bat_win_toss,seam_factor,spin_factor
1,454,454,AUS,3,208,208,MS Wade,MJ Santner,5,0,3,30.68,2642,51.09,Left-hand bat,103,56,0,3576.2,43.15,94.1,lo,0,AUS,spin,yes,19.76988823142669,5.1019066403681785
1,455,455,AUS,3,208,208,MS Wade,MJ Santner,5,0,4,30.68,2642,51.09,Left-hand bat,104,56,0,3576.2,43.15,94.1,lo,1,AUS,spin,yes,19.76988823142669,5.1019066403681785
1,469,469,AUS,3,212,212,MS Wade,MJ Santner,5,3,11,30.68,2642,51.09,Left-hand bat,112,58,0,3576.2,43.15,94.1,lo,0,AUS,spin,yes,19.76988823142669,5.1019066403681785
1,470,470,AUS,3,212,212,MS Wade,MJ Santner,5,3,12,30.68,2642,51.09,Left-hand bat,113,58,0,3576.2,43.15,94.1,lo,0,AUS,spin,yes,19.76988823142669,5.1019066403681785
1,478,478,AUS,3,215,215,MS Wade,MJ Santner,5,3,13,30.68,2642,51.09,Left-hand bat,114,58,0,3576.2,43.15,94.1,lo,4,AUS,spin,yes,19.76988823142669,5.1019066403681785
1,479,479,AUS,3,219,219,MS Wade,MJ Santner,5,7,14,30.68,2642,51.09,Left-hand bat,115,62,0,3576.2,43.15,94.1,lo,0,AUS,spin,yes,19.76988823142669,5.1019066403681785
1,480,480,AUS,3,219,219,MS Wade,MJ Santner,5,7,15,30.68,2642,51.09,Left-hand bat,116,62,0,3576.2,43.15,94.1,lo,0,AUS,spin,yes,19.76988823142669,5.1019066403681785
1,481,481,AUS,3,219,219,MS Wade,MJ Santner,5,7,16,30.68,2642,51.09,Left-hand bat,117,62,0,3576.2,43.15,94.1,lo,3,AUS,spin,yes,19.76988823142669,5.1019066403681785
