innings,match_balls,inn_balls,bat_team,team_wkts,team_score,team_lead,batter,bowler,bat_position,bat_score,bat_balls,bat_avg,career_bat_balls,bat_sr,bat_arm,bowl_balls,bowl_runs,bowl_wkts,career_bowl_balls,bowl_avg,bowl_sr,bowl_type,outcome,host_country,bowl_class,bat_win_toss,seam_factor,spin_factor
2,1252,317,NZL,9,128,-339,TA Boult,MA Starc,11,0,0,14.64,1124,54.71,Right-hand bat,69,23,1,11568.5,27.08,48.2,lf,0,AUS,seam,yes,21.712653061224486,6.680816326530612
2,1253,318,NZL,9,128,-339,TA Boult,MA Starc,11,0,1,14.64,1124,54.71,Right-hand bat,70,23,1,11568.5,27.08,48.2,lf,0,AUS,seam,yes,21.712653061224486,6.680816326530612
2,1254,319,NZL,9,128,-339,TA Boult,MA Starc,11,0,2,14.64,1124,54.71,Right-hand bat,71,23,1,11568.5,27.08,48.2,lf,0,AUS,seam,yes,21.712653061224486,6.680816326530612
2,1255,320,NZL,9,128,-339,TA Boult,MA Starc,11,0,3,14.64,1124,54.71,Right-hand bat,72,23,1,11568.5,27.08,48.2,lf,1,AUS,seam,yes,21.712653061224486,6.680816326530612
2,1264,329,NZL,9,148,-319,TA Boult,MA Starc,11,8,8,14.64,1124,54.71,Right-hand bat,75,28,1,11568.5,27.08,48.2,lf,0,AUS,seam,yes,21.712653061224486,6.680816326530612
2,1265,330,NZL,9,148,-319,TA Boult,MA Starc,11,8,9,14.64,1124,54.71,Right-hand bat,76,28,1,11568.5,27.08,48.2,lf,0,AUS,seam,yes,21.712653061224486,6.680816326530612
2,1266,331,NZL,9,148,-319,TA Boult,MA Starc,11,8,10,14.64,1124,54.71,Right-hand bat,77,28,1,11568.5,27.08,48.2,lf,0,AUS,seam,yes,21.712653061224486,6.680816326530612
2,1267,332,NZL,9,148,-319,TA Boult,MA Starc,11,8,11,14.64,1124,54.71,Right-hand bat,78,28,1,11568.5,27.08,48.2,lf,0,AUS,seam,yes,21.712653061224486,6.680816326530612
2,1268,333,NZL,9,148,-319,TA Boult,MA Starc,11,8,12,14.64,1124,54.71,Right-hand bat,79,28,1,11568.5,27.08,48.2,lf,W,AUS,seam,yes,21.712653061224486,6.680816326530612
