innings,match_balls,inn_balls,bat_team,team_wkts,team_score,team_lead,batter,bowler,bat_position,bat_score,bat_balls,bat_avg,career_bat_balls,bat_sr,bat_arm,bowl_balls,bowl_runs,bowl_wkts,career_bowl_balls,bowl_avg,bowl_sr,bowl_type,outcome,host_country,bowl_class,bat_win_toss,seam_factor,spin_factor
4,1896,298,NZL,5,161,-326,C de Grandhomme,NM Lyon,7,0,0,37.28,1240,84.19,Right-hand bat,74,31,2,24282.1,32.11,63.9,rob,0,AUS,spin,yes,21.712653061224486,6.680816326530612
4,1897,299,NZL,5,161,-326,C de Grandhomme,NM Lyon,7,0,1,37.28,1240,84.19,Right-hand bat,75,31,2,24282.1,32.11,63.9,rob,0,AUS,spin,yes,21.712653061224486,6.680816326530612
4,1898,300,NZL,5,161,-326,C de Grandhomme,NM Lyon,7,0,2,37.28,1240,84.19,Right-hand bat,76,31,2,24282.1,32.11,63.9,rob,0,AUS,spin,yes,21.712653061224486,6.680816326530612
4,1899,301,NZL,5,161,-326,C de Grandhomme,NM Lyon,7,0,3,37.28,1240,84.19,Right-hand bat,77,31,2,24282.1,32.11,63.9,rob,1,AUS,spin,yes,21.712653061224486,6.680816326530612
4,1907,309,NZL,5,170,-317,C de Grandhomme,NM Lyon,7,7,8,37.28,1240,84.19,Right-hand bat,78,32,2,24282.1,32.11,63.9,rob,2,AUS,spin,yes,21.712653061224486,6.680816326530612
4,1908,310,NZL,5,172,-315,C de Grandhomme,NM Lyon,7,9,9,37.28,1240,84.19,Right-hand bat,79,34,2,24282.1,32.11,63.9,rob,0,AUS,spin,yes,21.712653061224486,6.680816326530612
4,1909,311,NZL,5,172,-315,C de Grandhomme,NM Lyon,7,9,10,37.28,1240,84.19,Right-hand bat,80,34,2,24282.1,32.11,63.9,rob,0,AUS,spin,yes,21.712653061224486,6.680816326530612
4,1910,312,NZL,5,172,-315,C de Grandhomme,NM Lyon,7,9,11,37.28,1240,84.19,Right-hand bat,81,34,2,24282.1,32.11,63.9,rob,W,AUS,spin,yes,21.712653061224486,6.680816326530612
