innings,match_balls,inn_balls,bat_team,team_wkts,team_score,team_lead,batter,bowler,bat_position,bat_score,bat_balls,bat_avg,career_bat_balls,bat_sr,bat_arm,bowl_balls,bowl_runs,bowl_wkts,career_bowl_balls,bowl_avg,bowl_sr,bowl_type,outcome,host_country,bowl_class,bat_win_toss,seam_factor,spin_factor
4,2296,541,RSA,5,184,-253,Q de Kock,SCJ Broad,7,5,3,38.77,3812,72.21,Left-hand bat,96,35,0,27792.1,28.66,58,rfm,0,RSA,seam,no,24.280470914127424,5.482686980609418
4,2297,542,RSA,5,184,-253,Q de Kock,SCJ Broad,7,5,4,38.77,3812,72.21,Left-hand bat,97,35,0,27792.1,28.66,58,rfm,0,RSA,seam,no,24.280470914127424,5.482686980609418
4,2298,543,RSA,5,184,-253,Q de Kock,SCJ Broad,7,5,5,38.77,3812,72.21,Left-hand bat,98,35,0,27792.1,28.66,58,rfm,0,RSA,seam,no,24.280470914127424,5.482686980609418
4,2299,544,RSA,5,184,-253,Q de Kock,SCJ Broad,7,5,6,38.77,3812,72.21,Left-hand bat,99,35,0,27792.1,28.66,58,rfm,1,RSA,seam,no,24.280470914127424,5.482686980609418
4,2308,553,RSA,5,186,-251,Q de Kock,SCJ Broad,7,7,9,38.77,3812,72.21,Left-hand bat,102,36,0,27792.1,28.66,58,rfm,0,RSA,seam,no,24.280470914127424,5.482686980609418
4,2309,554,RSA,5,186,-251,Q de Kock,SCJ Broad,7,7,10,38.77,3812,72.21,Left-hand bat,103,36,0,27792.1,28.66,58,rfm,0,RSA,seam,no,24.280470914127424,5.482686980609418
4,2310,555,RSA,5,186,-251,Q de Kock,SCJ Broad,7,7,11,38.77,3812,72.21,Left-hand bat,104,36,0,27792.1,28.66,58,rfm,0,RSA,seam,no,24.280470914127424,5.482686980609418
4,2311,556,RSA,5,186,-251,Q de Kock,SCJ Broad,7,7,12,38.77,3812,72.21,Left-hand bat,105,36,0,27792.1,28.66,58,rfm,0,RSA,seam,no,24.280470914127424,5.482686980609418
4,2312,557,RSA,5,186,-251,Q de Kock,SCJ Broad,7,7,13,38.77,3812,72.21,Left-hand bat,106,36,0,27792.1,28.66,58,rfm,1,RSA,seam,no,24.280470914127424,5.482686980609418
