innings,match_balls,inn_balls,bat_team,team_wkts,team_score,team_lead,batter,bowler,bat_position,bat_score,bat_balls,bat_avg,career_bat_balls,bat_sr,bat_arm,bowl_balls,bowl_runs,bowl_wkts,career_bowl_balls,bowl_avg,bowl_sr,bowl_type,outcome,host_country,bowl_class,bat_win_toss,seam_factor,spin_factor
3,1984,372,IND,3,285,356,V Kohli,K Rabada,5,20,14,53.12,11903,57.12,Right-hand bat,60,26,0,7050.2,22.25,39.8,rf,0,IND,seam,yes,13.551508844953174,33.125910509885536
3,1985,373,IND,3,285,356,V Kohli,K Rabada,5,20,15,53.12,11903,57.12,Right-hand bat,61,26,0,7050.2,22.25,39.8,rf,0,IND,seam,yes,13.551508844953174,33.125910509885536
3,1986,374,IND,3,285,356,V Kohli,K Rabada,5,20,16,53.12,11903,57.12,Right-hand bat,62,26,0,7050.2,22.25,39.8,rf,1,IND,seam,yes,13.551508844953174,33.125910509885536
3,2008,396,IND,4,317,388,V Kohli,K Rabada,5,26,21,53.12,11903,57.12,Right-hand bat,72,35,1,7050.2,22.25,39.8,rf,0,IND,seam,yes,13.551508844953174,33.125910509885536
3,2009,397,IND,4,317,388,V Kohli,K Rabada,5,26,22,53.12,11903,57.12,Right-hand bat,73,35,1,7050.2,22.25,39.8,rf,0,IND,seam,yes,13.551508844953174,33.125910509885536
3,2010,398,IND,4,317,388,V Kohli,K Rabada,5,26,23,53.12,11903,57.12,Right-hand bat,74,35,1,7050.2,22.25,39.8,rf,1,IND,seam,yes,13.551508844953174,33.125910509885536
3,2013,401,IND,4,319,390,V Kohli,K Rabada,5,27,24,53.12,11903,57.12,Right-hand bat,77,37,1,7050.2,22.25,39.8,rf,4,IND,seam,yes,13.551508844953174,33.125910509885536
