innings,match_balls,inn_balls,bat_team,team_wkts,team_score,team_lead,batter,bowler,bat_position,bat_score,bat_balls,bat_avg,career_bat_balls,bat_sr,bat_arm,bowl_balls,bowl_runs,bowl_wkts,career_bowl_balls,bowl_avg,bowl_sr,bowl_type,outcome,host_country,bowl_class,bat_win_toss,seam_factor,spin_factor
3,1021,6,IND,0,5,-178,PP Shaw,TA Boult,1,1,5,66.75,300,89,Right-hand bat,0,0,0,14688,27.84,56.2,lfm,1,NZL,seam,no,21.389999999999997,2.3766666666666665
3,1034,19,IND,0,11,-172,PP Shaw,TA Boult,1,5,11,66.75,300,89,Right-hand bat,7,2,0,14688,27.84,56.2,lfm,0,NZL,seam,no,21.389999999999997,2.3766666666666665
3,1035,20,IND,0,11,-172,PP Shaw,TA Boult,1,5,12,66.75,300,89,Right-hand bat,8,2,0,14688,27.84,56.2,lfm,0,NZL,seam,no,21.389999999999997,2.3766666666666665
3,1036,21,IND,0,11,-172,PP Shaw,TA Boult,1,5,13,66.75,300,89,Right-hand bat,9,2,0,14688,27.84,56.2,lfm,0,NZL,seam,no,21.389999999999997,2.3766666666666665
3,1037,22,IND,0,11,-172,PP Shaw,TA Boult,1,5,14,66.75,300,89,Right-hand bat,10,2,0,14688,27.84,56.2,lfm,1,NZL,seam,no,21.389999999999997,2.3766666666666665
3,1058,43,IND,0,23,-160,PP Shaw,TA Boult,1,10,27,66.75,300,89,Right-hand bat,19,10,0,14688,27.84,56.2,lfm,0,NZL,seam,no,21.389999999999997,2.3766666666666665
3,1059,44,IND,0,23,-160,PP Shaw,TA Boult,1,10,28,66.75,300,89,Right-hand bat,20,10,0,14688,27.84,56.2,lfm,4,NZL,seam,no,21.389999999999997,2.3766666666666665
3,1060,45,IND,0,27,-156,PP Shaw,TA Boult,1,14,29,66.75,300,89,Right-hand bat,21,14,0,14688,27.84,56.2,lfm,W,NZL,seam,no,21.389999999999997,2.3766666666666665
