innings,match_balls,inn_balls,bat_team,team_wkts,team_score,team_lead,batter,bowler,bat_position,bat_score,bat_balls,bat_avg,career_bat_balls,bat_sr,bat_arm,bowl_balls,bowl_runs,bowl_wkts,career_bowl_balls,bowl_avg,bowl_sr,bowl_type,outcome,host_country,bowl_class,bat_win_toss,seam_factor,spin_factor
3,1066,51,IND,1,30,-153,CA Pujara,TG Southee,3,0,2,48.83,12416,46.4,Right-hand bat,27,16,0,16248.1,29.25,58.2,rmf,0,NZL,seam,no,21.389999999999997,2.3766666666666665
3,1067,52,IND,1,30,-153,CA Pujara,TG Southee,3,0,3,48.83,12416,46.4,Right-hand bat,28,16,0,16248.1,29.25,58.2,rmf,0,NZL,seam,no,21.389999999999997,2.3766666666666665
3,1068,53,IND,1,30,-153,CA Pujara,TG Southee,3,0,4,48.83,12416,46.4,Right-hand bat,29,16,0,16248.1,29.25,58.2,rmf,1,NZL,seam,no,21.389999999999997,2.3766666666666665
3,1075,60,IND,1,32,-151,CA Pujara,TG Southee,3,2,9,48.83,12416,46.4,Right-hand bat,30,17,0,16248.1,29.25,58.2,rmf,0,NZL,seam,no,21.389999999999997,2.3766666666666665
3,1076,61,IND,1,32,-151,CA Pujara,TG Southee,3,2,10,48.83,12416,46.4,Right-hand bat,31,17,0,16248.1,29.25,58.2,rmf,0,NZL,seam,no,21.389999999999997,2.3766666666666665
3,1077,62,IND,1,32,-151,CA Pujara,TG Southee,3,2,11,48.83,12416,46.4,Right-hand bat,32,17,0,16248.1,29.25,58.2,rmf,0,NZL,seam,no,21.389999999999997,2.3766666666666665
3,1078,63,IND,1,32,-151,CA Pujara,TG Southee,3,2,12,48.83,12416,46.4,Right-hand bat,33,17,0,16248.1,29.25,58.2,rmf,1,NZL,seam,no,21.389999999999997,2.3766666666666665
3,1080,65,IND,1,36,-147,CA Pujara,TG Southee,3,3,13,48.83,12416,46.4,Right-hand bat,35,21,0,16248.1,29.25,58.2,rmf,0,NZL,seam,no,21.389999999999997,2.3766666666666665
