innings,match_balls,inn_balls,bat_team,team_wkts,team_score,team_lead,batter,bowler,bat_position,bat_score,bat_balls,bat_avg,career_bat_balls,bat_sr,bat_arm,bowl_balls,bowl_runs,bowl_wkts,career_bowl_balls,bowl_avg,bowl_sr,bowl_type,outcome,host_country,bowl_class,bat_win_toss,seam_factor,spin_factor
2,539,128,NZL,1,56,-109,TA Blundell,R Ashwin,2,29,64,48.57,669,50.82,Right-hand bat,2,1,0,19584.2,25.43,53.6,rob,1,NZL,spin,yes,21.389999999999997,2.3766666666666665
2,541,130,NZL,1,60,-105,TA Blundell,R Ashwin,2,30,65,48.57,669,50.82,Right-hand bat,4,5,0,19584.2,25.43,53.6,rob,0,NZL,spin,yes,21.389999999999997,2.3766666666666665
2,542,131,NZL,1,60,-105,TA Blundell,R Ashwin,2,30,66,48.57,669,50.82,Right-hand bat,5,5,0,19584.2,25.43,53.6,rob,0,NZL,spin,yes,21.389999999999997,2.3766666666666665
2,552,141,NZL,1,64,-101,TA Blundell,R Ashwin,2,30,72,48.57,669,50.82,Right-hand bat,9,6,0,19584.2,25.43,53.6,rob,0,NZL,spin,yes,21.389999999999997,2.3766666666666665
2,553,142,NZL,1,64,-101,TA Blundell,R Ashwin,2,30,73,48.57,669,50.82,Right-hand bat,10,6,0,19584.2,25.43,53.6,rob,0,NZL,spin,yes,21.389999999999997,2.3766666666666665
2,554,143,NZL,1,64,-101,TA Blundell,R Ashwin,2,30,74,48.57,669,50.82,Right-hand bat,11,6,0,19584.2,25.43,53.6,rob,0,NZL,spin,yes,21.389999999999997,2.3766666666666665
2,561,150,NZL,1,70,-95,TA Blundell,R Ashwin,2,30,75,48.57,669,50.82,Right-hand bat,12,6,0,19584.2,25.43,53.6,rob,0,NZL,spin,yes,21.389999999999997,2.3766666666666665
2,562,151,NZL,1,70,-95,TA Blundell,R Ashwin,2,30,76,48.57,669,50.82,Right-hand bat,13,6,0,19584.2,25.43,53.6,rob,1b,NZL,spin,yes,21.389999999999997,2.3766666666666665
