innings,match_balls,inn_balls,bat_team,team_wkts,team_score,team_lead,batter,bowler,bat_position,bat_score,bat_balls,bat_avg,career_bat_balls,bat_sr,bat_arm,bowl_balls,bowl_runs,bowl_wkts,career_bowl_balls,bowl_avg,bowl_sr,bowl_type,outcome,host_country,bowl_class,bat_win_toss,seam_factor,spin_factor
3,1435,404,IND,3,171,246,V Kohli,ML Cummins,4,42,95,53.38,11674,57.16,Right-hand bat,14,6,0,1974.2,40.14,73.1,rfm,1,WIN,seam,no,20.37837837837838,5.621621621621622
3,1437,406,IND,3,173,248,V Kohli,ML Cummins,4,43,96,53.38,11674,57.16,Right-hand bat,16,8,0,1974.2,40.14,73.1,rfm,1,WIN,seam,no,20.37837837837838,5.621621621621622
3,1451,420,IND,3,176,251,V Kohli,ML Cummins,4,46,103,53.38,11674,57.16,Right-hand bat,18,9,0,1974.2,40.14,73.1,rfm,0,WIN,seam,no,20.37837837837838,5.621621621621622
3,1452,421,IND,3,176,251,V Kohli,ML Cummins,4,46,104,53.38,11674,57.16,Right-hand bat,19,9,0,1974.2,40.14,73.1,rfm,4,WIN,seam,no,20.37837837837838,5.621621621621622
3,1453,422,IND,3,180,255,V Kohli,ML Cummins,4,50,105,53.38,11674,57.16,Right-hand bat,20,13,0,1974.2,40.14,73.1,rfm,0,WIN,seam,no,20.37837837837838,5.621621621621622
3,1454,423,IND,3,180,255,V Kohli,ML Cummins,4,50,106,53.38,11674,57.16,Right-hand bat,21,13,0,1974.2,40.14,73.1,rfm,1,WIN,seam,no,20.37837837837838,5.621621621621622
3,1456,425,IND,3,182,257,V Kohli,ML Cummins,4,51,107,53.38,11674,57.16,Right-hand bat,23,15,0,1974.2,40.14,73.1,rfm,0,WIN,seam,no,20.37837837837838,5.621621621621622
