innings,match_balls,inn_balls,bat_team,team_wkts,team_score,team_lead,batter,bowler,bat_position,bat_score,bat_balls,bat_avg,career_bat_balls,bat_sr,bat_arm,bowl_balls,bowl_runs,bowl_wkts,career_bowl_balls,bowl_avg,bowl_sr,bowl_type,outcome,host_country,bowl_class,bat_win_toss,seam_factor,spin_factor
4,1755,49,WIN,5,15,-403,RL Chase,I Sharma,7,0,0,32.96,3459,48.59,Right-hand bat,25,8,2,17352.5,33.56,63.1,rfm,4,WIN,seam,yes,20.37837837837838,5.621621621621622
4,1756,50,WIN,5,19,-399,RL Chase,I Sharma,7,4,1,32.96,3459,48.59,Right-hand bat,26,12,2,17352.5,33.56,63.1,rfm,0,WIN,seam,yes,20.37837837837838,5.621621621621622
4,1757,51,WIN,5,19,-399,RL Chase,I Sharma,7,4,2,32.96,3459,48.59,Right-hand bat,27,12,2,17352.5,33.56,63.1,rfm,0,WIN,seam,yes,20.37837837837838,5.621621621621622
4,1758,52,WIN,5,19,-399,RL Chase,I Sharma,7,4,3,32.96,3459,48.59,Right-hand bat,28,12,2,17352.5,33.56,63.1,rfm,2,WIN,seam,yes,20.37837837837838,5.621621621621622
4,1759,53,WIN,5,21,-397,RL Chase,I Sharma,7,6,4,32.96,3459,48.59,Right-hand bat,29,14,2,17352.5,33.56,63.1,rfm,0,WIN,seam,yes,20.37837837837838,5.621621621621622
4,1760,54,WIN,5,21,-397,RL Chase,I Sharma,7,6,5,32.96,3459,48.59,Right-hand bat,30,14,2,17352.5,33.56,63.1,rfm,4lb,WIN,seam,yes,20.37837837837838,5.621621621621622
4,1784,78,WIN,6,29,-389,RL Chase,I Sharma,7,6,12,32.96,3459,48.59,Right-hand bat,42,16,2,17352.5,33.56,63.1,rfm,0,WIN,seam,yes,20.37837837837838,5.621621621621622
4,1816,110,WIN,7,47,-371,RL Chase,I Sharma,7,11,26,32.96,3459,48.59,Right-hand bat,44,17,2,17352.5,33.56,63.1,rfm,0,WIN,seam,yes,20.37837837837838,5.621621621621622
4,1817,111,WIN,7,47,-371,RL Chase,I Sharma,7,11,27,32.96,3459,48.59,Right-hand bat,45,17,2,17352.5,33.56,63.1,rfm,1,WIN,seam,yes,20.37837837837838,5.621621621621622
