innings,match_balls,inn_balls,bat_team,team_wkts,team_score,team_lead,batter,bowler,bat_position,bat_score,bat_balls,bat_avg,career_bat_balls,bat_sr,bat_arm,bowl_balls,bowl_runs,bowl_wkts,career_bowl_balls,bowl_avg,bowl_sr,bowl_type,outcome,host_country,bowl_class,bat_win_toss,seam_factor,spin_factor
1,865,865,IND,9,498,498,I Sharma,SR Clark,11,10,21,21.5,115,37.39,Right-hand bat,170,88,0,3390.4,21.88,49.9,rfm,0,AUS,seam,yes,39.11934156378601,13.039780521262003
1,866,866,IND,9,498,498,I Sharma,SR Clark,11,10,22,21.5,115,37.39,Right-hand bat,171,88,0,3390.4,21.88,49.9,rfm,0,AUS,seam,yes,39.11934156378601,13.039780521262003
1,867,867,IND,9,498,498,I Sharma,SR Clark,11,10,23,21.5,115,37.39,Right-hand bat,172,88,0,3390.4,21.88,49.9,rfm,0,AUS,seam,yes,39.11934156378601,13.039780521262003
1,868,868,IND,9,498,498,I Sharma,SR Clark,11,10,24,21.5,115,37.39,Right-hand bat,173,88,0,3390.4,21.88,49.9,rfm,0,AUS,seam,yes,39.11934156378601,13.039780521262003
1,879,879,IND,9,507,507,I Sharma,SR Clark,11,10,28,21.5,115,37.39,Right-hand bat,177,91,0,3390.4,21.88,49.9,rfm,0,AUS,seam,yes,39.11934156378601,13.039780521262003
1,880,880,IND,9,507,507,I Sharma,SR Clark,11,10,29,21.5,115,37.39,Right-hand bat,178,91,0,3390.4,21.88,49.9,rfm,0,AUS,seam,yes,39.11934156378601,13.039780521262003
1,881,881,IND,9,507,507,I Sharma,SR Clark,11,10,30,21.5,115,37.39,Right-hand bat,179,91,0,3390.4,21.88,49.9,rfm,0,AUS,seam,yes,39.11934156378601,13.039780521262003
1,892,892,IND,9,515,515,I Sharma,SR Clark,11,12,33,21.5,115,37.39,Right-hand bat,184,92,0,3390.4,21.88,49.9,rfm,0,AUS,seam,yes,39.11934156378601,13.039780521262003
1,893,893,IND,9,515,515,I Sharma,SR Clark,11,12,34,21.5,115,37.39,Right-hand bat,185,92,0,3390.4,21.88,49.9,rfm,0,AUS,seam,yes,39.11934156378601,13.039780521262003
