innings,match_balls,inn_balls,bat_team,team_wkts,team_score,team_lead,batter,bowler,bat_position,bat_score,bat_balls,bat_avg,career_bat_balls,bat_sr,bat_arm,bowl_balls,bowl_runs,bowl_wkts,career_bowl_balls,bowl_avg,bowl_sr,bowl_type,outcome,host_country,bowl_class,bat_win_toss,seam_factor,spin_factor
2,1138,186,RSA,4,86,-507,AB de Villiers,SCJ Broad,6,3,5,39.59,4854,53.83,Right-hand bat,48,35,1,1566,45.33,87,rfm,0,ENG,seam,yes,36.3469387755102,22.367346938775512
2,1139,187,RSA,4,86,-507,AB de Villiers,SCJ Broad,6,3,6,39.59,4854,53.83,Right-hand bat,49,35,1,1566,45.33,87,rfm,0,ENG,seam,yes,36.3469387755102,22.367346938775512
2,1140,188,RSA,4,86,-507,AB de Villiers,SCJ Broad,6,3,7,39.59,4854,53.83,Right-hand bat,50,35,1,1566,45.33,87,rfm,0,ENG,seam,yes,36.3469387755102,22.367346938775512
2,1141,189,RSA,4,86,-507,AB de Villiers,SCJ Broad,6,3,8,39.59,4854,53.83,Right-hand bat,51,35,1,1566,45.33,87,rfm,0,ENG,seam,yes,36.3469387755102,22.367346938775512
2,1142,190,RSA,4,86,-507,AB de Villiers,SCJ Broad,6,3,9,39.59,4854,53.83,Right-hand bat,52,35,1,1566,45.33,87,rfm,0,ENG,seam,yes,36.3469387755102,22.367346938775512
2,1143,191,RSA,4,86,-507,AB de Villiers,SCJ Broad,6,3,10,39.59,4854,53.83,Right-hand bat,53,35,1,1566,45.33,87,rfm,1wd,ENG,seam,yes,36.3469387755102,22.367346938775512
2,1144,192,RSA,4,87,-506,AB de Villiers,SCJ Broad,6,3,10,39.59,4854,53.83,Right-hand bat,54,36,1,1566,45.33,87,rfm,0,ENG,seam,yes,36.3469387755102,22.367346938775512
2,1151,199,RSA,4,91,-502,AB de Villiers,SCJ Broad,6,3,11,39.59,4854,53.83,Right-hand bat,55,36,1,1566,45.33,87,rfm,0,ENG,seam,yes,36.3469387755102,22.367346938775512
2,1152,200,RSA,4,91,-502,AB de Villiers,SCJ Broad,6,3,12,39.59,4854,53.83,Right-hand bat,56,36,1,1566,45.33,87,rfm,0,ENG,seam,yes,36.3469387755102,22.367346938775512
2,1153,201,RSA,4,91,-502,AB de Villiers,SCJ Broad,6,3,13,39.59,4854,53.83,Right-hand bat,57,36,1,1566,45.33,87,rfm,0,ENG,seam,yes,36.3469387755102,22.367346938775512
2,1154,202,RSA,4,91,-502,AB de Villiers,SCJ Broad,6,3,14,39.59,4854,53.83,Right-hand bat,58,36,1,1566,45.33,87,rfm,0,ENG,seam,yes,36.3469387755102,22.367346938775512
2,1155,203,RSA,4,91,-502,AB de Villiers,SCJ Broad,6,3,15,39.59,4854,53.83,Right-hand bat,59,36,1,1566,45.33,87,rfm,0,ENG,seam,yes,36.3469387755102,22.367346938775512
2,1156,204,RSA,4,91,-502,AB de Villiers,SCJ Broad,6,3,16,39.59,4854,53.83,Right-hand bat,60,36,1,1566,45.33,87,rfm,1,ENG,seam,yes,36.3469387755102,22.367346938775512
