innings,match_balls,inn_balls,bat_team,team_wkts,team_score,team_lead,batter,bowler,bat_position,bat_score,bat_balls,bat_avg,career_bat_balls,bat_sr,bat_arm,bowl_balls,bowl_runs,bowl_wkts,career_bowl_balls,bowl_avg,bowl_sr,bowl_type,outcome,host_country,bowl_class,bat_win_toss,seam_factor,spin_factor
1,90,90,WIN,5,42,42,D Ramdin,SM Pollock,7,5,3,23.22,1751,46.43,Right-hand bat,30,12,2,24348.5,23.11,57.8,rfm,0,RSA,seam,no,38.65277777777778,1.7569444444444444
1,91,91,WIN,5,42,42,D Ramdin,SM Pollock,7,5,4,23.22,1751,46.43,Right-hand bat,31,12,2,24348.5,23.11,57.8,rfm,0,RSA,seam,no,38.65277777777778,1.7569444444444444
1,92,92,WIN,5,42,42,D Ramdin,SM Pollock,7,5,5,23.22,1751,46.43,Right-hand bat,32,12,2,24348.5,23.11,57.8,rfm,0,RSA,seam,no,38.65277777777778,1.7569444444444444
1,93,93,WIN,5,42,42,D Ramdin,SM Pollock,7,5,6,23.22,1751,46.43,Right-hand bat,33,12,2,24348.5,23.11,57.8,rfm,0,RSA,seam,no,38.65277777777778,1.7569444444444444
1,94,94,WIN,5,42,42,D Ramdin,SM Pollock,7,5,7,23.22,1751,46.43,Right-hand bat,34,12,2,24348.5,23.11,57.8,rfm,0,RSA,seam,no,38.65277777777778,1.7569444444444444
1,95,95,WIN,5,42,42,D Ramdin,SM Pollock,7,5,8,23.22,1751,46.43,Right-hand bat,35,12,2,24348.5,23.11,57.8,rfm,4,RSA,seam,no,38.65277777777778,1.7569444444444444
1,105,105,WIN,5,52,52,D Ramdin,SM Pollock,7,13,11,23.22,1751,46.43,Right-hand bat,39,17,2,24348.5,23.11,57.8,rfm,4,RSA,seam,no,38.65277777777778,1.7569444444444444
1,106,106,WIN,5,56,56,D Ramdin,SM Pollock,7,17,12,23.22,1751,46.43,Right-hand bat,40,21,2,24348.5,23.11,57.8,rfm,1,RSA,seam,no,38.65277777777778,1.7569444444444444
