innings,match_balls,inn_balls,bat_team,team_wkts,team_score,team_lead,batter,bowler,bat_position,bat_score,bat_balls,bat_avg,career_bat_balls,bat_sr,bat_arm,bowl_balls,bowl_runs,bowl_wkts,career_bowl_balls,bowl_avg,bowl_sr,bowl_type,outcome,host_country,bowl_class,bat_win_toss,seam_factor,spin_factor
1,241,241,NZL,2,113,113,MS Sinclair,MS Panesar,4,0,9,34.08,3517,43.61,Right-hand bat,55,19,0,5718.3,33,67.3,lo,0,NZL,spin,yes,19.615384615384617,8.717948717948717
1,242,242,NZL,2,113,113,MS Sinclair,MS Panesar,4,0,10,34.08,3517,43.61,Right-hand bat,56,19,0,5718.3,33,67.3,lo,0,NZL,spin,yes,19.615384615384617,8.717948717948717
1,243,243,NZL,2,113,113,MS Sinclair,MS Panesar,4,0,11,34.08,3517,43.61,Right-hand bat,57,19,0,5718.3,33,67.3,lo,1,NZL,spin,yes,19.615384615384617,8.717948717948717
1,253,253,NZL,2,115,115,MS Sinclair,MS Panesar,4,1,18,34.08,3517,43.61,Right-hand bat,61,21,0,5718.3,33,67.3,lo,0,NZL,spin,yes,19.615384615384617,8.717948717948717
1,254,254,NZL,2,115,115,MS Sinclair,MS Panesar,4,1,19,34.08,3517,43.61,Right-hand bat,62,21,0,5718.3,33,67.3,lo,0,NZL,spin,yes,19.615384615384617,8.717948717948717
1,255,255,NZL,2,115,115,MS Sinclair,MS Panesar,4,1,20,34.08,3517,43.61,Right-hand bat,63,21,0,5718.3,33,67.3,lo,0,NZL,spin,yes,19.615384615384617,8.717948717948717
1,256,256,NZL,2,115,115,MS Sinclair,MS Panesar,4,1,21,34.08,3517,43.61,Right-hand bat,64,21,0,5718.3,33,67.3,lo,2,NZL,spin,yes,19.615384615384617,8.717948717948717
1,257,257,NZL,2,117,117,MS Sinclair,MS Panesar,4,3,22,34.08,3517,43.61,Right-hand bat,65,23,0,5718.3,33,67.3,lo,0,NZL,spin,yes,19.615384615384617,8.717948717948717
1,268,268,NZL,2,127,127,MS Sinclair,MS Panesar,4,7,28,34.08,3517,43.61,Right-hand bat,70,28,0,5718.3,33,67.3,lo,1,NZL,spin,yes,19.615384615384617,8.717948717948717
