innings,match_balls,inn_balls,bat_team,team_wkts,team_score,team_lead,batter,bowler,bat_position,bat_score,bat_balls,bat_avg,career_bat_balls,bat_sr,bat_arm,bowl_balls,bowl_runs,bowl_wkts,career_bowl_balls,bowl_avg,bowl_sr,bowl_type,outcome,host_country,bowl_class,bat_win_toss,seam_factor,spin_factor
2,1386,551,ENG,4,188,-282,IR Bell,CS Martin,6,14,61,43.18,4712,50.4,Right-hand bat,108,40,2,7212,31.93,55.4,rfm,0,NZL,seam,no,19.615384615384617,8.717948717948717
2,1387,552,ENG,4,188,-282,IR Bell,CS Martin,6,14,62,43.18,4712,50.4,Right-hand bat,109,40,2,7212,31.93,55.4,rfm,0,NZL,seam,no,19.615384615384617,8.717948717948717
2,1388,553,ENG,4,188,-282,IR Bell,CS Martin,6,14,63,43.18,4712,50.4,Right-hand bat,110,40,2,7212,31.93,55.4,rfm,1,NZL,seam,no,19.615384615384617,8.717948717948717
2,1391,556,ENG,4,190,-280,IR Bell,CS Martin,6,15,64,43.18,4712,50.4,Right-hand bat,113,42,2,7212,31.93,55.4,rfm,0,NZL,seam,no,19.615384615384617,8.717948717948717
2,1398,563,ENG,4,192,-278,IR Bell,CS Martin,6,16,70,43.18,4712,50.4,Right-hand bat,114,42,2,7212,31.93,55.4,rfm,0,NZL,seam,no,19.615384615384617,8.717948717948717
2,1399,564,ENG,4,192,-278,IR Bell,CS Martin,6,16,71,43.18,4712,50.4,Right-hand bat,115,42,2,7212,31.93,55.4,rfm,0,NZL,seam,no,19.615384615384617,8.717948717948717
2,1400,565,ENG,4,192,-278,IR Bell,CS Martin,6,16,72,43.18,4712,50.4,Right-hand bat,116,42,2,7212,31.93,55.4,rfm,4,NZL,seam,no,19.615384615384617,8.717948717948717
2,1401,566,ENG,4,196,-274,IR Bell,CS Martin,6,20,73,43.18,4712,50.4,Right-hand bat,117,46,2,7212,31.93,55.4,rfm,0,NZL,seam,no,19.615384615384617,8.717948717948717
2,1402,567,ENG,4,196,-274,IR Bell,CS Martin,6,20,74,43.18,4712,50.4,Right-hand bat,118,46,2,7212,31.93,55.4,rfm,0,NZL,seam,no,19.615384615384617,8.717948717948717
2,1403,568,ENG,4,196,-274,IR Bell,CS Martin,6,20,75,43.18,4712,50.4,Right-hand bat,119,46,2,7212,31.93,55.4,rfm,0,NZL,seam,no,19.615384615384617,8.717948717948717
