innings,match_balls,inn_balls,bat_team,team_wkts,team_score,team_lead,batter,bowler,bat_position,bat_score,bat_balls,bat_avg,career_bat_balls,bat_sr,bat_arm,bowl_balls,bowl_runs,bowl_wkts,career_bowl_balls,bowl_avg,bowl_sr,bowl_type,outcome,host_country,bowl_class,bat_win_toss,seam_factor,spin_factor
4,2468,475,WIN,5,219,-217,RO Hinds,M Muralitharan,7,4,7,24.11,972,42.18,Left-hand bat,194,71,1,39708.4,21.9,54.4,rob,0,WIN,spin,no,24.61469387755102,12.842448979591836
4,2469,476,WIN,5,219,-217,RO Hinds,M Muralitharan,7,4,8,24.11,972,42.18,Left-hand bat,195,71,1,39708.4,21.9,54.4,rob,0,WIN,spin,no,24.61469387755102,12.842448979591836
4,2470,477,WIN,5,219,-217,RO Hinds,M Muralitharan,7,4,9,24.11,972,42.18,Left-hand bat,196,71,1,39708.4,21.9,54.4,rob,0,WIN,spin,no,24.61469387755102,12.842448979591836
4,2471,478,WIN,5,219,-217,RO Hinds,M Muralitharan,7,4,10,24.11,972,42.18,Left-hand bat,197,71,1,39708.4,21.9,54.4,rob,0,WIN,spin,no,24.61469387755102,12.842448979591836
4,2472,479,WIN,5,219,-217,RO Hinds,M Muralitharan,7,4,11,24.11,972,42.18,Left-hand bat,198,71,1,39708.4,21.9,54.4,rob,0,WIN,spin,no,24.61469387755102,12.842448979591836
4,2491,498,WIN,5,229,-207,RO Hinds,M Muralitharan,7,10,17,24.11,972,42.18,Left-hand bat,205,73,1,39708.4,21.9,54.4,rob,0,WIN,spin,no,24.61469387755102,12.842448979591836
4,2492,499,WIN,5,229,-207,RO Hinds,M Muralitharan,7,10,18,24.11,972,42.18,Left-hand bat,206,73,1,39708.4,21.9,54.4,rob,0,WIN,spin,no,24.61469387755102,12.842448979591836
4,2493,500,WIN,5,229,-207,RO Hinds,M Muralitharan,7,10,19,24.11,972,42.18,Left-hand bat,207,73,1,39708.4,21.9,54.4,rob,0,WIN,spin,no,24.61469387755102,12.842448979591836
4,2494,501,WIN,5,229,-207,RO Hinds,M Muralitharan,7,10,20,24.11,972,42.18,Left-hand bat,208,73,1,39708.4,21.9,54.4,rob,W,WIN,spin,no,24.61469387755102,12.842448979591836
