innings,match_balls,inn_balls,bat_team,team_wkts,team_score,team_lead,batter,bowler,bat_position,bat_score,bat_balls,bat_avg,career_bat_balls,bat_sr,bat_arm,bowl_balls,bowl_runs,bowl_wkts,career_bowl_balls,bowl_avg,bowl_sr,bowl_type,outcome,host_country,bowl_class,bat_win_toss,seam_factor,spin_factor
1,160,160,SRL,3,94,94,TT Samaraweera,JE Taylor,5,0,0,41.98,5422,42.58,Right-hand bat,32,30,0,3204.1,35.41,58.2,rf,4,WIN,seam,no,25.551903114186853,6.624567474048443
1,161,161,SRL,3,98,98,TT Samaraweera,JE Taylor,5,4,1,41.98,5422,42.58,Right-hand bat,33,34,0,3204.1,35.41,58.2,rf,2,WIN,seam,no,25.551903114186853,6.624567474048443
1,162,162,SRL,3,100,100,TT Samaraweera,JE Taylor,5,6,2,41.98,5422,42.58,Right-hand bat,34,36,0,3204.1,35.41,58.2,rf,0,WIN,seam,no,25.551903114186853,6.624567474048443
1,163,163,SRL,3,100,100,TT Samaraweera,JE Taylor,5,6,3,41.98,5422,42.58,Right-hand bat,35,36,0,3204.1,35.41,58.2,rf,0,WIN,seam,no,25.551903114186853,6.624567474048443
1,170,170,SRL,3,112,112,TT Samaraweera,JE Taylor,5,6,4,41.98,5422,42.58,Right-hand bat,36,36,0,3204.1,35.41,58.2,rf,0,WIN,seam,no,25.551903114186853,6.624567474048443
1,171,171,SRL,3,112,112,TT Samaraweera,JE Taylor,5,6,5,41.98,5422,42.58,Right-hand bat,37,36,0,3204.1,35.41,58.2,rf,0,WIN,seam,no,25.551903114186853,6.624567474048443
1,172,172,SRL,3,112,112,TT Samaraweera,JE Taylor,5,6,6,41.98,5422,42.58,Right-hand bat,38,36,0,3204.1,35.41,58.2,rf,0,WIN,seam,no,25.551903114186853,6.624567474048443
1,173,173,SRL,3,112,112,TT Samaraweera,JE Taylor,5,6,7,41.98,5422,42.58,Right-hand bat,39,36,0,3204.1,35.41,58.2,rf,0,WIN,seam,no,25.551903114186853,6.624567474048443
1,174,174,SRL,3,112,112,TT Samaraweera,JE Taylor,5,6,8,41.98,5422,42.58,Right-hand bat,40,36,0,3204.1,35.41,58.2,rf,W,WIN,seam,no,25.551903114186853,6.624567474048443
