innings,match_balls,inn_balls,bat_team,team_wkts,team_score,team_lead,batter,bowler,bat_position,bat_score,bat_balls,bat_avg,career_bat_balls,bat_sr,bat_arm,bowl_balls,bowl_runs,bowl_wkts,career_bowl_balls,bowl_avg,bowl_sr,bowl_type,outcome,host_country,bowl_class,bat_win_toss,seam_factor,spin_factor
1,175,175,AUS,1,80,80,RT Ponting,FH Edwards,3,31,47,58.72,17010,59.03,Right-hand bat,48,24,0,5586,41.17,61.3,rf,0,WIN,seam,yes,42.76147959183674,5.1313775510204085
1,176,176,AUS,1,80,80,RT Ponting,FH Edwards,3,31,48,58.72,17010,59.03,Right-hand bat,49,24,0,5586,41.17,61.3,rf,0,WIN,seam,yes,42.76147959183674,5.1313775510204085
1,177,177,AUS,1,80,80,RT Ponting,FH Edwards,3,31,49,58.72,17010,59.03,Right-hand bat,50,24,0,5586,41.17,61.3,rf,0,WIN,seam,yes,42.76147959183674,5.1313775510204085
1,178,178,AUS,1,80,80,RT Ponting,FH Edwards,3,31,50,58.72,17010,59.03,Right-hand bat,51,24,0,5586,41.17,61.3,rf,0,WIN,seam,yes,42.76147959183674,5.1313775510204085
1,179,179,AUS,1,80,80,RT Ponting,FH Edwards,3,31,51,58.72,17010,59.03,Right-hand bat,52,24,0,5586,41.17,61.3,rf,0,WIN,seam,yes,42.76147959183674,5.1313775510204085
1,180,180,AUS,1,80,80,RT Ponting,FH Edwards,3,31,52,58.72,17010,59.03,Right-hand bat,53,24,0,5586,41.17,61.3,rf,2,WIN,seam,yes,42.76147959183674,5.1313775510204085
1,202,202,AUS,1,92,92,RT Ponting,FH Edwards,3,36,61,58.72,17010,59.03,Right-hand bat,63,31,0,5586,41.17,61.3,rf,0,WIN,seam,yes,42.76147959183674,5.1313775510204085
1,203,203,AUS,1,92,92,RT Ponting,FH Edwards,3,36,62,58.72,17010,59.03,Right-hand bat,64,31,0,5586,41.17,61.3,rf,0,WIN,seam,yes,42.76147959183674,5.1313775510204085
1,204,204,AUS,1,92,92,RT Ponting,FH Edwards,3,36,63,58.72,17010,59.03,Right-hand bat,65,31,0,5586,41.17,61.3,rf,0,WIN,seam,yes,42.76147959183674,5.1313775510204085
