innings,match_balls,inn_balls,bat_team,team_wkts,team_score,team_lead,batter,bowler,bat_position,bat_score,bat_balls,bat_avg,career_bat_balls,bat_sr,bat_arm,bowl_balls,bowl_runs,bowl_wkts,career_bowl_balls,bowl_avg,bowl_sr,bowl_type,outcome,host_country,bowl_class,bat_win_toss,seam_factor,spin_factor
4,1935,70,WIN,2,19,-352,RS Morton,SR Clark,4,0,0,22.03,1192,48.07,Right-hand bat,33,9,1,3816.4,21.29,49.6,rfm,0,WIN,seam,no,42.76147959183674,5.1313775510204085
4,1936,71,WIN,2,19,-352,RS Morton,SR Clark,4,0,1,22.03,1192,48.07,Right-hand bat,34,9,1,3816.4,21.29,49.6,rfm,0,WIN,seam,no,42.76147959183674,5.1313775510204085
4,1937,72,WIN,2,19,-352,RS Morton,SR Clark,4,0,2,22.03,1192,48.07,Right-hand bat,35,9,1,3816.4,21.29,49.6,rfm,0,WIN,seam,no,42.76147959183674,5.1313775510204085
4,2016,151,WIN,2,73,-298,RS Morton,SR Clark,4,14,35,22.03,1192,48.07,Right-hand bat,36,9,1,3816.4,21.29,49.6,rfm,0,WIN,seam,no,42.76147959183674,5.1313775510204085
4,2017,152,WIN,2,73,-298,RS Morton,SR Clark,4,14,36,22.03,1192,48.07,Right-hand bat,37,9,1,3816.4,21.29,49.6,rfm,0,WIN,seam,no,42.76147959183674,5.1313775510204085
4,2018,153,WIN,2,73,-298,RS Morton,SR Clark,4,14,37,22.03,1192,48.07,Right-hand bat,38,9,1,3816.4,21.29,49.6,rfm,0,WIN,seam,no,42.76147959183674,5.1313775510204085
4,2019,154,WIN,2,73,-298,RS Morton,SR Clark,4,14,38,22.03,1192,48.07,Right-hand bat,39,9,1,3816.4,21.29,49.6,rfm,0,WIN,seam,no,42.76147959183674,5.1313775510204085
4,2020,155,WIN,2,73,-298,RS Morton,SR Clark,4,14,39,22.03,1192,48.07,Right-hand bat,40,9,1,3816.4,21.29,49.6,rfm,0,WIN,seam,no,42.76147959183674,5.1313775510204085
4,2021,156,WIN,2,73,-298,RS Morton,SR Clark,4,14,40,22.03,1192,48.07,Right-hand bat,41,9,1,3816.4,21.29,49.6,rfm,0,WIN,seam,no,42.76147959183674,5.1313775510204085
