innings,match_balls,inn_balls,bat_team,team_wkts,team_score,team_lead,batter,bowler,bat_position,bat_score,bat_balls,bat_avg,career_bat_balls,bat_sr,bat_arm,bowl_balls,bowl_runs,bowl_wkts,career_bowl_balls,bowl_avg,bowl_sr,bowl_type,outcome,host_country,bowl_class,bat_win_toss,seam_factor,spin_factor
4,2254,389,WIN,3,164,-207,RR Sarwan,A Symonds,3,101,187,40.55,10657,45.28,Right-hand bat,10,2,0,1848,37.09,84,NA,0,WIN,seam,no,42.76147959183674,5.1313775510204085
4,2255,390,WIN,3,164,-207,RR Sarwan,A Symonds,3,101,188,40.55,10657,45.28,Right-hand bat,11,2,0,1848,37.09,84,NA,0,WIN,seam,no,42.76147959183674,5.1313775510204085
4,2262,397,WIN,3,170,-201,RR Sarwan,A Symonds,3,102,190,40.55,10657,45.28,Right-hand bat,12,2,0,1848,37.09,84,NA,0,WIN,seam,no,42.76147959183674,5.1313775510204085
4,2263,398,WIN,3,170,-201,RR Sarwan,A Symonds,3,102,191,40.55,10657,45.28,Right-hand bat,13,2,0,1848,37.09,84,NA,0,WIN,seam,no,42.76147959183674,5.1313775510204085
4,2264,399,WIN,3,170,-201,RR Sarwan,A Symonds,3,102,192,40.55,10657,45.28,Right-hand bat,14,2,0,1848,37.09,84,NA,0,WIN,seam,no,42.76147959183674,5.1313775510204085
4,2265,400,WIN,3,170,-201,RR Sarwan,A Symonds,3,102,193,40.55,10657,45.28,Right-hand bat,15,2,0,1848,37.09,84,NA,4,WIN,seam,no,42.76147959183674,5.1313775510204085
4,2266,401,WIN,3,174,-197,RR Sarwan,A Symonds,3,106,194,40.55,10657,45.28,Right-hand bat,16,6,0,1848,37.09,84,NA,0,WIN,seam,no,42.76147959183674,5.1313775510204085
4,2267,402,WIN,3,174,-197,RR Sarwan,A Symonds,3,106,195,40.55,10657,45.28,Right-hand bat,17,6,0,1848,37.09,84,NA,4,WIN,seam,no,42.76147959183674,5.1313775510204085
