innings,match_balls,inn_balls,bat_team,team_wkts,team_score,team_lead,batter,bowler,bat_position,bat_score,bat_balls,bat_avg,career_bat_balls,bat_sr,bat_arm,bowl_balls,bowl_runs,bowl_wkts,career_bowl_balls,bowl_avg,bowl_sr,bowl_type,outcome,host_country,bowl_class,bat_win_toss,seam_factor,spin_factor
2,678,554,RSA,4,302,226,AB de Villiers,SC Ganguly,6,98,171,40.3,4669,54.37,Right-hand bat,0,0,0,3048.2,51.31,95.3,rm,0,IND,seam,no,25.868312757201647,7.390946502057613
2,679,555,RSA,4,302,226,AB de Villiers,SC Ganguly,6,98,172,40.3,4669,54.37,Right-hand bat,1,0,0,3048.2,51.31,95.3,rm,0,IND,seam,no,25.868312757201647,7.390946502057613
2,680,556,RSA,4,302,226,AB de Villiers,SC Ganguly,6,98,173,40.3,4669,54.37,Right-hand bat,2,0,0,3048.2,51.31,95.3,rm,4,IND,seam,no,25.868312757201647,7.390946502057613
2,681,557,RSA,4,306,230,AB de Villiers,SC Ganguly,6,102,174,40.3,4669,54.37,Right-hand bat,3,4,0,3048.2,51.31,95.3,rm,0,IND,seam,no,25.868312757201647,7.390946502057613
2,682,558,RSA,4,306,230,AB de Villiers,SC Ganguly,6,102,175,40.3,4669,54.37,Right-hand bat,4,4,0,3048.2,51.31,95.3,rm,0,IND,seam,no,25.868312757201647,7.390946502057613
2,683,559,RSA,4,306,230,AB de Villiers,SC Ganguly,6,102,176,40.3,4669,54.37,Right-hand bat,5,4,0,3048.2,51.31,95.3,rm,0,IND,seam,no,25.868312757201647,7.390946502057613
2,702,578,RSA,4,314,238,AB de Villiers,SC Ganguly,6,104,182,40.3,4669,54.37,Right-hand bat,12,8,0,3048.2,51.31,95.3,rm,1,IND,seam,no,25.868312757201647,7.390946502057613
2,706,582,RSA,4,318,242,AB de Villiers,SC Ganguly,6,105,183,40.3,4669,54.37,Right-hand bat,16,12,0,3048.2,51.31,95.3,rm,0,IND,seam,no,25.868312757201647,7.390946502057613
2,707,583,RSA,4,318,242,AB de Villiers,SC Ganguly,6,105,184,40.3,4669,54.37,Right-hand bat,17,12,0,3048.2,51.31,95.3,rm,0,IND,seam,no,25.868312757201647,7.390946502057613
