innings,match_balls,inn_balls,bat_team,team_wkts,team_score,team_lead,batter,bowler,bat_position,bat_score,bat_balls,bat_avg,career_bat_balls,bat_sr,bat_arm,bowl_balls,bowl_runs,bowl_wkts,career_bowl_balls,bowl_avg,bowl_sr,bowl_type,outcome,host_country,bowl_class,bat_win_toss,seam_factor,spin_factor
2,781,3,AUS,1,0,-469,RT Ponting,Z Khan,2,0,0,57.88,17414,58.83,Right-hand bat,3,0,1,11478.5,33.65,61,lfm,0,IND,seam,no,19.45087235996327,18.306703397612488
2,782,4,AUS,1,0,-469,RT Ponting,Z Khan,2,0,1,57.88,17414,58.83,Right-hand bat,4,0,1,11478.5,33.65,61,lfm,0,IND,seam,no,19.45087235996327,18.306703397612488
2,783,5,AUS,1,0,-469,RT Ponting,Z Khan,2,0,2,57.88,17414,58.83,Right-hand bat,5,0,1,11478.5,33.65,61,lfm,0,IND,seam,no,19.45087235996327,18.306703397612488
2,793,15,AUS,1,8,-461,RT Ponting,Z Khan,2,0,6,57.88,17414,58.83,Right-hand bat,9,3,1,11478.5,33.65,61,lfm,0,IND,seam,no,19.45087235996327,18.306703397612488
2,794,16,AUS,1,8,-461,RT Ponting,Z Khan,2,0,7,57.88,17414,58.83,Right-hand bat,10,3,1,11478.5,33.65,61,lfm,0,IND,seam,no,19.45087235996327,18.306703397612488
2,795,17,AUS,1,8,-461,RT Ponting,Z Khan,2,0,8,57.88,17414,58.83,Right-hand bat,11,3,1,11478.5,33.65,61,lfm,0,IND,seam,no,19.45087235996327,18.306703397612488
2,802,24,AUS,1,8,-461,RT Ponting,Z Khan,2,0,9,57.88,17414,58.83,Right-hand bat,12,3,1,11478.5,33.65,61,lfm,0,IND,seam,no,19.45087235996327,18.306703397612488
2,803,25,AUS,1,8,-461,RT Ponting,Z Khan,2,0,10,57.88,17414,58.83,Right-hand bat,13,3,1,11478.5,33.65,61,lfm,0,IND,seam,no,19.45087235996327,18.306703397612488
2,804,26,AUS,1,8,-461,RT Ponting,Z Khan,2,0,11,57.88,17414,58.83,Right-hand bat,14,3,1,11478.5,33.65,61,lfm,1,IND,seam,no,19.45087235996327,18.306703397612488
