innings,match_balls,inn_balls,bat_team,team_wkts,team_score,team_lead,batter,bowler,bat_position,bat_score,bat_balls,bat_avg,career_bat_balls,bat_sr,bat_arm,bowl_balls,bowl_runs,bowl_wkts,career_bowl_balls,bowl_avg,bowl_sr,bowl_type,outcome,host_country,bowl_class,bat_win_toss,seam_factor,spin_factor
1,920,920,IND,6,558,558,A Kumble,MJ Clarke,8,38,61,17.77,6455,38.82,Right-hand bat,54,34,0,1242.4,31.55,69.2,lo,1,IND,spin,yes,29.52479338842975,35.429752066115704
1,922,922,IND,6,560,560,A Kumble,MJ Clarke,8,39,62,17.77,6455,38.82,Right-hand bat,56,36,0,1242.4,31.55,69.2,lo,0,IND,spin,yes,29.52479338842975,35.429752066115704
1,923,923,IND,6,560,560,A Kumble,MJ Clarke,8,39,63,17.77,6455,38.82,Right-hand bat,57,36,0,1242.4,31.55,69.2,lo,0,IND,spin,yes,29.52479338842975,35.429752066115704
1,924,924,IND,6,560,560,A Kumble,MJ Clarke,8,39,64,17.77,6455,38.82,Right-hand bat,58,36,0,1242.4,31.55,69.2,lo,1lb,IND,spin,yes,29.52479338842975,35.429752066115704
1,932,932,IND,6,568,568,A Kumble,MJ Clarke,8,40,67,17.77,6455,38.82,Right-hand bat,60,37,0,1242.4,31.55,69.2,lo,0,IND,spin,yes,29.52479338842975,35.429752066115704
1,933,933,IND,6,568,568,A Kumble,MJ Clarke,8,40,68,17.77,6455,38.82,Right-hand bat,61,37,0,1242.4,31.55,69.2,lo,0,IND,spin,yes,29.52479338842975,35.429752066115704
1,934,934,IND,6,568,568,A Kumble,MJ Clarke,8,40,69,17.77,6455,38.82,Right-hand bat,62,37,0,1242.4,31.55,69.2,lo,1,IND,spin,yes,29.52479338842975,35.429752066115704
1,936,936,IND,6,570,570,A Kumble,MJ Clarke,8,41,70,17.77,6455,38.82,Right-hand bat,64,39,0,1242.4,31.55,69.2,lo,4,IND,spin,yes,29.52479338842975,35.429752066115704
1,937,937,IND,6,574,574,A Kumble,MJ Clarke,8,45,71,17.77,6455,38.82,Right-hand bat,65,43,0,1242.4,31.55,69.2,lo,0,IND,spin,yes,29.52479338842975,35.429752066115704
