innings,match_balls,inn_balls,bat_team,team_wkts,team_score,team_lead,batter,bowler,bat_position,bat_score,bat_balls,bat_avg,career_bat_balls,bat_sr,bat_arm,bowl_balls,bowl_runs,bowl_wkts,career_bowl_balls,bowl_avg,bowl_sr,bowl_type,outcome,host_country,bowl_class,bat_win_toss,seam_factor,spin_factor
4,2072,604,AUS,9,343,-202,BW Hilfenhaus,SJ Harmison,11,0,0,11.33,115,59.13,Right-hand bat,92,49,4,13374.1,31.82,59.1,rfm,0,ENG,seam,no,19.937541091387246,11.165023011176858
4,2079,611,AUS,9,343,-202,BW Hilfenhaus,SJ Harmison,11,0,1,11.33,115,59.13,Right-hand bat,93,49,4,13374.1,31.82,59.1,rfm,0,ENG,seam,no,19.937541091387246,11.165023011176858
4,2080,612,AUS,9,343,-202,BW Hilfenhaus,SJ Harmison,11,0,2,11.33,115,59.13,Right-hand bat,94,49,4,13374.1,31.82,59.1,rfm,0,ENG,seam,no,19.937541091387246,11.165023011176858
4,2081,613,AUS,9,343,-202,BW Hilfenhaus,SJ Harmison,11,0,3,11.33,115,59.13,Right-hand bat,95,49,4,13374.1,31.82,59.1,rfm,0,ENG,seam,no,19.937541091387246,11.165023011176858
4,2082,614,AUS,9,343,-202,BW Hilfenhaus,SJ Harmison,11,0,4,11.33,115,59.13,Right-hand bat,96,49,4,13374.1,31.82,59.1,rfm,1nb,ENG,seam,no,19.937541091387246,11.165023011176858
4,2083,615,AUS,9,344,-201,BW Hilfenhaus,SJ Harmison,11,0,5,11.33,115,59.13,Right-hand bat,97,50,4,13374.1,31.82,59.1,rfm,4,ENG,seam,no,19.937541091387246,11.165023011176858
4,2084,616,AUS,9,348,-197,BW Hilfenhaus,SJ Harmison,11,4,6,11.33,115,59.13,Right-hand bat,98,54,4,13374.1,31.82,59.1,rfm,0,ENG,seam,no,19.937541091387246,11.165023011176858
4,2085,617,AUS,9,348,-197,BW Hilfenhaus,SJ Harmison,11,4,7,11.33,115,59.13,Right-hand bat,99,54,4,13374.1,31.82,59.1,rfm,0,ENG,seam,no,19.937541091387246,11.165023011176858
