innings,match_balls,inn_balls,bat_team,team_wkts,team_score,team_lead,batter,bowler,bat_position,bat_score,bat_balls,bat_avg,career_bat_balls,bat_sr,bat_arm,bowl_balls,bowl_runs,bowl_wkts,career_bowl_balls,bowl_avg,bowl_sr,bowl_type,outcome,host_country,bowl_class,bat_win_toss,seam_factor,spin_factor
4,2104,530,RSA,3,270,-275,JP Duminy,BW Hilfenhaus,5,0,1,54.57,938,40.72,Left-hand bat,125,65,0,546,46.6,109.2,rfm,1,RSA,seam,no,26.25061224489796,6.805714285714286
4,2177,603,RSA,4,295,-250,JP Duminy,BW Hilfenhaus,5,17,39,54.57,938,40.72,Left-hand bat,132,66,0,546,46.6,109.2,rfm,0,RSA,seam,no,26.25061224489796,6.805714285714286
4,2178,604,RSA,4,295,-250,JP Duminy,BW Hilfenhaus,5,17,40,54.57,938,40.72,Left-hand bat,133,66,0,546,46.6,109.2,rfm,1lb,RSA,seam,no,26.25061224489796,6.805714285714286
4,2181,607,RSA,4,297,-248,JP Duminy,BW Hilfenhaus,5,17,41,54.57,938,40.72,Left-hand bat,136,67,0,546,46.6,109.2,rfm,0,RSA,seam,no,26.25061224489796,6.805714285714286
4,2182,608,RSA,4,297,-248,JP Duminy,BW Hilfenhaus,5,17,42,54.57,938,40.72,Left-hand bat,137,67,0,546,46.6,109.2,rfm,0,RSA,seam,no,26.25061224489796,6.805714285714286
4,2189,615,RSA,4,297,-248,JP Duminy,BW Hilfenhaus,5,17,43,54.57,938,40.72,Left-hand bat,138,67,0,546,46.6,109.2,rfm,1wd,RSA,seam,no,26.25061224489796,6.805714285714286
4,2190,616,RSA,4,298,-247,JP Duminy,BW Hilfenhaus,5,17,43,54.57,938,40.72,Left-hand bat,139,68,0,546,46.6,109.2,rfm,0,RSA,seam,no,26.25061224489796,6.805714285714286
4,2191,617,RSA,4,298,-247,JP Duminy,BW Hilfenhaus,5,17,44,54.57,938,40.72,Left-hand bat,140,68,0,546,46.6,109.2,rfm,1wd,RSA,seam,no,26.25061224489796,6.805714285714286
4,2192,618,RSA,4,299,-246,JP Duminy,BW Hilfenhaus,5,17,44,54.57,938,40.72,Left-hand bat,141,69,0,546,46.6,109.2,rfm,W,RSA,seam,no,26.25061224489796,6.805714285714286
