innings,match_balls,inn_balls,bat_team,team_wkts,team_score,team_lead,batter,bowler,bat_position,bat_score,bat_balls,bat_avg,career_bat_balls,bat_sr,bat_arm,bowl_balls,bowl_runs,bowl_wkts,career_bowl_balls,bowl_avg,bowl_sr,bowl_type,outcome,host_country,bowl_class,bat_win_toss,seam_factor,spin_factor
1,411,411,AUS,3,259,259,MJ Clarke,DW Steyn,5,0,0,48.56,5948,53.07,Right-hand bat,80,47,1,6414.4,23.78,39.3,rf,0,RSA,seam,yes,26.25061224489796,6.805714285714286
1,412,412,AUS,3,259,259,MJ Clarke,DW Steyn,5,0,1,48.56,5948,53.07,Right-hand bat,81,47,1,6414.4,23.78,39.3,rf,0,RSA,seam,yes,26.25061224489796,6.805714285714286
1,413,413,AUS,3,259,259,MJ Clarke,DW Steyn,5,0,2,48.56,5948,53.07,Right-hand bat,82,47,1,6414.4,23.78,39.3,rf,1,RSA,seam,yes,26.25061224489796,6.805714285714286
1,422,422,AUS,3,265,265,MJ Clarke,DW Steyn,5,2,5,48.56,5948,53.07,Right-hand bat,85,52,1,6414.4,23.78,39.3,rf,0,RSA,seam,yes,26.25061224489796,6.805714285714286
1,423,423,AUS,3,265,265,MJ Clarke,DW Steyn,5,2,6,48.56,5948,53.07,Right-hand bat,86,52,1,6414.4,23.78,39.3,rf,0,RSA,seam,yes,26.25061224489796,6.805714285714286
1,424,424,AUS,3,265,265,MJ Clarke,DW Steyn,5,2,7,48.56,5948,53.07,Right-hand bat,87,52,1,6414.4,23.78,39.3,rf,0,RSA,seam,yes,26.25061224489796,6.805714285714286
1,425,425,AUS,3,265,265,MJ Clarke,DW Steyn,5,2,8,48.56,5948,53.07,Right-hand bat,88,52,1,6414.4,23.78,39.3,rf,0,RSA,seam,yes,26.25061224489796,6.805714285714286
1,426,426,AUS,3,265,265,MJ Clarke,DW Steyn,5,2,9,48.56,5948,53.07,Right-hand bat,89,52,1,6414.4,23.78,39.3,rf,1,RSA,seam,yes,26.25061224489796,6.805714285714286
