innings,match_balls,inn_balls,bat_team,team_wkts,team_score,team_lead,batter,bowler,bat_position,bat_score,bat_balls,bat_avg,career_bat_balls,bat_sr,bat_arm,bowl_balls,bowl_runs,bowl_wkts,career_bowl_balls,bowl_avg,bowl_sr,bowl_type,outcome,host_country,bowl_class,bat_win_toss,seam_factor,spin_factor
1,246,246,IND,1,137,137,CA Pujara,N Wagner,3,50,84,47.67,5410,48.46,Right-hand bat,36,15,0,5232.4,29.5,54.5,lmf,0,IND,seam,yes,7.791020408163266,26.294693877551023
1,247,247,IND,1,137,137,CA Pujara,N Wagner,3,50,85,47.67,5410,48.46,Right-hand bat,37,15,0,5232.4,29.5,54.5,lmf,0,IND,seam,yes,7.791020408163266,26.294693877551023
1,248,248,IND,1,137,137,CA Pujara,N Wagner,3,50,86,47.67,5410,48.46,Right-hand bat,38,15,0,5232.4,29.5,54.5,lmf,0,IND,seam,yes,7.791020408163266,26.294693877551023
1,249,249,IND,1,137,137,CA Pujara,N Wagner,3,50,87,47.67,5410,48.46,Right-hand bat,39,15,0,5232.4,29.5,54.5,lmf,0,IND,seam,yes,7.791020408163266,26.294693877551023
1,250,250,IND,1,137,137,CA Pujara,N Wagner,3,50,88,47.67,5410,48.46,Right-hand bat,40,15,0,5232.4,29.5,54.5,lmf,0,IND,seam,yes,7.791020408163266,26.294693877551023
1,251,251,IND,1,137,137,CA Pujara,N Wagner,3,50,89,47.67,5410,48.46,Right-hand bat,41,15,0,5232.4,29.5,54.5,lmf,0,IND,seam,yes,7.791020408163266,26.294693877551023
1,270,270,IND,1,145,145,CA Pujara,N Wagner,3,57,97,47.67,5410,48.46,Right-hand bat,48,15,0,5232.4,29.5,54.5,lmf,0,IND,seam,yes,7.791020408163266,26.294693877551023
1,271,271,IND,1,145,145,CA Pujara,N Wagner,3,57,98,47.67,5410,48.46,Right-hand bat,49,15,0,5232.4,29.5,54.5,lmf,0,IND,seam,yes,7.791020408163266,26.294693877551023
1,272,272,IND,1,145,145,CA Pujara,N Wagner,3,57,99,47.67,5410,48.46,Right-hand bat,50,15,0,5232.4,29.5,54.5,lmf,0,IND,seam,yes,7.791020408163266,26.294693877551023
1,273,273,IND,1,145,145,CA Pujara,N Wagner,3,57,100,47.67,5410,48.46,Right-hand bat,51,15,0,5232.4,29.5,54.5,lmf,2,IND,seam,yes,7.791020408163266,26.294693877551023
1,274,274,IND,1,147,147,CA Pujara,N Wagner,3,59,101,47.67,5410,48.46,Right-hand bat,52,17,0,5232.4,29.5,54.5,lmf,0,IND,seam,yes,7.791020408163266,26.294693877551023
1,275,275,IND,1,147,147,CA Pujara,N Wagner,3,59,102,47.67,5410,48.46,Right-hand bat,53,17,0,5232.4,29.5,54.5,lmf,0,IND,seam,yes,7.791020408163266,26.294693877551023
1,282,282,IND,1,149,149,CA Pujara,N Wagner,3,60,106,47.67,5410,48.46,Right-hand bat,54,17,0,5232.4,29.5,54.5,lmf,1,IND,seam,yes,7.791020408163266,26.294693877551023
