innings,match_balls,inn_balls,bat_team,team_wkts,team_score,team_lead,batter,bowler,bat_position,bat_score,bat_balls,bat_avg,career_bat_balls,bat_sr,bat_arm,bowl_balls,bowl_runs,bowl_wkts,career_bowl_balls,bowl_avg,bowl_sr,bowl_type,outcome,host_country,bowl_class,bat_win_toss,seam_factor,spin_factor
3,1811,434,AUS,4,156,-286,BJ Haddin,PL Harris,6,0,6,37.54,1694,53.18,Right-hand bat,143,50,2,5076.4,32.6,71.5,lo,0,RSA,spin,yes,27.064444444444447,15.668888888888889
3,1818,441,AUS,4,158,-284,BJ Haddin,PL Harris,6,1,11,37.54,1694,53.18,Right-hand bat,144,50,2,5076.4,32.6,71.5,lo,0,RSA,spin,yes,27.064444444444447,15.668888888888889
3,1819,442,AUS,4,158,-284,BJ Haddin,PL Harris,6,1,12,37.54,1694,53.18,Right-hand bat,145,50,2,5076.4,32.6,71.5,lo,1,RSA,spin,yes,27.064444444444447,15.668888888888889
3,1842,465,AUS,4,178,-264,BJ Haddin,PL Harris,6,13,20,37.54,1694,53.18,Right-hand bat,156,51,2,5076.4,32.6,71.5,lo,0,RSA,spin,yes,27.064444444444447,15.668888888888889
3,1843,466,AUS,4,178,-264,BJ Haddin,PL Harris,6,13,21,37.54,1694,53.18,Right-hand bat,157,51,2,5076.4,32.6,71.5,lo,0,RSA,spin,yes,27.064444444444447,15.668888888888889
3,1844,467,AUS,4,178,-264,BJ Haddin,PL Harris,6,13,22,37.54,1694,53.18,Right-hand bat,158,51,2,5076.4,32.6,71.5,lo,1,RSA,spin,yes,27.064444444444447,15.668888888888889
3,1856,479,AUS,4,191,-251,BJ Haddin,PL Harris,6,18,26,37.54,1694,53.18,Right-hand bat,164,55,2,5076.4,32.6,71.5,lo,W,RSA,spin,yes,27.064444444444447,15.668888888888889
