innings,match_balls,inn_balls,bat_team,team_wkts,team_score,team_lead,batter,bowler,bat_position,bat_score,bat_balls,bat_avg,career_bat_balls,bat_sr,bat_arm,bowl_balls,bowl_runs,bowl_wkts,career_bowl_balls,bowl_avg,bowl_sr,bowl_type,outcome,host_country,bowl_class,bat_win_toss,seam_factor,spin_factor
1,596,596,AUS,8,333,333,NM Hauritz,M Morkel,10,0,5,6.2,80,38.75,Right-hand bat,109,65,1,2406.1,32.47,52.3,rf,0,AUS,seam,yes,34.7117585848075,6.675338189386056
1,597,597,AUS,8,333,333,NM Hauritz,M Morkel,10,0,6,6.2,80,38.75,Right-hand bat,110,65,1,2406.1,32.47,52.3,rf,0,AUS,seam,yes,34.7117585848075,6.675338189386056
1,598,598,AUS,8,333,333,NM Hauritz,M Morkel,10,0,7,6.2,80,38.75,Right-hand bat,111,65,1,2406.1,32.47,52.3,rf,4,AUS,seam,yes,34.7117585848075,6.675338189386056
1,599,599,AUS,8,337,337,NM Hauritz,M Morkel,10,4,8,6.2,80,38.75,Right-hand bat,112,69,1,2406.1,32.47,52.3,rf,1,AUS,seam,yes,34.7117585848075,6.675338189386056
1,608,608,AUS,8,343,343,NM Hauritz,M Morkel,10,8,14,6.2,80,38.75,Right-hand bat,115,71,1,2406.1,32.47,52.3,rf,0,AUS,seam,yes,34.7117585848075,6.675338189386056
1,609,609,AUS,8,343,343,NM Hauritz,M Morkel,10,8,15,6.2,80,38.75,Right-hand bat,116,71,1,2406.1,32.47,52.3,rf,4,AUS,seam,yes,34.7117585848075,6.675338189386056
1,610,610,AUS,8,347,347,NM Hauritz,M Morkel,10,12,16,6.2,80,38.75,Right-hand bat,117,75,1,2406.1,32.47,52.3,rf,0,AUS,seam,yes,34.7117585848075,6.675338189386056
1,611,611,AUS,8,347,347,NM Hauritz,M Morkel,10,12,17,6.2,80,38.75,Right-hand bat,118,75,1,2406.1,32.47,52.3,rf,0,AUS,seam,yes,34.7117585848075,6.675338189386056
1,612,612,AUS,8,347,347,NM Hauritz,M Morkel,10,12,18,6.2,80,38.75,Right-hand bat,119,75,1,2406.1,32.47,52.3,rf,0,AUS,seam,yes,34.7117585848075,6.675338189386056
