innings,match_balls,inn_balls,bat_team,team_wkts,team_score,team_lead,batter,bowler,bat_position,bat_score,bat_balls,bat_avg,career_bat_balls,bat_sr,bat_arm,bowl_balls,bowl_runs,bowl_wkts,career_bowl_balls,bowl_avg,bowl_sr,bowl_type,outcome,host_country,bowl_class,bat_win_toss,seam_factor,spin_factor
3,1944,322,AUS,6,165,100,B Lee,M Ntini,8,0,0,20.15,2739,52.97,Right-hand bat,61,22,1,19518.2,27.85,51.7,rf,0,AUS,seam,yes,34.7117585848075,6.675338189386056
3,1945,323,AUS,6,165,100,B Lee,M Ntini,8,0,1,20.15,2739,52.97,Right-hand bat,62,22,1,19518.2,27.85,51.7,rf,0,AUS,seam,yes,34.7117585848075,6.675338189386056
3,1946,324,AUS,6,165,100,B Lee,M Ntini,8,0,2,20.15,2739,52.97,Right-hand bat,63,22,1,19518.2,27.85,51.7,rf,0,AUS,seam,yes,34.7117585848075,6.675338189386056
3,1947,325,AUS,6,165,100,B Lee,M Ntini,8,0,3,20.15,2739,52.97,Right-hand bat,64,22,1,19518.2,27.85,51.7,rf,1,AUS,seam,yes,34.7117585848075,6.675338189386056
3,1958,336,AUS,6,173,108,B Lee,M Ntini,8,6,8,20.15,2739,52.97,Right-hand bat,69,24,1,19518.2,27.85,51.7,rf,0,AUS,seam,yes,34.7117585848075,6.675338189386056
3,1959,337,AUS,6,173,108,B Lee,M Ntini,8,6,9,20.15,2739,52.97,Right-hand bat,70,24,1,19518.2,27.85,51.7,rf,0,AUS,seam,yes,34.7117585848075,6.675338189386056
3,1960,338,AUS,6,173,108,B Lee,M Ntini,8,6,10,20.15,2739,52.97,Right-hand bat,71,24,1,19518.2,27.85,51.7,rf,0,AUS,seam,yes,34.7117585848075,6.675338189386056
