innings,match_balls,inn_balls,bat_team,team_wkts,team_score,team_lead,batter,bowler,bat_position,bat_score,bat_balls,bat_avg,career_bat_balls,bat_sr,bat_arm,bowl_balls,bowl_runs,bowl_wkts,career_bowl_balls,bowl_avg,bowl_sr,bowl_type,outcome,host_country,bowl_class,bat_win_toss,seam_factor,spin_factor
1,451,451,AUS,5,241,241,BJ Haddin,JH Kallis,7,16,26,38.77,1352,51.62,Right-hand bat,66,28,0,16524,30.98,65.8,rfm,1,AUS,seam,yes,34.7117585848075,6.675338189386056
1,455,455,AUS,5,245,245,BJ Haddin,JH Kallis,7,17,27,38.77,1352,51.62,Right-hand bat,70,32,0,16524,30.98,65.8,rfm,0,AUS,seam,yes,34.7117585848075,6.675338189386056
1,456,456,AUS,5,245,245,BJ Haddin,JH Kallis,7,17,28,38.77,1352,51.62,Right-hand bat,71,32,0,16524,30.98,65.8,rfm,3,AUS,seam,yes,34.7117585848075,6.675338189386056
1,475,475,AUS,5,255,255,BJ Haddin,JH Kallis,7,24,35,38.77,1352,51.62,Right-hand bat,78,37,0,16524,30.98,65.8,rfm,3,AUS,seam,yes,34.7117585848075,6.675338189386056
1,477,477,AUS,5,259,259,BJ Haddin,JH Kallis,7,27,36,38.77,1352,51.62,Right-hand bat,80,41,0,16524,30.98,65.8,rfm,0,AUS,seam,yes,34.7117585848075,6.675338189386056
1,478,478,AUS,5,259,259,BJ Haddin,JH Kallis,7,27,37,38.77,1352,51.62,Right-hand bat,81,41,0,16524,30.98,65.8,rfm,0,AUS,seam,yes,34.7117585848075,6.675338189386056
1,479,479,AUS,5,259,259,BJ Haddin,JH Kallis,7,27,38,38.77,1352,51.62,Right-hand bat,82,41,0,16524,30.98,65.8,rfm,0,AUS,seam,yes,34.7117585848075,6.675338189386056
1,480,480,AUS,5,259,259,BJ Haddin,JH Kallis,7,27,39,38.77,1352,51.62,Right-hand bat,83,41,0,16524,30.98,65.8,rfm,0,AUS,seam,yes,34.7117585848075,6.675338189386056
