innings,match_balls,inn_balls,bat_team,team_wkts,team_score,team_lead,batter,bowler,bat_position,bat_score,bat_balls,bat_avg,career_bat_balls,bat_sr,bat_arm,bowl_balls,bowl_runs,bowl_wkts,career_bowl_balls,bowl_avg,bowl_sr,bowl_type,outcome,host_country,bowl_class,bat_win_toss,seam_factor,spin_factor
1,65,65,AUS,0,50,50,SM Katich,JH Kallis,2,35,38,43.43,4800,49.77,Left-hand bat,2,1,0,16704,31.12,66.2,rfm,0,AUS,seam,yes,31.512110726643602,6.752595155709343
1,66,66,AUS,0,50,50,SM Katich,JH Kallis,2,35,39,43.43,4800,49.77,Left-hand bat,3,1,0,16704,31.12,66.2,rfm,0,AUS,seam,yes,31.512110726643602,6.752595155709343
1,67,67,AUS,0,50,50,SM Katich,JH Kallis,2,35,40,43.43,4800,49.77,Left-hand bat,4,1,0,16704,31.12,66.2,rfm,3,AUS,seam,yes,31.512110726643602,6.752595155709343
1,75,75,AUS,0,58,58,SM Katich,JH Kallis,2,43,46,43.43,4800,49.77,Left-hand bat,6,4,0,16704,31.12,66.2,rfm,0,AUS,seam,yes,31.512110726643602,6.752595155709343
1,76,76,AUS,0,58,58,SM Katich,JH Kallis,2,43,47,43.43,4800,49.77,Left-hand bat,7,4,0,16704,31.12,66.2,rfm,4,AUS,seam,yes,31.512110726643602,6.752595155709343
1,77,77,AUS,0,62,62,SM Katich,JH Kallis,2,47,48,43.43,4800,49.77,Left-hand bat,8,8,0,16704,31.12,66.2,rfm,0,AUS,seam,yes,31.512110726643602,6.752595155709343
1,78,78,AUS,0,62,62,SM Katich,JH Kallis,2,47,49,43.43,4800,49.77,Left-hand bat,9,8,0,16704,31.12,66.2,rfm,0,AUS,seam,yes,31.512110726643602,6.752595155709343
1,79,79,AUS,0,62,62,SM Katich,JH Kallis,2,47,50,43.43,4800,49.77,Left-hand bat,10,8,0,16704,31.12,66.2,rfm,0,AUS,seam,yes,31.512110726643602,6.752595155709343
1,80,80,AUS,0,62,62,SM Katich,JH Kallis,2,47,51,43.43,4800,49.77,Left-hand bat,11,8,0,16704,31.12,66.2,rfm,W,AUS,seam,yes,31.512110726643602,6.752595155709343
