innings,match_balls,inn_balls,bat_team,team_wkts,team_score,team_lead,batter,bowler,bat_position,bat_score,bat_balls,bat_avg,career_bat_balls,bat_sr,bat_arm,bowl_balls,bowl_runs,bowl_wkts,career_bowl_balls,bowl_avg,bowl_sr,bowl_type,outcome,host_country,bowl_class,bat_win_toss,seam_factor,spin_factor
3,1934,371,AUS,3,219,337,MJ Clarke,M Ntini,5,22,39,49.4,5806,52.75,Right-hand bat,53,39,0,19764.2,28.22,52.2,rf,3,AUS,seam,yes,31.512110726643602,6.752595155709343
3,1939,376,AUS,3,225,343,MJ Clarke,M Ntini,5,25,40,49.4,5806,52.75,Right-hand bat,58,45,0,19764.2,28.22,52.2,rf,3,AUS,seam,yes,31.512110726643602,6.752595155709343
3,1946,383,AUS,3,231,349,MJ Clarke,M Ntini,5,30,44,49.4,5806,52.75,Right-hand bat,59,48,0,19764.2,28.22,52.2,rf,1,AUS,seam,yes,31.512110726643602,6.752595155709343
3,1949,386,AUS,3,234,352,MJ Clarke,M Ntini,5,31,45,49.4,5806,52.75,Right-hand bat,62,51,0,19764.2,28.22,52.2,rf,3,AUS,seam,yes,31.512110726643602,6.752595155709343
3,1951,388,AUS,3,238,356,MJ Clarke,M Ntini,5,34,46,49.4,5806,52.75,Right-hand bat,64,55,0,19764.2,28.22,52.2,rf,2,AUS,seam,yes,31.512110726643602,6.752595155709343
3,1952,389,AUS,3,240,358,MJ Clarke,M Ntini,5,36,47,49.4,5806,52.75,Right-hand bat,65,57,0,19764.2,28.22,52.2,rf,0,AUS,seam,yes,31.512110726643602,6.752595155709343
3,1959,396,AUS,3,246,364,MJ Clarke,M Ntini,5,37,49,49.4,5806,52.75,Right-hand bat,66,57,0,19764.2,28.22,52.2,rf,0,AUS,seam,yes,31.512110726643602,6.752595155709343
3,1960,397,AUS,3,246,364,MJ Clarke,M Ntini,5,37,50,49.4,5806,52.75,Right-hand bat,67,57,0,19764.2,28.22,52.2,rf,1,AUS,seam,yes,31.512110726643602,6.752595155709343
3,1963,400,AUS,3,248,366,MJ Clarke,M Ntini,5,38,51,49.4,5806,52.75,Right-hand bat,70,59,0,19764.2,28.22,52.2,rf,1,AUS,seam,yes,31.512110726643602,6.752595155709343
