innings,match_balls,inn_balls,bat_team,team_wkts,team_score,team_lead,batter,bowler,bat_position,bat_score,bat_balls,bat_avg,career_bat_balls,bat_sr,bat_arm,bowl_balls,bowl_runs,bowl_wkts,career_bowl_balls,bowl_avg,bowl_sr,bowl_type,outcome,host_country,bowl_class,bat_win_toss,seam_factor,spin_factor
1,347,347,AUS,5,162,162,BJ Haddin,M Ntini,7,0,0,38.73,1431,51.43,Right-hand bat,85,39,1,19764.2,28.22,52.2,rf,1,AUS,seam,yes,31.512110726643602,6.752595155709343
1,489,489,AUS,5,234,234,BJ Haddin,M Ntini,7,35,69,38.73,1431,51.43,Right-hand bat,93,44,1,19764.2,28.22,52.2,rf,0,AUS,seam,yes,31.512110726643602,6.752595155709343
1,490,490,AUS,5,234,234,BJ Haddin,M Ntini,7,35,70,38.73,1431,51.43,Right-hand bat,94,44,1,19764.2,28.22,52.2,rf,0,AUS,seam,yes,31.512110726643602,6.752595155709343
1,491,491,AUS,5,234,234,BJ Haddin,M Ntini,7,35,71,38.73,1431,51.43,Right-hand bat,95,44,1,19764.2,28.22,52.2,rf,0,AUS,seam,yes,31.512110726643602,6.752595155709343
1,492,492,AUS,5,234,234,BJ Haddin,M Ntini,7,35,72,38.73,1431,51.43,Right-hand bat,96,44,1,19764.2,28.22,52.2,rf,0,AUS,seam,yes,31.512110726643602,6.752595155709343
1,493,493,AUS,5,234,234,BJ Haddin,M Ntini,7,35,73,38.73,1431,51.43,Right-hand bat,97,44,1,19764.2,28.22,52.2,rf,0,AUS,seam,yes,31.512110726643602,6.752595155709343
1,494,494,AUS,5,234,234,BJ Haddin,M Ntini,7,35,74,38.73,1431,51.43,Right-hand bat,98,44,1,19764.2,28.22,52.2,rf,1,AUS,seam,yes,31.512110726643602,6.752595155709343
