innings,match_balls,inn_balls,bat_team,team_wkts,team_score,team_lead,batter,bowler,bat_position,bat_score,bat_balls,bat_avg,career_bat_balls,bat_sr,bat_arm,bowl_balls,bowl_runs,bowl_wkts,career_bowl_balls,bowl_avg,bowl_sr,bowl_type,outcome,host_country,bowl_class,bat_win_toss,seam_factor,spin_factor
1,550,550,ENG,6,241,241,SCJ Broad,DBL Powell,8,0,0,29,699,53.93,Left-hand bat,88,31,2,6564.3,45.81,81,rfm,1lb,WIN,seam,yes,16.91111111111111,8.455555555555556
1,561,561,ENG,6,247,247,SCJ Broad,DBL Powell,8,0,7,29,699,53.93,Left-hand bat,93,36,2,6564.3,45.81,81,rfm,0,WIN,seam,yes,16.91111111111111,8.455555555555556
1,562,562,ENG,6,247,247,SCJ Broad,DBL Powell,8,0,8,29,699,53.93,Left-hand bat,94,36,2,6564.3,45.81,81,rfm,0,WIN,seam,yes,16.91111111111111,8.455555555555556
1,563,563,ENG,6,247,247,SCJ Broad,DBL Powell,8,0,9,29,699,53.93,Left-hand bat,95,36,2,6564.3,45.81,81,rfm,0,WIN,seam,yes,16.91111111111111,8.455555555555556
1,564,564,ENG,6,247,247,SCJ Broad,DBL Powell,8,0,10,29,699,53.93,Left-hand bat,96,36,2,6564.3,45.81,81,rfm,0,WIN,seam,yes,16.91111111111111,8.455555555555556
1,571,571,ENG,6,251,251,SCJ Broad,DBL Powell,8,0,11,29,699,53.93,Left-hand bat,97,36,2,6564.3,45.81,81,rfm,0,WIN,seam,yes,16.91111111111111,8.455555555555556
1,572,572,ENG,6,251,251,SCJ Broad,DBL Powell,8,0,12,29,699,53.93,Left-hand bat,98,36,2,6564.3,45.81,81,rfm,3,WIN,seam,yes,16.91111111111111,8.455555555555556
1,574,574,ENG,6,255,255,SCJ Broad,DBL Powell,8,3,13,29,699,53.93,Left-hand bat,100,40,2,6564.3,45.81,81,rfm,0,WIN,seam,yes,16.91111111111111,8.455555555555556
1,575,575,ENG,6,255,255,SCJ Broad,DBL Powell,8,3,14,29,699,53.93,Left-hand bat,101,40,2,6564.3,45.81,81,rfm,1,WIN,seam,yes,16.91111111111111,8.455555555555556
