innings,match_balls,inn_balls,bat_team,team_wkts,team_score,team_lead,batter,bowler,bat_position,bat_score,bat_balls,bat_avg,career_bat_balls,bat_sr,bat_arm,bowl_balls,bowl_runs,bowl_wkts,career_bowl_balls,bowl_avg,bowl_sr,bowl_type,outcome,host_country,bowl_class,bat_win_toss,seam_factor,spin_factor
3,2222,171,ENG,4,171,173,MJ Prior,BP Nash,6,38,29,48,1603,59.88,Right-hand bat,4,6,0,318,176,318,lm,1,WIN,seam,yes,25.61777777777778,22.415555555555557
3,2230,179,ENG,4,177,179,MJ Prior,BP Nash,6,42,34,48,1603,59.88,Right-hand bat,6,7,0,318,176,318,lm,1,WIN,seam,yes,25.61777777777778,22.415555555555557
3,2233,182,ENG,4,179,181,MJ Prior,BP Nash,6,43,35,48,1603,59.88,Right-hand bat,9,9,0,318,176,318,lm,4,WIN,seam,yes,25.61777777777778,22.415555555555557
3,2234,183,ENG,4,183,185,MJ Prior,BP Nash,6,47,36,48,1603,59.88,Right-hand bat,10,13,0,318,176,318,lm,1,WIN,seam,yes,25.61777777777778,22.415555555555557
3,2244,193,ENG,4,191,193,MJ Prior,BP Nash,6,51,40,48,1603,59.88,Right-hand bat,14,15,0,318,176,318,lm,1,WIN,seam,yes,25.61777777777778,22.415555555555557
3,2246,195,ENG,4,193,195,MJ Prior,BP Nash,6,52,41,48,1603,59.88,Right-hand bat,16,17,0,318,176,318,lm,0,WIN,seam,yes,25.61777777777778,22.415555555555557
3,2247,196,ENG,4,193,195,MJ Prior,BP Nash,6,52,42,48,1603,59.88,Right-hand bat,17,17,0,318,176,318,lm,4,WIN,seam,yes,25.61777777777778,22.415555555555557
