innings,match_balls,inn_balls,bat_team,team_wkts,team_score,team_lead,batter,bowler,bat_position,bat_score,bat_balls,bat_avg,career_bat_balls,bat_sr,bat_arm,bowl_balls,bowl_runs,bowl_wkts,career_bowl_balls,bowl_avg,bowl_sr,bowl_type,outcome,host_country,bowl_class,bat_win_toss,seam_factor,spin_factor
1,939,939,IND,9,447,447,I Sharma,GP Swann,11,0,3,13.11,395,29.87,Right-hand bat,261,122,3,600.3,39.5,75.3,rob,0,IND,spin,yes,17.74234693877551,20.471938775510207
1,940,940,IND,9,447,447,I Sharma,GP Swann,11,0,4,13.11,395,29.87,Right-hand bat,262,122,3,600.3,39.5,75.3,rob,0,IND,spin,yes,17.74234693877551,20.471938775510207
1,941,941,IND,9,447,447,I Sharma,GP Swann,11,0,5,13.11,395,29.87,Right-hand bat,263,122,3,600.3,39.5,75.3,rob,0,IND,spin,yes,17.74234693877551,20.471938775510207
1,948,948,IND,9,453,453,I Sharma,GP Swann,11,1,9,13.11,395,29.87,Right-hand bat,264,122,3,600.3,39.5,75.3,rob,0,IND,spin,yes,17.74234693877551,20.471938775510207
1,949,949,IND,9,453,453,I Sharma,GP Swann,11,1,10,13.11,395,29.87,Right-hand bat,265,122,3,600.3,39.5,75.3,rob,0,IND,spin,yes,17.74234693877551,20.471938775510207
1,950,950,IND,9,453,453,I Sharma,GP Swann,11,1,11,13.11,395,29.87,Right-hand bat,266,122,3,600.3,39.5,75.3,rob,0,IND,spin,yes,17.74234693877551,20.471938775510207
1,951,951,IND,9,453,453,I Sharma,GP Swann,11,1,12,13.11,395,29.87,Right-hand bat,267,122,3,600.3,39.5,75.3,rob,0,IND,spin,yes,17.74234693877551,20.471938775510207
1,952,952,IND,9,453,453,I Sharma,GP Swann,11,1,13,13.11,395,29.87,Right-hand bat,268,122,3,600.3,39.5,75.3,rob,0,IND,spin,yes,17.74234693877551,20.471938775510207
1,953,953,IND,9,453,453,I Sharma,GP Swann,11,1,14,13.11,395,29.87,Right-hand bat,269,122,3,600.3,39.5,75.3,rob,0,IND,spin,yes,17.74234693877551,20.471938775510207
