innings,match_balls,inn_balls,bat_team,team_wkts,team_score,team_lead,batter,bowler,bat_position,bat_score,bat_balls,bat_avg,career_bat_balls,bat_sr,bat_arm,bowl_balls,bowl_runs,bowl_wkts,career_bowl_balls,bowl_avg,bowl_sr,bowl_type,outcome,host_country,bowl_class,bat_win_toss,seam_factor,spin_factor
1,538,538,IND,9,360,360,MM Patel,CS Martin,11,1,3,7,137,40.87,Right-hand bat,140,87,3,9402.5,33.48,58.7,rfm,0,NZL,seam,no,27.400816326530613,9.484897959183675
1,539,539,IND,9,360,360,MM Patel,CS Martin,11,1,4,7,137,40.87,Right-hand bat,141,87,3,9402.5,33.48,58.7,rfm,0,NZL,seam,no,27.400816326530613,9.484897959183675
1,540,540,IND,9,360,360,MM Patel,CS Martin,11,1,5,7,137,40.87,Right-hand bat,142,87,3,9402.5,33.48,58.7,rfm,4,NZL,seam,no,27.400816326530613,9.484897959183675
1,541,541,IND,9,364,364,MM Patel,CS Martin,11,5,6,7,137,40.87,Right-hand bat,143,91,3,9402.5,33.48,58.7,rfm,0,NZL,seam,no,27.400816326530613,9.484897959183675
1,542,542,IND,9,364,364,MM Patel,CS Martin,11,5,7,7,137,40.87,Right-hand bat,144,91,3,9402.5,33.48,58.7,rfm,4,NZL,seam,no,27.400816326530613,9.484897959183675
1,543,543,IND,9,368,368,MM Patel,CS Martin,11,9,8,7,137,40.87,Right-hand bat,145,95,3,9402.5,33.48,58.7,rfm,0,NZL,seam,no,27.400816326530613,9.484897959183675
1,552,552,IND,9,376,376,MM Patel,CS Martin,11,14,11,7,137,40.87,Right-hand bat,148,96,3,9402.5,33.48,58.7,rfm,1,NZL,seam,no,27.400816326530613,9.484897959183675
1,555,555,IND,9,378,378,MM Patel,CS Martin,11,15,12,7,137,40.87,Right-hand bat,151,98,3,9402.5,33.48,58.7,rfm,0,NZL,seam,no,27.400816326530613,9.484897959183675
