innings,match_balls,inn_balls,bat_team,team_wkts,team_score,team_lead,batter,bowler,bat_position,bat_score,bat_balls,bat_avg,career_bat_balls,bat_sr,bat_arm,bowl_balls,bowl_runs,bowl_wkts,career_bowl_balls,bowl_avg,bowl_sr,bowl_type,outcome,host_country,bowl_class,bat_win_toss,seam_factor,spin_factor
4,2062,342,ENG,3,141,-324,JM Anderson,PL Harris,5,2,31,13.96,1274,36.18,Left-hand bat,78,43,1,5976.4,33.64,72.9,lo,0,RSA,spin,yes,26.22067901234568,10.084876543209877
4,2063,343,ENG,3,141,-324,JM Anderson,PL Harris,5,2,32,13.96,1274,36.18,Left-hand bat,79,43,1,5976.4,33.64,72.9,lo,0,RSA,spin,yes,26.22067901234568,10.084876543209877
4,2064,344,ENG,3,141,-324,JM Anderson,PL Harris,5,2,33,13.96,1274,36.18,Left-hand bat,80,43,1,5976.4,33.64,72.9,lo,0,RSA,spin,yes,26.22067901234568,10.084876543209877
4,2065,345,ENG,3,141,-324,JM Anderson,PL Harris,5,2,34,13.96,1274,36.18,Left-hand bat,81,43,1,5976.4,33.64,72.9,lo,1,RSA,spin,yes,26.22067901234568,10.084876543209877
4,2087,367,ENG,3,149,-316,JM Anderson,PL Harris,5,5,47,13.96,1274,36.18,Left-hand bat,91,49,1,5976.4,33.64,72.9,lo,0,RSA,spin,yes,26.22067901234568,10.084876543209877
4,2088,368,ENG,3,149,-316,JM Anderson,PL Harris,5,5,48,13.96,1274,36.18,Left-hand bat,92,49,1,5976.4,33.64,72.9,lo,4,RSA,spin,yes,26.22067901234568,10.084876543209877
4,2089,369,ENG,3,153,-312,JM Anderson,PL Harris,5,9,49,13.96,1274,36.18,Left-hand bat,93,53,1,5976.4,33.64,72.9,lo,0,RSA,spin,yes,26.22067901234568,10.084876543209877
4,2090,370,ENG,3,153,-312,JM Anderson,PL Harris,5,9,50,13.96,1274,36.18,Left-hand bat,94,53,1,5976.4,33.64,72.9,lo,0,RSA,spin,yes,26.22067901234568,10.084876543209877
4,2091,371,ENG,3,153,-312,JM Anderson,PL Harris,5,9,51,13.96,1274,36.18,Left-hand bat,95,53,1,5976.4,33.64,72.9,lo,W,RSA,spin,yes,26.22067901234568,10.084876543209877
