innings,match_balls,inn_balls,bat_team,team_wkts,team_score,team_lead,batter,bowler,bat_position,bat_score,bat_balls,bat_avg,career_bat_balls,bat_sr,bat_arm,bowl_balls,bowl_runs,bowl_wkts,career_bowl_balls,bowl_avg,bowl_sr,bowl_type,outcome,host_country,bowl_class,bat_win_toss,seam_factor,spin_factor
2,875,335,SRL,8,181,-118,HMRKB Herath,Saeed Ajmal,10,0,0,9.94,503,35.58,Left-hand bat,122,58,3,876.4,30.07,62.8,rob,1,SRL,spin,yes,19.80532598714417,21.043158861340682
2,878,338,SRL,8,183,-116,HMRKB Herath,Saeed Ajmal,10,1,1,9.94,503,35.58,Left-hand bat,125,60,3,876.4,30.07,62.8,rob,2,SRL,spin,yes,19.80532598714417,21.043158861340682
2,885,345,SRL,8,191,-108,HMRKB Herath,Saeed Ajmal,10,4,3,9.94,503,35.58,Left-hand bat,126,62,3,876.4,30.07,62.8,rob,0,SRL,spin,yes,19.80532598714417,21.043158861340682
2,886,346,SRL,8,191,-108,HMRKB Herath,Saeed Ajmal,10,4,4,9.94,503,35.58,Left-hand bat,127,62,3,876.4,30.07,62.8,rob,0,SRL,spin,yes,19.80532598714417,21.043158861340682
2,887,347,SRL,8,191,-108,HMRKB Herath,Saeed Ajmal,10,4,5,9.94,503,35.58,Left-hand bat,128,62,3,876.4,30.07,62.8,rob,0,SRL,spin,yes,19.80532598714417,21.043158861340682
2,888,348,SRL,8,191,-108,HMRKB Herath,Saeed Ajmal,10,4,6,9.94,503,35.58,Left-hand bat,129,62,3,876.4,30.07,62.8,rob,0,SRL,spin,yes,19.80532598714417,21.043158861340682
2,889,349,SRL,8,191,-108,HMRKB Herath,Saeed Ajmal,10,4,7,9.94,503,35.58,Left-hand bat,130,62,3,876.4,30.07,62.8,rob,0,SRL,spin,yes,19.80532598714417,21.043158861340682
2,890,350,SRL,8,191,-108,HMRKB Herath,Saeed Ajmal,10,4,8,9.94,503,35.58,Left-hand bat,131,62,3,876.4,30.07,62.8,rob,0,SRL,spin,yes,19.80532598714417,21.043158861340682
2,899,359,SRL,8,201,-98,HMRKB Herath,Saeed Ajmal,10,5,10,9.94,503,35.58,Left-hand bat,134,63,3,876.4,30.07,62.8,rob,1,SRL,spin,yes,19.80532598714417,21.043158861340682
