innings,match_balls,inn_balls,bat_team,team_wkts,team_score,team_lead,batter,bowler,bat_position,bat_score,bat_balls,bat_avg,career_bat_balls,bat_sr,bat_arm,bowl_balls,bowl_runs,bowl_wkts,career_bowl_balls,bowl_avg,bowl_sr,bowl_type,outcome,host_country,bowl_class,bat_win_toss,seam_factor,spin_factor
4,2054,357,SRL,3,186,-305,KC Sangakkara,Umar Gul,3,50,108,55.42,12718,55.78,Left-hand bat,38,30,0,4452,32.4,53.6,rfm,1,SRL,seam,yes,19.80532598714417,21.043158861340682
4,2064,367,SRL,3,190,-301,KC Sangakkara,Umar Gul,3,52,112,55.42,12718,55.78,Left-hand bat,42,31,0,4452,32.4,53.6,rfm,0,SRL,seam,yes,19.80532598714417,21.043158861340682
4,2065,368,SRL,3,190,-301,KC Sangakkara,Umar Gul,3,52,113,55.42,12718,55.78,Left-hand bat,43,31,0,4452,32.4,53.6,rfm,0,SRL,seam,yes,19.80532598714417,21.043158861340682
4,2066,369,SRL,3,190,-301,KC Sangakkara,Umar Gul,3,52,114,55.42,12718,55.78,Left-hand bat,44,31,0,4452,32.4,53.6,rfm,1,SRL,seam,yes,19.80532598714417,21.043158861340682
4,2076,379,SRL,3,192,-299,KC Sangakkara,Umar Gul,3,54,117,55.42,12718,55.78,Left-hand bat,48,32,0,4452,32.4,53.6,rfm,1,SRL,seam,yes,19.80532598714417,21.043158861340682
4,2191,494,SRL,3,246,-245,KC Sangakkara,Umar Gul,3,72,158,55.42,12718,55.78,Left-hand bat,61,52,0,4452,32.4,53.6,rfm,0,SRL,seam,yes,19.80532598714417,21.043158861340682
4,2192,495,SRL,3,246,-245,KC Sangakkara,Umar Gul,3,72,159,55.42,12718,55.78,Left-hand bat,62,52,0,4452,32.4,53.6,rfm,1nb,SRL,seam,yes,19.80532598714417,21.043158861340682
4,2205,508,SRL,3,260,-231,KC Sangakkara,Umar Gul,3,74,164,55.42,12718,55.78,Left-hand bat,69,62,0,4452,32.4,53.6,rfm,1,SRL,seam,yes,19.80532598714417,21.043158861340682
