innings,match_balls,inn_balls,bat_team,team_wkts,team_score,team_lead,batter,bowler,bat_position,bat_score,bat_balls,bat_avg,career_bat_balls,bat_sr,bat_arm,bowl_balls,bowl_runs,bowl_wkts,career_bowl_balls,bowl_avg,bowl_sr,bowl_type,outcome,host_country,bowl_class,bat_win_toss,seam_factor,spin_factor
2,1122,291,WIN,6,174,-306,SJ Benn,MG Johnson,8,0,0,13.78,335,57.61,Left-hand bat,96,69,3,6450.4,28.76,54.6,lf,0,AUS,seam,no,23.973214285714285,7.991071428571429
2,1123,292,WIN,6,174,-306,SJ Benn,MG Johnson,8,0,1,13.78,335,57.61,Left-hand bat,97,69,3,6450.4,28.76,54.6,lf,1,AUS,seam,no,23.973214285714285,7.991071428571429
2,1135,304,WIN,6,187,-293,SJ Benn,MG Johnson,8,7,7,13.78,335,57.61,Left-hand bat,102,74,3,6450.4,28.76,54.6,lf,0,AUS,seam,no,23.973214285714285,7.991071428571429
2,1136,305,WIN,6,187,-293,SJ Benn,MG Johnson,8,7,8,13.78,335,57.61,Left-hand bat,103,74,3,6450.4,28.76,54.6,lf,0,AUS,seam,no,23.973214285714285,7.991071428571429
2,1137,306,WIN,6,187,-293,SJ Benn,MG Johnson,8,7,9,13.78,335,57.61,Left-hand bat,104,74,3,6450.4,28.76,54.6,lf,0,AUS,seam,no,23.973214285714285,7.991071428571429
2,1138,307,WIN,6,187,-293,SJ Benn,MG Johnson,8,7,10,13.78,335,57.61,Left-hand bat,105,74,3,6450.4,28.76,54.6,lf,0,AUS,seam,no,23.973214285714285,7.991071428571429
2,1139,308,WIN,6,187,-293,SJ Benn,MG Johnson,8,7,11,13.78,335,57.61,Left-hand bat,106,74,3,6450.4,28.76,54.6,lf,0,AUS,seam,no,23.973214285714285,7.991071428571429
2,1140,309,WIN,6,187,-293,SJ Benn,MG Johnson,8,7,12,13.78,335,57.61,Left-hand bat,107,74,3,6450.4,28.76,54.6,lf,0,AUS,seam,no,23.973214285714285,7.991071428571429
