innings,match_balls,inn_balls,bat_team,team_wkts,team_score,team_lead,batter,bowler,bat_position,bat_score,bat_balls,bat_avg,career_bat_balls,bat_sr,bat_arm,bowl_balls,bowl_runs,bowl_wkts,career_bowl_balls,bowl_avg,bowl_sr,bowl_type,outcome,host_country,bowl_class,bat_win_toss,seam_factor,spin_factor
2,1037,206,WIN,5,119,-361,D Ramdin,NM Hauritz,7,12,9,24.43,2896,48.1,Right-hand bat,6,8,0,1746.2,28.62,60.2,rob,0,AUS,spin,no,23.973214285714285,7.991071428571429
2,1038,207,WIN,5,119,-361,D Ramdin,NM Hauritz,7,12,10,24.43,2896,48.1,Right-hand bat,7,8,0,1746.2,28.62,60.2,rob,0,AUS,spin,no,23.973214285714285,7.991071428571429
2,1039,208,WIN,5,119,-361,D Ramdin,NM Hauritz,7,12,11,24.43,2896,48.1,Right-hand bat,8,8,0,1746.2,28.62,60.2,rob,0,AUS,spin,no,23.973214285714285,7.991071428571429
2,1040,209,WIN,5,119,-361,D Ramdin,NM Hauritz,7,12,12,24.43,2896,48.1,Right-hand bat,9,8,0,1746.2,28.62,60.2,rob,0,AUS,spin,no,23.973214285714285,7.991071428571429
2,1041,210,WIN,5,119,-361,D Ramdin,NM Hauritz,7,12,13,24.43,2896,48.1,Right-hand bat,10,8,0,1746.2,28.62,60.2,rob,0,AUS,spin,no,23.973214285714285,7.991071428571429
2,1042,211,WIN,5,119,-361,D Ramdin,NM Hauritz,7,12,14,24.43,2896,48.1,Right-hand bat,11,8,0,1746.2,28.62,60.2,rob,0,AUS,spin,no,23.973214285714285,7.991071428571429
2,1049,218,WIN,5,123,-357,D Ramdin,NM Hauritz,7,12,15,24.43,2896,48.1,Right-hand bat,12,8,0,1746.2,28.62,60.2,rob,1,AUS,spin,no,23.973214285714285,7.991071428571429
2,1053,222,WIN,5,125,-355,D Ramdin,NM Hauritz,7,13,16,24.43,2896,48.1,Right-hand bat,16,10,0,1746.2,28.62,60.2,rob,1,AUS,spin,no,23.973214285714285,7.991071428571429
