innings,match_balls,inn_balls,bat_team,team_wkts,team_score,team_lead,batter,bowler,bat_position,bat_score,bat_balls,bat_avg,career_bat_balls,bat_sr,bat_arm,bowl_balls,bowl_runs,bowl_wkts,career_bowl_balls,bowl_avg,bowl_sr,bowl_type,outcome,host_country,bowl_class,bat_win_toss,seam_factor,spin_factor
2,1076,300,PAK,4,109,-345,Mohammad Amir,PM Siddle,6,0,0,13.9,506,30.23,Left-hand bat,71,27,1,3390.5,32.2,62.8,rfm,0,AUS,seam,no,26.181818181818183,9.818181818181818
2,1097,321,PAK,4,117,-337,Mohammad Amir,PM Siddle,6,0,2,13.9,506,30.23,Left-hand bat,80,32,1,3390.5,32.2,62.8,rfm,0,AUS,seam,no,26.181818181818183,9.818181818181818
2,1098,322,PAK,4,117,-337,Mohammad Amir,PM Siddle,6,0,3,13.9,506,30.23,Left-hand bat,81,32,1,3390.5,32.2,62.8,rfm,1,AUS,seam,no,26.181818181818183,9.818181818181818
2,1120,344,PAK,4,126,-328,Mohammad Amir,PM Siddle,6,1,10,13.9,506,30.23,Left-hand bat,91,39,1,3390.5,32.2,62.8,rfm,0,AUS,seam,no,26.181818181818183,9.818181818181818
2,1121,345,PAK,4,126,-328,Mohammad Amir,PM Siddle,6,1,11,13.9,506,30.23,Left-hand bat,92,39,1,3390.5,32.2,62.8,rfm,0,AUS,seam,no,26.181818181818183,9.818181818181818
2,1122,346,PAK,4,126,-328,Mohammad Amir,PM Siddle,6,1,12,13.9,506,30.23,Left-hand bat,93,39,1,3390.5,32.2,62.8,rfm,0,AUS,seam,no,26.181818181818183,9.818181818181818
2,1123,347,PAK,4,126,-328,Mohammad Amir,PM Siddle,6,1,13,13.9,506,30.23,Left-hand bat,94,39,1,3390.5,32.2,62.8,rfm,0,AUS,seam,no,26.181818181818183,9.818181818181818
2,1124,348,PAK,4,126,-328,Mohammad Amir,PM Siddle,6,1,14,13.9,506,30.23,Left-hand bat,95,39,1,3390.5,32.2,62.8,rfm,0,AUS,seam,no,26.181818181818183,9.818181818181818
2,1125,349,PAK,4,126,-328,Mohammad Amir,PM Siddle,6,1,15,13.9,506,30.23,Left-hand bat,96,39,1,3390.5,32.2,62.8,rfm,0,AUS,seam,no,26.181818181818183,9.818181818181818
