innings,match_balls,inn_balls,bat_team,team_wkts,team_score,team_lead,batter,bowler,bat_position,bat_score,bat_balls,bat_avg,career_bat_balls,bat_sr,bat_arm,bowl_balls,bowl_runs,bowl_wkts,career_bowl_balls,bowl_avg,bowl_sr,bowl_type,outcome,host_country,bowl_class,bat_win_toss,seam_factor,spin_factor
4,1984,186,PAK,4,93,-344,Shoaib Malik,NM Hauritz,6,9,19,36.11,3439,44.11,Right-hand bat,0,0,0,3102,29.26,58.5,rob,1,AUS,spin,no,18.292011019283745,19.435261707988982
4,1987,189,PAK,4,95,-342,Shoaib Malik,NM Hauritz,6,10,20,36.11,3439,44.11,Right-hand bat,3,2,0,3102,29.26,58.5,rob,1,AUS,spin,no,18.292011019283745,19.435261707988982
4,1996,198,PAK,4,103,-334,Shoaib Malik,NM Hauritz,6,18,24,36.11,3439,44.11,Right-hand bat,6,3,0,3102,29.26,58.5,rob,0,AUS,spin,no,18.292011019283745,19.435261707988982
4,1997,199,PAK,4,103,-334,Shoaib Malik,NM Hauritz,6,18,25,36.11,3439,44.11,Right-hand bat,7,3,0,3102,29.26,58.5,rob,0,AUS,spin,no,18.292011019283745,19.435261707988982
4,1998,200,PAK,4,103,-334,Shoaib Malik,NM Hauritz,6,18,26,36.11,3439,44.11,Right-hand bat,8,3,0,3102,29.26,58.5,rob,0,AUS,spin,no,18.292011019283745,19.435261707988982
4,1999,201,PAK,4,103,-334,Shoaib Malik,NM Hauritz,6,18,27,36.11,3439,44.11,Right-hand bat,9,3,0,3102,29.26,58.5,rob,0,AUS,spin,no,18.292011019283745,19.435261707988982
4,2000,202,PAK,4,103,-334,Shoaib Malik,NM Hauritz,6,18,28,36.11,3439,44.11,Right-hand bat,10,3,0,3102,29.26,58.5,rob,0,AUS,spin,no,18.292011019283745,19.435261707988982
4,2001,203,PAK,4,103,-334,Shoaib Malik,NM Hauritz,6,18,29,36.11,3439,44.11,Right-hand bat,11,3,0,3102,29.26,58.5,rob,0,AUS,spin,no,18.292011019283745,19.435261707988982
