innings,match_balls,inn_balls,bat_team,team_wkts,team_score,team_lead,batter,bowler,bat_position,bat_score,bat_balls,bat_avg,career_bat_balls,bat_sr,bat_arm,bowl_balls,bowl_runs,bowl_wkts,career_bowl_balls,bowl_avg,bowl_sr,bowl_type,outcome,host_country,bowl_class,bat_win_toss,seam_factor,spin_factor
1,490,490,RSA,6,282,282,VD Philander,SCJ Broad,7,30,53,26.13,2519,46.68,Right-hand bat,100,35,3,21372,28.67,57.2,rfm,4,RSA,seam,yes,18.703484549638397,7.3477975016436545
1,491,491,RSA,6,286,286,VD Philander,SCJ Broad,7,34,54,26.13,2519,46.68,Right-hand bat,101,39,3,21372,28.67,57.2,rfm,0,RSA,seam,yes,18.703484549638397,7.3477975016436545
1,498,498,RSA,6,286,286,VD Philander,SCJ Broad,7,34,55,26.13,2519,46.68,Right-hand bat,102,39,3,21372,28.67,57.2,rfm,0,RSA,seam,yes,18.703484549638397,7.3477975016436545
1,499,499,RSA,6,286,286,VD Philander,SCJ Broad,7,34,56,26.13,2519,46.68,Right-hand bat,103,39,3,21372,28.67,57.2,rfm,0,RSA,seam,yes,18.703484549638397,7.3477975016436545
1,500,500,RSA,6,286,286,VD Philander,SCJ Broad,7,34,57,26.13,2519,46.68,Right-hand bat,104,39,3,21372,28.67,57.2,rfm,1,RSA,seam,yes,18.703484549638397,7.3477975016436545
1,510,510,RSA,6,288,288,VD Philander,SCJ Broad,7,36,62,26.13,2519,46.68,Right-hand bat,108,40,3,21372,28.67,57.2,rfm,4,RSA,seam,yes,18.703484549638397,7.3477975016436545
1,511,511,RSA,6,292,292,VD Philander,SCJ Broad,7,40,63,26.13,2519,46.68,Right-hand bat,109,44,3,21372,28.67,57.2,rfm,0,RSA,seam,yes,18.703484549638397,7.3477975016436545
1,512,512,RSA,6,292,292,VD Philander,SCJ Broad,7,40,64,26.13,2519,46.68,Right-hand bat,110,44,3,21372,28.67,57.2,rfm,3,RSA,seam,yes,18.703484549638397,7.3477975016436545
