innings,match_balls,inn_balls,bat_team,team_wkts,team_score,team_lead,batter,bowler,bat_position,bat_score,bat_balls,bat_avg,career_bat_balls,bat_sr,bat_arm,bowl_balls,bowl_runs,bowl_wkts,career_bowl_balls,bowl_avg,bowl_sr,bowl_type,outcome,host_country,bowl_class,bat_win_toss,seam_factor,spin_factor
1,46,46,AUS,1,25,25,RT Ponting,TG Southee,3,0,0,55.22,20034,59.53,Right-hand bat,22,9,1,1740.3,40.88,69.7,rmf,0,NZL,seam,yes,24.457063711911356,9.963988919667589
1,47,47,AUS,1,25,25,RT Ponting,TG Southee,3,0,1,55.22,20034,59.53,Right-hand bat,23,9,1,1740.3,40.88,69.7,rmf,4,NZL,seam,yes,24.457063711911356,9.963988919667589
1,59,59,AUS,1,39,39,RT Ponting,TG Southee,3,8,6,55.22,20034,59.53,Right-hand bat,29,18,1,1740.3,40.88,69.7,rmf,0,NZL,seam,yes,24.457063711911356,9.963988919667589
1,66,66,AUS,1,41,41,RT Ponting,TG Southee,3,8,7,55.22,20034,59.53,Right-hand bat,30,18,1,1740.3,40.88,69.7,rmf,0,NZL,seam,yes,24.457063711911356,9.963988919667589
1,67,67,AUS,1,41,41,RT Ponting,TG Southee,3,8,8,55.22,20034,59.53,Right-hand bat,31,18,1,1740.3,40.88,69.7,rmf,2,NZL,seam,yes,24.457063711911356,9.963988919667589
1,68,68,AUS,1,43,43,RT Ponting,TG Southee,3,10,9,55.22,20034,59.53,Right-hand bat,32,20,1,1740.3,40.88,69.7,rmf,0,NZL,seam,yes,24.457063711911356,9.963988919667589
1,69,69,AUS,1,43,43,RT Ponting,TG Southee,3,10,10,55.22,20034,59.53,Right-hand bat,33,20,1,1740.3,40.88,69.7,rmf,0,NZL,seam,yes,24.457063711911356,9.963988919667589
1,70,70,AUS,1,43,43,RT Ponting,TG Southee,3,10,11,55.22,20034,59.53,Right-hand bat,34,20,1,1740.3,40.88,69.7,rmf,0,NZL,seam,yes,24.457063711911356,9.963988919667589
1,71,71,AUS,1,43,43,RT Ponting,TG Southee,3,10,12,55.22,20034,59.53,Right-hand bat,35,20,1,1740.3,40.88,69.7,rmf,0,NZL,seam,yes,24.457063711911356,9.963988919667589
