innings,match_balls,inn_balls,bat_team,team_wkts,team_score,team_lead,batter,bowler,bat_position,bat_score,bat_balls,bat_avg,career_bat_balls,bat_sr,bat_arm,bowl_balls,bowl_runs,bowl_wkts,career_bowl_balls,bowl_avg,bowl_sr,bowl_type,outcome,host_country,bowl_class,bat_win_toss,seam_factor,spin_factor
1,80,80,ENG,1,47,47,IJL Trott,Umar Gul,3,1,7,47.94,1664,48.97,Right-hand bat,7,2,0,6090,33.47,56.3,rfm,0,ENG,seam,yes,20.781065088757398,1.7317554240631166
1,81,81,ENG,1,47,47,IJL Trott,Umar Gul,3,1,8,47.94,1664,48.97,Right-hand bat,8,2,0,6090,33.47,56.3,rfm,1,ENG,seam,yes,20.781065088757398,1.7317554240631166
1,95,95,ENG,1,61,61,IJL Trott,Umar Gul,3,6,15,47.94,1664,48.97,Right-hand bat,16,12,0,6090,33.47,56.3,rfm,0,ENG,seam,yes,20.781065088757398,1.7317554240631166
1,96,96,ENG,1,61,61,IJL Trott,Umar Gul,3,6,16,47.94,1664,48.97,Right-hand bat,17,12,0,6090,33.47,56.3,rfm,3,ENG,seam,yes,20.781065088757398,1.7317554240631166
1,129,129,ENG,1,86,86,IJL Trott,Umar Gul,3,19,30,47.94,1664,48.97,Right-hand bat,31,22,0,6090,33.47,56.3,rfm,0,ENG,seam,yes,20.781065088757398,1.7317554240631166
1,130,130,ENG,1,86,86,IJL Trott,Umar Gul,3,19,31,47.94,1664,48.97,Right-hand bat,32,22,0,6090,33.47,56.3,rfm,0,ENG,seam,yes,20.781065088757398,1.7317554240631166
1,131,131,ENG,1,86,86,IJL Trott,Umar Gul,3,19,32,47.94,1664,48.97,Right-hand bat,33,22,0,6090,33.47,56.3,rfm,0,ENG,seam,yes,20.781065088757398,1.7317554240631166
1,132,132,ENG,1,86,86,IJL Trott,Umar Gul,3,19,33,47.94,1664,48.97,Right-hand bat,34,22,0,6090,33.47,56.3,rfm,0,ENG,seam,yes,20.781065088757398,1.7317554240631166
1,133,133,ENG,1,86,86,IJL Trott,Umar Gul,3,19,34,47.94,1664,48.97,Right-hand bat,35,22,0,6090,33.47,56.3,rfm,1,ENG,seam,yes,20.781065088757398,1.7317554240631166
