innings,match_balls,inn_balls,bat_team,team_wkts,team_score,team_lead,batter,bowler,bat_position,bat_score,bat_balls,bat_avg,career_bat_balls,bat_sr,bat_arm,bowl_balls,bowl_runs,bowl_wkts,career_bowl_balls,bowl_avg,bowl_sr,bowl_type,outcome,host_country,bowl_class,bat_win_toss,seam_factor,spin_factor
3,1193,236,ENG,6,107,279,GP Swann,Mohammad Asif,8,5,6,28.86,740,85.81,Right-hand bat,85,32,2,4620.5,23.12,46.2,rfm,4,ENG,seam,yes,20.781065088757398,1.7317554240631166
3,1194,237,ENG,6,111,283,GP Swann,Mohammad Asif,8,9,7,28.86,740,85.81,Right-hand bat,86,36,2,4620.5,23.12,46.2,rfm,0,ENG,seam,yes,20.781065088757398,1.7317554240631166
3,1195,238,ENG,6,111,283,GP Swann,Mohammad Asif,8,9,8,28.86,740,85.81,Right-hand bat,87,36,2,4620.5,23.12,46.2,rfm,0,ENG,seam,yes,20.781065088757398,1.7317554240631166
3,1196,239,ENG,6,111,283,GP Swann,Mohammad Asif,8,9,9,28.86,740,85.81,Right-hand bat,88,36,2,4620.5,23.12,46.2,rfm,4,ENG,seam,yes,20.781065088757398,1.7317554240631166
3,1197,240,ENG,6,115,287,GP Swann,Mohammad Asif,8,13,10,28.86,740,85.81,Right-hand bat,89,40,2,4620.5,23.12,46.2,rfm,0,ENG,seam,yes,20.781065088757398,1.7317554240631166
3,1198,241,ENG,6,115,287,GP Swann,Mohammad Asif,8,13,11,28.86,740,85.81,Right-hand bat,90,40,2,4620.5,23.12,46.2,rfm,0,ENG,seam,yes,20.781065088757398,1.7317554240631166
3,1208,251,ENG,6,119,291,GP Swann,Mohammad Asif,8,14,15,28.86,740,85.81,Right-hand bat,94,41,2,4620.5,23.12,46.2,rfm,0,ENG,seam,yes,20.781065088757398,1.7317554240631166
3,1209,252,ENG,6,119,291,GP Swann,Mohammad Asif,8,14,16,28.86,740,85.81,Right-hand bat,95,41,2,4620.5,23.12,46.2,rfm,0,ENG,seam,yes,20.781065088757398,1.7317554240631166
3,1210,253,ENG,6,119,291,GP Swann,Mohammad Asif,8,14,17,28.86,740,85.81,Right-hand bat,96,41,2,4620.5,23.12,46.2,rfm,0,ENG,seam,yes,20.781065088757398,1.7317554240631166
