innings,match_balls,inn_balls,bat_team,team_wkts,team_score,team_lead,batter,bowler,bat_position,bat_score,bat_balls,bat_avg,career_bat_balls,bat_sr,bat_arm,bowl_balls,bowl_runs,bowl_wkts,career_bowl_balls,bowl_avg,bowl_sr,bowl_type,outcome,host_country,bowl_class,bat_win_toss,seam_factor,spin_factor
3,1249,292,ENG,7,147,319,SCJ Broad,Danish Kaneria,9,0,0,24.94,1454,60.04,Left-hand bat,19,19,1,17694.3,34.79,67.8,rls,0,ENG,spin,yes,20.781065088757398,1.7317554240631166
3,1250,293,ENG,7,147,319,SCJ Broad,Danish Kaneria,9,0,1,24.94,1454,60.04,Left-hand bat,20,19,1,17694.3,34.79,67.8,rls,0,ENG,spin,yes,20.781065088757398,1.7317554240631166
3,1251,294,ENG,7,147,319,SCJ Broad,Danish Kaneria,9,0,2,24.94,1454,60.04,Left-hand bat,21,19,1,17694.3,34.79,67.8,rls,1,ENG,spin,yes,20.781065088757398,1.7317554240631166
3,1261,304,ENG,7,154,326,SCJ Broad,Danish Kaneria,9,1,3,24.94,1454,60.04,Left-hand bat,25,22,1,17694.3,34.79,67.8,rls,1,ENG,spin,yes,20.781065088757398,1.7317554240631166
3,1263,306,ENG,7,156,328,SCJ Broad,Danish Kaneria,9,2,4,24.94,1454,60.04,Left-hand bat,27,24,1,17694.3,34.79,67.8,rls,1,ENG,spin,yes,20.781065088757398,1.7317554240631166
3,1265,308,ENG,7,158,330,SCJ Broad,Danish Kaneria,9,3,5,24.94,1454,60.04,Left-hand bat,29,26,1,17694.3,34.79,67.8,rls,1,ENG,spin,yes,20.781065088757398,1.7317554240631166
3,1275,318,ENG,7,172,344,SCJ Broad,Danish Kaneria,9,8,8,24.94,1454,60.04,Left-hand bat,33,31,1,17694.3,34.79,67.8,rls,6,ENG,spin,yes,20.781065088757398,1.7317554240631166
3,1276,319,ENG,7,178,350,SCJ Broad,Danish Kaneria,9,14,9,24.94,1454,60.04,Left-hand bat,34,37,1,17694.3,34.79,67.8,rls,1,ENG,spin,yes,20.781065088757398,1.7317554240631166
