innings,match_balls,inn_balls,bat_team,team_wkts,team_score,team_lead,batter,bowler,bat_position,bat_score,bat_balls,bat_avg,career_bat_balls,bat_sr,bat_arm,bowl_balls,bowl_runs,bowl_wkts,career_bowl_balls,bowl_avg,bowl_sr,bowl_type,outcome,host_country,bowl_class,bat_win_toss,seam_factor,spin_factor
4,1490,32,RSA,1,21,-470,HM Amla,SCJ Broad,3,0,0,48.91,16298,50.11,Right-hand bat,14,11,1,21558,28.76,57.4,rfm,0,ENG,seam,no,21.95083102493075,6.8123268698060935
4,1491,33,RSA,1,21,-470,HM Amla,SCJ Broad,3,0,1,48.91,16298,50.11,Right-hand bat,15,11,1,21558,28.76,57.4,rfm,1,ENG,seam,no,21.95083102493075,6.8123268698060935
4,1512,54,RSA,1,33,-458,HM Amla,SCJ Broad,3,3,8,48.91,16298,50.11,Right-hand bat,24,20,1,21558,28.76,57.4,rfm,0,ENG,seam,no,21.95083102493075,6.8123268698060935
4,1513,55,RSA,1,33,-458,HM Amla,SCJ Broad,3,3,9,48.91,16298,50.11,Right-hand bat,25,20,1,21558,28.76,57.4,rfm,0,ENG,seam,no,21.95083102493075,6.8123268698060935
4,1514,56,RSA,1,33,-458,HM Amla,SCJ Broad,3,3,10,48.91,16298,50.11,Right-hand bat,26,20,1,21558,28.76,57.4,rfm,4lb,ENG,seam,no,21.95083102493075,6.8123268698060935
4,1515,57,RSA,1,37,-454,HM Amla,SCJ Broad,3,3,11,48.91,16298,50.11,Right-hand bat,27,20,1,21558,28.76,57.4,rfm,0,ENG,seam,no,21.95083102493075,6.8123268698060935
4,1516,58,RSA,1,37,-454,HM Amla,SCJ Broad,3,3,12,48.91,16298,50.11,Right-hand bat,28,20,1,21558,28.76,57.4,rfm,0,ENG,seam,no,21.95083102493075,6.8123268698060935
4,1517,59,RSA,1,37,-454,HM Amla,SCJ Broad,3,3,13,48.91,16298,50.11,Right-hand bat,29,20,1,21558,28.76,57.4,rfm,0,ENG,seam,no,21.95083102493075,6.8123268698060935
