innings,match_balls,inn_balls,bat_team,team_wkts,team_score,team_lead,batter,bowler,bat_position,bat_score,bat_balls,bat_avg,career_bat_balls,bat_sr,bat_arm,bowl_balls,bowl_runs,bowl_wkts,career_bowl_balls,bowl_avg,bowl_sr,bowl_type,outcome,host_country,bowl_class,bat_win_toss,seam_factor,spin_factor
4,1889,431,RSA,7,233,-258,KA Maharaj,MM Ali,9,14,8,15.81,241,72.19,Right-hand bat,79,39,1,7146.1,37.95,61.6,rob,0,ENG,spin,no,21.95083102493075,6.8123268698060935
4,1890,432,RSA,7,233,-258,KA Maharaj,MM Ali,9,14,9,15.81,241,72.19,Right-hand bat,80,39,1,7146.1,37.95,61.6,rob,0,ENG,spin,no,21.95083102493075,6.8123268698060935
4,1891,433,RSA,7,233,-258,KA Maharaj,MM Ali,9,14,10,15.81,241,72.19,Right-hand bat,81,39,1,7146.1,37.95,61.6,rob,0,ENG,spin,no,21.95083102493075,6.8123268698060935
4,1892,434,RSA,7,233,-258,KA Maharaj,MM Ali,9,14,11,15.81,241,72.19,Right-hand bat,82,39,1,7146.1,37.95,61.6,rob,0,ENG,spin,no,21.95083102493075,6.8123268698060935
4,1893,435,RSA,7,233,-258,KA Maharaj,MM Ali,9,14,12,15.81,241,72.19,Right-hand bat,83,39,1,7146.1,37.95,61.6,rob,0,ENG,spin,no,21.95083102493075,6.8123268698060935
4,1900,442,RSA,7,245,-246,KA Maharaj,MM Ali,9,19,15,15.81,241,72.19,Right-hand bat,84,39,1,7146.1,37.95,61.6,rob,4,ENG,spin,no,21.95083102493075,6.8123268698060935
4,1901,443,RSA,7,249,-242,KA Maharaj,MM Ali,9,23,16,15.81,241,72.19,Right-hand bat,85,43,1,7146.1,37.95,61.6,rob,1,ENG,spin,no,21.95083102493075,6.8123268698060935
4,1904,446,RSA,7,251,-240,KA Maharaj,MM Ali,9,24,17,15.81,241,72.19,Right-hand bat,88,45,1,7146.1,37.95,61.6,rob,0,ENG,spin,no,21.95083102493075,6.8123268698060935
4,1905,447,RSA,7,251,-240,KA Maharaj,MM Ali,9,24,18,15.81,241,72.19,Right-hand bat,89,45,1,7146.1,37.95,61.6,rob,0,ENG,spin,no,21.95083102493075,6.8123268698060935
