innings,match_balls,inn_balls,bat_team,team_wkts,team_score,team_lead,batter,bowler,bat_position,bat_score,bat_balls,bat_avg,career_bat_balls,bat_sr,bat_arm,bowl_balls,bowl_runs,bowl_wkts,career_bowl_balls,bowl_avg,bowl_sr,bowl_type,outcome,host_country,bowl_class,bat_win_toss,seam_factor,spin_factor
3,1141,151,ENG,2,93,18,IJL Trott,Wahab Riaz,4,8,30,48.55,2054,47.27,Right-hand bat,25,30,0,156,17.16,26,lf,0,ENG,seam,yes,16.16743827160494,9.138117283950617
3,1142,152,ENG,2,93,18,IJL Trott,Wahab Riaz,4,8,31,48.55,2054,47.27,Right-hand bat,26,30,0,156,17.16,26,lf,1,ENG,seam,yes,16.16743827160494,9.138117283950617
3,1288,298,ENG,2,153,78,IJL Trott,Wahab Riaz,4,23,93,48.55,2054,47.27,Right-hand bat,33,33,0,156,17.16,26,lf,1,ENG,seam,yes,16.16743827160494,9.138117283950617
3,1297,307,ENG,3,157,82,IJL Trott,Wahab Riaz,4,25,98,48.55,2054,47.27,Right-hand bat,36,34,1,156,17.16,26,lf,0,ENG,seam,yes,16.16743827160494,9.138117283950617
3,1298,308,ENG,3,157,82,IJL Trott,Wahab Riaz,4,25,99,48.55,2054,47.27,Right-hand bat,37,34,1,156,17.16,26,lf,0,ENG,seam,yes,16.16743827160494,9.138117283950617
3,1299,309,ENG,3,157,82,IJL Trott,Wahab Riaz,4,25,100,48.55,2054,47.27,Right-hand bat,38,34,1,156,17.16,26,lf,0,ENG,seam,yes,16.16743827160494,9.138117283950617
3,1300,310,ENG,3,157,82,IJL Trott,Wahab Riaz,4,25,101,48.55,2054,47.27,Right-hand bat,39,34,1,156,17.16,26,lf,0,ENG,seam,yes,16.16743827160494,9.138117283950617
3,1307,317,ENG,3,157,82,IJL Trott,Wahab Riaz,4,25,102,48.55,2054,47.27,Right-hand bat,40,34,1,156,17.16,26,lf,1,ENG,seam,yes,16.16743827160494,9.138117283950617
3,1312,322,ENG,3,159,84,IJL Trott,Wahab Riaz,4,26,103,48.55,2054,47.27,Right-hand bat,45,36,1,156,17.16,26,lf,0,ENG,seam,yes,16.16743827160494,9.138117283950617
