innings,match_balls,inn_balls,bat_team,team_wkts,team_score,team_lead,batter,bowler,bat_position,bat_score,bat_balls,bat_avg,career_bat_balls,bat_sr,bat_arm,bowl_balls,bowl_runs,bowl_wkts,career_bowl_balls,bowl_avg,bowl_sr,bowl_type,outcome,host_country,bowl_class,bat_win_toss,seam_factor,spin_factor
2,986,346,ENG,4,189,-91,PD Collingwood,MG Johnson,6,5,8,40.56,9170,46.44,Right-hand bat,73,42,2,9684.5,29.71,53.5,lf,1,AUS,seam,no,34.81111111111111,5.355555555555555
2,991,351,ENG,4,195,-85,PD Collingwood,MG Johnson,6,6,9,40.56,9170,46.44,Right-hand bat,78,48,2,9684.5,29.71,53.5,lf,0,AUS,seam,no,34.81111111111111,5.355555555555555
2,998,358,ENG,4,197,-83,PD Collingwood,MG Johnson,6,6,10,40.56,9170,46.44,Right-hand bat,79,48,2,9684.5,29.71,53.5,lf,0,AUS,seam,no,34.81111111111111,5.355555555555555
2,999,359,ENG,4,197,-83,PD Collingwood,MG Johnson,6,6,11,40.56,9170,46.44,Right-hand bat,80,48,2,9684.5,29.71,53.5,lf,0,AUS,seam,no,34.81111111111111,5.355555555555555
2,1000,360,ENG,4,197,-83,PD Collingwood,MG Johnson,6,6,12,40.56,9170,46.44,Right-hand bat,81,48,2,9684.5,29.71,53.5,lf,1,AUS,seam,no,34.81111111111111,5.355555555555555
2,1010,370,ENG,4,207,-73,PD Collingwood,MG Johnson,6,8,14,40.56,9170,46.44,Right-hand bat,85,56,2,9684.5,29.71,53.5,lf,0,AUS,seam,no,34.81111111111111,5.355555555555555
2,1011,371,ENG,4,207,-73,PD Collingwood,MG Johnson,6,8,15,40.56,9170,46.44,Right-hand bat,86,56,2,9684.5,29.71,53.5,lf,2,AUS,seam,no,34.81111111111111,5.355555555555555
2,1012,372,ENG,4,209,-71,PD Collingwood,MG Johnson,6,10,16,40.56,9170,46.44,Right-hand bat,87,58,2,9684.5,29.71,53.5,lf,0,AUS,seam,no,34.81111111111111,5.355555555555555
2,1013,373,ENG,4,209,-71,PD Collingwood,MG Johnson,6,10,17,40.56,9170,46.44,Right-hand bat,88,58,2,9684.5,29.71,53.5,lf,0,AUS,seam,no,34.81111111111111,5.355555555555555
2,1014,374,ENG,4,209,-71,PD Collingwood,MG Johnson,6,10,18,40.56,9170,46.44,Right-hand bat,89,58,2,9684.5,29.71,53.5,lf,0,AUS,seam,no,34.81111111111111,5.355555555555555
2,1015,375,ENG,4,209,-71,PD Collingwood,MG Johnson,6,10,19,40.56,9170,46.44,Right-hand bat,90,58,2,9684.5,29.71,53.5,lf,0,AUS,seam,no,34.81111111111111,5.355555555555555
2,1027,387,ENG,4,217,-63,PD Collingwood,MG Johnson,6,10,23,40.56,9170,46.44,Right-hand bat,96,63,2,9684.5,29.71,53.5,lf,0,AUS,seam,no,34.81111111111111,5.355555555555555
