innings,match_balls,inn_balls,bat_team,team_wkts,team_score,team_lead,batter,bowler,bat_position,bat_score,bat_balls,bat_avg,career_bat_balls,bat_sr,bat_arm,bowl_balls,bowl_runs,bowl_wkts,career_bowl_balls,bowl_avg,bowl_sr,bowl_type,outcome,host_country,bowl_class,bat_win_toss,seam_factor,spin_factor
2,1340,700,ENG,6,380,100,MJ Prior,SR Watson,8,0,0,42.96,3356,64,Right-hand bat,94,28,1,2598.3,31.41,60.4,rfm,0,AUS,seam,no,34.81111111111111,5.355555555555555
2,1341,701,ENG,6,380,100,MJ Prior,SR Watson,8,0,1,42.96,3356,64,Right-hand bat,95,28,1,2598.3,31.41,60.4,rfm,0,AUS,seam,no,34.81111111111111,5.355555555555555
2,1342,702,ENG,6,380,100,MJ Prior,SR Watson,8,0,2,42.96,3356,64,Right-hand bat,96,28,1,2598.3,31.41,60.4,rfm,0,AUS,seam,no,34.81111111111111,5.355555555555555
2,1349,709,ENG,6,384,104,MJ Prior,SR Watson,8,0,3,42.96,3356,64,Right-hand bat,97,28,1,2598.3,31.41,60.4,rfm,1,AUS,seam,no,34.81111111111111,5.355555555555555
2,1365,725,ENG,6,396,116,MJ Prior,SR Watson,8,9,10,42.96,3356,64,Right-hand bat,107,32,1,2598.3,31.41,60.4,rfm,1,AUS,seam,no,34.81111111111111,5.355555555555555
2,1373,733,ENG,6,400,120,MJ Prior,SR Watson,8,13,13,42.96,3356,64,Right-hand bat,109,33,1,2598.3,31.41,60.4,rfm,0,AUS,seam,no,34.81111111111111,5.355555555555555
2,1374,734,ENG,6,400,120,MJ Prior,SR Watson,8,13,14,42.96,3356,64,Right-hand bat,110,33,1,2598.3,31.41,60.4,rfm,0,AUS,seam,no,34.81111111111111,5.355555555555555
2,1375,735,ENG,6,400,120,MJ Prior,SR Watson,8,13,15,42.96,3356,64,Right-hand bat,111,33,1,2598.3,31.41,60.4,rfm,1,AUS,seam,no,34.81111111111111,5.355555555555555
