innings,match_balls,inn_balls,bat_team,team_wkts,team_score,team_lead,batter,bowler,bat_position,bat_score,bat_balls,bat_avg,career_bat_balls,bat_sr,bat_arm,bowl_balls,bowl_runs,bowl_wkts,career_bowl_balls,bowl_avg,bowl_sr,bowl_type,outcome,host_country,bowl_class,bat_win_toss,seam_factor,spin_factor
2,1013,439,IND,1,419,26,R Dravid,TM Dilshan,3,49,94,53.6,26634,42.26,Right-hand bat,0,0,0,924.2,36.23,71.2,rob,1,IND,spin,no,18.677764565992863,30.56361474435196
2,1015,441,IND,1,421,28,R Dravid,TM Dilshan,3,50,95,53.6,26634,42.26,Right-hand bat,2,2,0,924.2,36.23,71.2,rob,1,IND,spin,no,18.677764565992863,30.56361474435196
2,1018,444,IND,1,423,30,R Dravid,TM Dilshan,3,51,96,53.6,26634,42.26,Right-hand bat,5,4,0,924.2,36.23,71.2,rob,1,IND,spin,no,18.677764565992863,30.56361474435196
2,1025,451,IND,1,427,34,R Dravid,TM Dilshan,3,54,100,53.6,26634,42.26,Right-hand bat,6,5,0,924.2,36.23,71.2,rob,1,IND,spin,no,18.677764565992863,30.56361474435196
2,1029,455,IND,1,429,36,R Dravid,TM Dilshan,3,55,101,53.6,26634,42.26,Right-hand bat,10,7,0,924.2,36.23,71.2,rob,2,IND,spin,no,18.677764565992863,30.56361474435196
2,1030,456,IND,1,431,38,R Dravid,TM Dilshan,3,57,102,53.6,26634,42.26,Right-hand bat,11,9,0,924.2,36.23,71.2,rob,1,IND,spin,no,18.677764565992863,30.56361474435196
2,1040,466,IND,1,437,44,R Dravid,TM Dilshan,3,58,109,53.6,26634,42.26,Right-hand bat,15,15,0,924.2,36.23,71.2,rob,0,IND,spin,no,18.677764565992863,30.56361474435196
2,1041,467,IND,1,437,44,R Dravid,TM Dilshan,3,58,110,53.6,26634,42.26,Right-hand bat,16,15,0,924.2,36.23,71.2,rob,0,IND,spin,no,18.677764565992863,30.56361474435196
2,1042,468,IND,1,437,44,R Dravid,TM Dilshan,3,58,111,53.6,26634,42.26,Right-hand bat,17,15,0,924.2,36.23,71.2,rob,1,IND,spin,no,18.677764565992863,30.56361474435196
