innings,match_balls,inn_balls,bat_team,team_wkts,team_score,team_lead,batter,bowler,bat_position,bat_score,bat_balls,bat_avg,career_bat_balls,bat_sr,bat_arm,bowl_balls,bowl_runs,bowl_wkts,career_bowl_balls,bowl_avg,bowl_sr,bowl_type,outcome,host_country,bowl_class,bat_win_toss,seam_factor,spin_factor
1,457,457,SRL,5,308,308,AD Mathews,Yuvraj Singh,6,60,83,37.9,635,59.68,Right-hand bat,14,12,0,696.3,50.75,87.3,lo,0,IND,spin,yes,18.677764565992863,30.56361474435196
1,458,458,SRL,5,308,308,AD Mathews,Yuvraj Singh,6,60,84,37.9,635,59.68,Right-hand bat,15,12,0,696.3,50.75,87.3,lo,0,IND,spin,yes,18.677764565992863,30.56361474435196
1,459,459,SRL,5,308,308,AD Mathews,Yuvraj Singh,6,60,85,37.9,635,59.68,Right-hand bat,16,12,0,696.3,50.75,87.3,lo,1,IND,spin,yes,18.677764565992863,30.56361474435196
1,534,534,SRL,8,362,362,AD Mathews,Yuvraj Singh,6,82,113,37.9,635,59.68,Right-hand bat,18,14,0,696.3,50.75,87.3,lo,0,IND,spin,yes,18.677764565992863,30.56361474435196
1,535,535,SRL,8,362,362,AD Mathews,Yuvraj Singh,6,82,114,37.9,635,59.68,Right-hand bat,19,14,0,696.3,50.75,87.3,lo,0,IND,spin,yes,18.677764565992863,30.56361474435196
1,536,536,SRL,8,362,362,AD Mathews,Yuvraj Singh,6,82,115,37.9,635,59.68,Right-hand bat,20,14,0,696.3,50.75,87.3,lo,0,IND,spin,yes,18.677764565992863,30.56361474435196
1,537,537,SRL,8,362,362,AD Mathews,Yuvraj Singh,6,82,116,37.9,635,59.68,Right-hand bat,21,14,0,696.3,50.75,87.3,lo,0,IND,spin,yes,18.677764565992863,30.56361474435196
1,538,538,SRL,8,362,362,AD Mathews,Yuvraj Singh,6,82,117,37.9,635,59.68,Right-hand bat,22,14,0,696.3,50.75,87.3,lo,0,IND,spin,yes,18.677764565992863,30.56361474435196
1,539,539,SRL,8,362,362,AD Mathews,Yuvraj Singh,6,82,118,37.9,635,59.68,Right-hand bat,23,14,0,696.3,50.75,87.3,lo,4,IND,spin,yes,18.677764565992863,30.56361474435196
