innings,match_balls,inn_balls,bat_team,team_wkts,team_score,team_lead,batter,bowler,bat_position,bat_score,bat_balls,bat_avg,career_bat_balls,bat_sr,bat_arm,bowl_balls,bowl_runs,bowl_wkts,career_bowl_balls,bowl_avg,bowl_sr,bowl_type,outcome,host_country,bowl_class,bat_win_toss,seam_factor,spin_factor
3,1384,114,WIN,3,56,-59,S Chanderpaul,JH Kallis,4,19,42,49.28,20961,42.78,Left-hand bat,0,0,0,17886.1,31.59,67.2,rfm,0,WIN,seam,yes,13.730945821854913,10.117539026629936
3,1385,115,WIN,3,56,-59,S Chanderpaul,JH Kallis,4,19,43,49.28,20961,42.78,Left-hand bat,1,0,0,17886.1,31.59,67.2,rfm,0,WIN,seam,yes,13.730945821854913,10.117539026629936
3,1386,116,WIN,3,56,-59,S Chanderpaul,JH Kallis,4,19,44,49.28,20961,42.78,Left-hand bat,2,0,0,17886.1,31.59,67.2,rfm,4,WIN,seam,yes,13.730945821854913,10.117539026629936
3,1387,117,WIN,3,60,-55,S Chanderpaul,JH Kallis,4,23,45,49.28,20961,42.78,Left-hand bat,3,4,0,17886.1,31.59,67.2,rfm,0,WIN,seam,yes,13.730945821854913,10.117539026629936
3,1388,118,WIN,3,60,-55,S Chanderpaul,JH Kallis,4,23,46,49.28,20961,42.78,Left-hand bat,4,4,0,17886.1,31.59,67.2,rfm,0,WIN,seam,yes,13.730945821854913,10.117539026629936
3,1389,119,WIN,3,60,-55,S Chanderpaul,JH Kallis,4,23,47,49.28,20961,42.78,Left-hand bat,5,4,0,17886.1,31.59,67.2,rfm,1,WIN,seam,yes,13.730945821854913,10.117539026629936
3,1583,313,WIN,6,120,5,S Chanderpaul,JH Kallis,4,53,144,49.28,20961,42.78,Left-hand bat,23,10,0,17886.1,31.59,67.2,rfm,0,WIN,seam,yes,13.730945821854913,10.117539026629936
3,1584,314,WIN,6,120,5,S Chanderpaul,JH Kallis,4,53,145,49.28,20961,42.78,Left-hand bat,24,10,0,17886.1,31.59,67.2,rfm,0,WIN,seam,yes,13.730945821854913,10.117539026629936
3,1585,315,WIN,6,120,5,S Chanderpaul,JH Kallis,4,53,146,49.28,20961,42.78,Left-hand bat,25,10,0,17886.1,31.59,67.2,rfm,0,WIN,seam,yes,13.730945821854913,10.117539026629936
