innings,match_balls,inn_balls,bat_team,team_wkts,team_score,team_lead,batter,bowler,bat_position,bat_score,bat_balls,bat_avg,career_bat_balls,bat_sr,bat_arm,bowl_balls,bowl_runs,bowl_wkts,career_bowl_balls,bowl_avg,bowl_sr,bowl_type,outcome,host_country,bowl_class,bat_win_toss,seam_factor,spin_factor
3,1924,466,IND,6,211,-114,Harbhajan Singh,PL Harris,8,1,5,16.85,2452,64.6,Right-hand bat,168,36,3,6306.4,33.41,73.3,lo,4,IND,spin,no,31.198224852071007,11.494082840236688
3,1925,467,IND,6,215,-110,Harbhajan Singh,PL Harris,8,5,6,16.85,2452,64.6,Right-hand bat,169,40,3,6306.4,33.41,73.3,lo,4,IND,spin,no,31.198224852071007,11.494082840236688
3,1926,468,IND,6,219,-106,Harbhajan Singh,PL Harris,8,9,7,16.85,2452,64.6,Right-hand bat,170,44,3,6306.4,33.41,73.3,lo,1,IND,spin,no,31.198224852071007,11.494082840236688
3,1936,478,IND,6,223,-102,Harbhajan Singh,PL Harris,8,11,11,16.85,2452,64.6,Right-hand bat,174,45,3,6306.4,33.41,73.3,lo,1,IND,spin,no,31.198224852071007,11.494082840236688
3,1948,490,IND,6,229,-96,Harbhajan Singh,PL Harris,8,17,16,16.85,2452,64.6,Right-hand bat,180,46,3,6306.4,33.41,73.3,lo,1,IND,spin,no,31.198224852071007,11.494082840236688
3,1950,492,IND,6,231,-94,Harbhajan Singh,PL Harris,8,18,17,16.85,2452,64.6,Right-hand bat,182,48,3,6306.4,33.41,73.3,lo,6,IND,spin,no,31.198224852071007,11.494082840236688
3,1951,493,IND,6,237,-88,Harbhajan Singh,PL Harris,8,24,18,16.85,2452,64.6,Right-hand bat,183,54,3,6306.4,33.41,73.3,lo,0,IND,spin,no,31.198224852071007,11.494082840236688
3,1952,494,IND,6,237,-88,Harbhajan Singh,PL Harris,8,24,19,16.85,2452,64.6,Right-hand bat,184,54,3,6306.4,33.41,73.3,lo,1,IND,spin,no,31.198224852071007,11.494082840236688
