innings,match_balls,inn_balls,bat_team,team_wkts,team_score,team_lead,batter,bowler,bat_position,bat_score,bat_balls,bat_avg,career_bat_balls,bat_sr,bat_arm,bowl_balls,bowl_runs,bowl_wkts,career_bowl_balls,bowl_avg,bowl_sr,bowl_type,outcome,host_country,bowl_class,bat_win_toss,seam_factor,spin_factor
1,349,349,RSA,3,229,229,JH Kallis,Harbhajan Singh,4,0,5,54.76,24402,44.43,Right-hand bat,66,39,0,23400.1,30.94,65.9,rob,3,IND,spin,yes,21.816568047337277,25.45266272189349
1,364,364,RSA,3,235,235,JH Kallis,Harbhajan Singh,4,5,12,54.76,24402,44.43,Right-hand bat,75,43,0,23400.1,30.94,65.9,rob,0,IND,spin,yes,21.816568047337277,25.45266272189349
1,365,365,RSA,3,235,235,JH Kallis,Harbhajan Singh,4,5,13,54.76,24402,44.43,Right-hand bat,76,43,0,23400.1,30.94,65.9,rob,0,IND,spin,yes,21.816568047337277,25.45266272189349
1,366,366,RSA,3,235,235,JH Kallis,Harbhajan Singh,4,5,14,54.76,24402,44.43,Right-hand bat,77,43,0,23400.1,30.94,65.9,rob,4,IND,spin,yes,21.816568047337277,25.45266272189349
1,373,373,RSA,3,245,245,JH Kallis,Harbhajan Singh,4,9,15,54.76,24402,44.43,Right-hand bat,78,47,0,23400.1,30.94,65.9,rob,0,IND,spin,yes,21.816568047337277,25.45266272189349
1,374,374,RSA,3,245,245,JH Kallis,Harbhajan Singh,4,9,16,54.76,24402,44.43,Right-hand bat,79,47,0,23400.1,30.94,65.9,rob,1,IND,spin,yes,21.816568047337277,25.45266272189349
1,389,389,RSA,3,251,251,JH Kallis,Harbhajan Singh,4,10,23,54.76,24402,44.43,Right-hand bat,88,53,0,23400.1,30.94,65.9,rob,0,IND,spin,yes,21.816568047337277,25.45266272189349
1,390,390,RSA,3,251,251,JH Kallis,Harbhajan Singh,4,10,24,54.76,24402,44.43,Right-hand bat,89,53,0,23400.1,30.94,65.9,rob,0,IND,spin,yes,21.816568047337277,25.45266272189349
1,397,397,RSA,3,251,251,JH Kallis,Harbhajan Singh,4,10,25,54.76,24402,44.43,Right-hand bat,90,53,0,23400.1,30.94,65.9,rob,W,IND,spin,yes,21.816568047337277,25.45266272189349
