innings,match_balls,inn_balls,bat_team,team_wkts,team_score,team_lead,batter,bowler,bat_position,bat_score,bat_balls,bat_avg,career_bat_balls,bat_sr,bat_arm,bowl_balls,bowl_runs,bowl_wkts,career_bowl_balls,bowl_avg,bowl_sr,bowl_type,outcome,host_country,bowl_class,bat_win_toss,seam_factor,spin_factor
4,2272,257,IND,4,127,-129,VVS Laxman,TM Dilshan,6,37,61,47.22,15024,49.35,Right-hand bat,0,0,0,1182.2,36.87,74,rob,1,SRL,spin,no,9.051428571428572,30.54857142857143
4,2274,259,IND,4,129,-127,VVS Laxman,TM Dilshan,6,38,62,47.22,15024,49.35,Right-hand bat,2,2,0,1182.2,36.87,74,rob,1,SRL,spin,no,9.051428571428572,30.54857142857143
4,2277,262,IND,4,131,-125,VVS Laxman,TM Dilshan,6,39,63,47.22,15024,49.35,Right-hand bat,5,4,0,1182.2,36.87,74,rob,0,SRL,spin,no,9.051428571428572,30.54857142857143
4,2284,269,IND,4,135,-121,VVS Laxman,TM Dilshan,6,41,68,47.22,15024,49.35,Right-hand bat,6,4,0,1182.2,36.87,74,rob,1,SRL,spin,no,9.051428571428572,30.54857142857143
4,2287,272,IND,4,137,-119,VVS Laxman,TM Dilshan,6,42,69,47.22,15024,49.35,Right-hand bat,9,6,0,1182.2,36.87,74,rob,0,SRL,spin,no,9.051428571428572,30.54857142857143
4,2288,273,IND,4,137,-119,VVS Laxman,TM Dilshan,6,42,70,47.22,15024,49.35,Right-hand bat,10,6,0,1182.2,36.87,74,rob,1,SRL,spin,no,9.051428571428572,30.54857142857143
4,2389,374,IND,5,210,-46,VVS Laxman,TM Dilshan,6,80,121,47.22,15024,49.35,Right-hand bat,16,12,0,1182.2,36.87,74,rob,0,SRL,spin,no,9.051428571428572,30.54857142857143
4,2390,375,IND,5,210,-46,VVS Laxman,TM Dilshan,6,80,122,47.22,15024,49.35,Right-hand bat,17,12,0,1182.2,36.87,74,rob,0,SRL,spin,no,9.051428571428572,30.54857142857143
