innings,match_balls,inn_balls,bat_team,team_wkts,team_score,team_lead,batter,bowler,bat_position,bat_score,bat_balls,bat_avg,career_bat_balls,bat_sr,bat_arm,bowl_balls,bowl_runs,bowl_wkts,career_bowl_balls,bowl_avg,bowl_sr,bowl_type,outcome,host_country,bowl_class,bat_win_toss,seam_factor,spin_factor
2,1516,517,SRL,7,320,-260,KTGD Prasad,KAJ Roach,9,13,15,22.6,167,67.66,Right-hand bat,100,59,2,1686.2,29.09,54.4,rfm,0,SRL,seam,no,20.398865784499055,31.73156899810964
2,1517,518,SRL,7,320,-260,KTGD Prasad,KAJ Roach,9,13,16,22.6,167,67.66,Right-hand bat,101,59,2,1686.2,29.09,54.4,rfm,1,SRL,seam,no,20.398865784499055,31.73156899810964
2,1527,528,SRL,7,324,-256,KTGD Prasad,KAJ Roach,9,15,21,22.6,167,67.66,Right-hand bat,105,62,2,1686.2,29.09,54.4,rfm,0,SRL,seam,no,20.398865784499055,31.73156899810964
2,1528,529,SRL,7,324,-256,KTGD Prasad,KAJ Roach,9,15,22,22.6,167,67.66,Right-hand bat,106,62,2,1686.2,29.09,54.4,rfm,0,SRL,seam,no,20.398865784499055,31.73156899810964
2,1529,530,SRL,7,324,-256,KTGD Prasad,KAJ Roach,9,15,23,22.6,167,67.66,Right-hand bat,107,62,2,1686.2,29.09,54.4,rfm,4,SRL,seam,no,20.398865784499055,31.73156899810964
2,1530,531,SRL,7,328,-252,KTGD Prasad,KAJ Roach,9,19,24,22.6,167,67.66,Right-hand bat,108,66,2,1686.2,29.09,54.4,rfm,4,SRL,seam,no,20.398865784499055,31.73156899810964
2,1531,532,SRL,7,332,-248,KTGD Prasad,KAJ Roach,9,23,25,22.6,167,67.66,Right-hand bat,109,70,2,1686.2,29.09,54.4,rfm,0,SRL,seam,no,20.398865784499055,31.73156899810964
2,1532,533,SRL,7,332,-248,KTGD Prasad,KAJ Roach,9,23,26,22.6,167,67.66,Right-hand bat,110,70,2,1686.2,29.09,54.4,rfm,1,SRL,seam,no,20.398865784499055,31.73156899810964
