innings,match_balls,inn_balls,bat_team,team_wkts,team_score,team_lead,batter,bowler,bat_position,bat_score,bat_balls,bat_avg,career_bat_balls,bat_sr,bat_arm,bowl_balls,bowl_runs,bowl_wkts,career_bowl_balls,bowl_avg,bowl_sr,bowl_type,outcome,host_country,bowl_class,bat_win_toss,seam_factor,spin_factor
3,2031,448,SRL,3,212,10,TT Samaraweera,BP Nash,5,10,21,53.93,8981,48.04,Right-hand bat,6,2,0,438,108.5,219,lm,0,SRL,seam,no,20.398865784499055,31.73156899810964
3,2032,449,SRL,3,212,10,TT Samaraweera,BP Nash,5,10,22,53.93,8981,48.04,Right-hand bat,7,2,0,438,108.5,219,lm,1,SRL,seam,no,20.398865784499055,31.73156899810964
3,2035,452,SRL,3,214,12,TT Samaraweera,BP Nash,5,11,23,53.93,8981,48.04,Right-hand bat,10,4,0,438,108.5,219,lm,0,SRL,seam,no,20.398865784499055,31.73156899810964
3,2036,453,SRL,3,214,12,TT Samaraweera,BP Nash,5,11,24,53.93,8981,48.04,Right-hand bat,11,4,0,438,108.5,219,lm,1,SRL,seam,no,20.398865784499055,31.73156899810964
3,2046,463,SRL,3,222,20,TT Samaraweera,BP Nash,5,12,31,53.93,8981,48.04,Right-hand bat,15,12,0,438,108.5,219,lm,0,SRL,seam,no,20.398865784499055,31.73156899810964
3,2047,464,SRL,3,222,20,TT Samaraweera,BP Nash,5,12,32,53.93,8981,48.04,Right-hand bat,16,12,0,438,108.5,219,lm,0,SRL,seam,no,20.398865784499055,31.73156899810964
3,2048,465,SRL,3,222,20,TT Samaraweera,BP Nash,5,12,33,53.93,8981,48.04,Right-hand bat,17,12,0,438,108.5,219,lm,4,SRL,seam,no,20.398865784499055,31.73156899810964
3,2055,472,SRL,3,232,30,TT Samaraweera,BP Nash,5,16,34,53.93,8981,48.04,Right-hand bat,18,16,0,438,108.5,219,lm,1,SRL,seam,no,20.398865784499055,31.73156899810964
