innings,match_balls,inn_balls,bat_team,team_wkts,team_score,team_lead,batter,bowler,bat_position,bat_score,bat_balls,bat_avg,career_bat_balls,bat_sr,bat_arm,bowl_balls,bowl_runs,bowl_wkts,career_bowl_balls,bowl_avg,bowl_sr,bowl_type,outcome,host_country,bowl_class,bat_win_toss,seam_factor,spin_factor
2,927,236,SRL,0,144,-342,TM Dilshan,KP Pietersen,2,81,101,43.74,6434,65.94,Right-hand bat,0,0,0,906.3,120.2,181.8,rob,0,ENG,spin,yes,33.29666666666667,14.270000000000001
2,928,237,SRL,0,144,-342,TM Dilshan,KP Pietersen,2,81,102,43.74,6434,65.94,Right-hand bat,1,0,0,906.3,120.2,181.8,rob,1,ENG,spin,yes,33.29666666666667,14.270000000000001
2,930,239,SRL,0,146,-340,TM Dilshan,KP Pietersen,2,82,103,43.74,6434,65.94,Right-hand bat,3,2,0,906.3,120.2,181.8,rob,1,ENG,spin,yes,33.29666666666667,14.270000000000001
2,932,241,SRL,0,148,-338,TM Dilshan,KP Pietersen,2,83,104,43.74,6434,65.94,Right-hand bat,5,4,0,906.3,120.2,181.8,rob,0,ENG,spin,yes,33.29666666666667,14.270000000000001
2,942,251,SRL,0,152,-334,TM Dilshan,KP Pietersen,2,85,110,43.74,6434,65.94,Right-hand bat,9,5,0,906.3,120.2,181.8,rob,4,ENG,spin,yes,33.29666666666667,14.270000000000001
2,943,252,SRL,0,156,-330,TM Dilshan,KP Pietersen,2,89,111,43.74,6434,65.94,Right-hand bat,10,9,0,906.3,120.2,181.8,rob,0,ENG,spin,yes,33.29666666666667,14.270000000000001
2,944,253,SRL,0,156,-330,TM Dilshan,KP Pietersen,2,89,112,43.74,6434,65.94,Right-hand bat,11,9,0,906.3,120.2,181.8,rob,0,ENG,spin,yes,33.29666666666667,14.270000000000001
2,951,260,SRL,0,162,-324,TM Dilshan,KP Pietersen,2,90,115,43.74,6434,65.94,Right-hand bat,12,9,0,906.3,120.2,181.8,rob,1,ENG,spin,yes,33.29666666666667,14.270000000000001
2,1161,470,SRL,1,283,-203,TM Dilshan,KP Pietersen,2,157,203,43.74,6434,65.94,Right-hand bat,18,11,0,906.3,120.2,181.8,rob,1,ENG,spin,yes,33.29666666666667,14.270000000000001
