innings,match_balls,inn_balls,bat_team,team_wkts,team_score,team_lead,batter,bowler,bat_position,bat_score,bat_balls,bat_avg,career_bat_balls,bat_sr,bat_arm,bowl_balls,bowl_runs,bowl_wkts,career_bowl_balls,bowl_avg,bowl_sr,bowl_type,outcome,host_country,bowl_class,bat_win_toss,seam_factor,spin_factor
3,701,30,WIN,1,11,-60,KA Hope,SCJ Broad,3,1,2,6.83,106,38.67,Right-hand bat,12,9,0,22362.1,28.81,57.6,rfm,0,WIN,seam,yes,18.761706555671175,0.6253902185223725
3,702,31,WIN,1,11,-60,KA Hope,SCJ Broad,3,1,3,6.83,106,38.67,Right-hand bat,13,9,0,22362.1,28.81,57.6,rfm,0,WIN,seam,yes,18.761706555671175,0.6253902185223725
3,703,32,WIN,1,11,-60,KA Hope,SCJ Broad,3,1,4,6.83,106,38.67,Right-hand bat,14,9,0,22362.1,28.81,57.6,rfm,0,WIN,seam,yes,18.761706555671175,0.6253902185223725
3,704,33,WIN,1,11,-60,KA Hope,SCJ Broad,3,1,5,6.83,106,38.67,Right-hand bat,15,9,0,22362.1,28.81,57.6,rfm,0,WIN,seam,yes,18.761706555671175,0.6253902185223725
3,705,34,WIN,1,11,-60,KA Hope,SCJ Broad,3,1,6,6.83,106,38.67,Right-hand bat,16,9,0,22362.1,28.81,57.6,rfm,0,WIN,seam,yes,18.761706555671175,0.6253902185223725
3,706,35,WIN,1,11,-60,KA Hope,SCJ Broad,3,1,7,6.83,106,38.67,Right-hand bat,17,9,0,22362.1,28.81,57.6,rfm,0,WIN,seam,yes,18.761706555671175,0.6253902185223725
3,716,45,WIN,1,17,-54,KA Hope,SCJ Broad,3,1,9,6.83,106,38.67,Right-hand bat,21,14,0,22362.1,28.81,57.6,rfm,0,WIN,seam,yes,18.761706555671175,0.6253902185223725
3,717,46,WIN,1,17,-54,KA Hope,SCJ Broad,3,1,10,6.83,106,38.67,Right-hand bat,22,14,0,22362.1,28.81,57.6,rfm,0,WIN,seam,yes,18.761706555671175,0.6253902185223725
3,718,47,WIN,1,17,-54,KA Hope,SCJ Broad,3,1,11,6.83,106,38.67,Right-hand bat,23,14,0,22362.1,28.81,57.6,rfm,0,WIN,seam,yes,18.761706555671175,0.6253902185223725
3,729,58,WIN,1,21,-50,KA Hope,SCJ Broad,3,1,12,6.83,106,38.67,Right-hand bat,28,15,0,22362.1,28.81,57.6,rfm,W,WIN,seam,yes,18.761706555671175,0.6253902185223725
