innings,match_balls,inn_balls,bat_team,team_wkts,team_score,team_lead,batter,bowler,bat_position,bat_score,bat_balls,bat_avg,career_bat_balls,bat_sr,bat_arm,bowl_balls,bowl_runs,bowl_wkts,career_bowl_balls,bowl_avg,bowl_sr,bowl_type,outcome,host_country,bowl_class,bat_win_toss,seam_factor,spin_factor
3,1992,494,IND,6,269,-22,G Gambhir,JM Anderson,8,2,10,48.34,6387,52.23,Left-hand bat,92,54,1,13542.3,30.57,56.4,rfm,0,ENG,seam,no,26.050295857988164,19.10355029585799
3,1993,495,IND,6,269,-22,G Gambhir,JM Anderson,8,2,11,48.34,6387,52.23,Left-hand bat,93,54,1,13542.3,30.57,56.4,rfm,0,ENG,seam,no,26.050295857988164,19.10355029585799
3,1994,496,IND,6,269,-22,G Gambhir,JM Anderson,8,2,12,48.34,6387,52.23,Left-hand bat,94,54,1,13542.3,30.57,56.4,rfm,0,ENG,seam,no,26.050295857988164,19.10355029585799
3,1995,497,IND,6,269,-22,G Gambhir,JM Anderson,8,2,13,48.34,6387,52.23,Left-hand bat,95,54,1,13542.3,30.57,56.4,rfm,0,ENG,seam,no,26.050295857988164,19.10355029585799
3,2002,504,IND,8,269,-22,G Gambhir,JM Anderson,8,2,14,48.34,6387,52.23,Left-hand bat,96,54,1,13542.3,30.57,56.4,rfm,0,ENG,seam,no,26.050295857988164,19.10355029585799
3,2003,505,IND,8,269,-22,G Gambhir,JM Anderson,8,2,15,48.34,6387,52.23,Left-hand bat,97,54,1,13542.3,30.57,56.4,rfm,0,ENG,seam,no,26.050295857988164,19.10355029585799
3,2004,506,IND,8,269,-22,G Gambhir,JM Anderson,8,2,16,48.34,6387,52.23,Left-hand bat,98,54,1,13542.3,30.57,56.4,rfm,0,ENG,seam,no,26.050295857988164,19.10355029585799
3,2005,507,IND,8,269,-22,G Gambhir,JM Anderson,8,2,17,48.34,6387,52.23,Left-hand bat,99,54,1,13542.3,30.57,56.4,rfm,0,ENG,seam,no,26.050295857988164,19.10355029585799
3,2006,508,IND,8,269,-22,G Gambhir,JM Anderson,8,2,18,48.34,6387,52.23,Left-hand bat,100,54,1,13542.3,30.57,56.4,rfm,0,ENG,seam,no,26.050295857988164,19.10355029585799
3,2007,509,IND,8,269,-22,G Gambhir,JM Anderson,8,2,19,48.34,6387,52.23,Left-hand bat,101,54,1,13542.3,30.57,56.4,rfm,0,ENG,seam,no,26.050295857988164,19.10355029585799
