innings,match_balls,inn_balls,bat_team,team_wkts,team_score,team_lead,batter,bowler,bat_position,bat_score,bat_balls,bat_avg,career_bat_balls,bat_sr,bat_arm,bowl_balls,bowl_runs,bowl_wkts,career_bowl_balls,bowl_avg,bowl_sr,bowl_type,outcome,host_country,bowl_class,bat_win_toss,seam_factor,spin_factor
4,1734,247,WIN,3,101,-179,DM Bravo,SK Raina,4,41,100,41.27,1107,41.01,Left-hand bat,6,0,0,390.2,32.57,56,rob,0,WIN,spin,yes,22.163452708907254,3.9577594123048665
4,1735,248,WIN,3,101,-179,DM Bravo,SK Raina,4,41,101,41.27,1107,41.01,Left-hand bat,7,0,0,390.2,32.57,56,rob,0,WIN,spin,yes,22.163452708907254,3.9577594123048665
4,1736,249,WIN,3,101,-179,DM Bravo,SK Raina,4,41,102,41.27,1107,41.01,Left-hand bat,8,0,0,390.2,32.57,56,rob,0,WIN,spin,yes,22.163452708907254,3.9577594123048665
4,1737,250,WIN,3,101,-179,DM Bravo,SK Raina,4,41,103,41.27,1107,41.01,Left-hand bat,9,0,0,390.2,32.57,56,rob,1,WIN,spin,yes,22.163452708907254,3.9577594123048665
4,1746,259,WIN,3,103,-177,DM Bravo,SK Raina,4,43,105,41.27,1107,41.01,Left-hand bat,12,1,0,390.2,32.57,56,rob,0,WIN,spin,yes,22.163452708907254,3.9577594123048665
4,1747,260,WIN,3,103,-177,DM Bravo,SK Raina,4,43,106,41.27,1107,41.01,Left-hand bat,13,1,0,390.2,32.57,56,rob,1,WIN,spin,yes,22.163452708907254,3.9577594123048665
4,1759,272,WIN,3,107,-173,DM Bravo,SK Raina,4,44,107,41.27,1107,41.01,Left-hand bat,19,4,0,390.2,32.57,56,rob,0,WIN,spin,yes,22.163452708907254,3.9577594123048665
4,1760,273,WIN,3,107,-173,DM Bravo,SK Raina,4,44,108,41.27,1107,41.01,Left-hand bat,20,4,0,390.2,32.57,56,rob,0,WIN,spin,yes,22.163452708907254,3.9577594123048665
4,1761,274,WIN,3,107,-173,DM Bravo,SK Raina,4,44,109,41.27,1107,41.01,Left-hand bat,21,4,0,390.2,32.57,56,rob,1,WIN,spin,yes,22.163452708907254,3.9577594123048665
