innings,match_balls,inn_balls,bat_team,team_wkts,team_score,team_lead,batter,bowler,bat_position,bat_score,bat_balls,bat_avg,career_bat_balls,bat_sr,bat_arm,bowl_balls,bowl_runs,bowl_wkts,career_bowl_balls,bowl_avg,bowl_sr,bowl_type,outcome,host_country,bowl_class,bat_win_toss,seam_factor,spin_factor
4,1924,139,NZL,2,66,-334,LRPL Taylor,DW Steyn,4,5,9,43.65,4525,58.85,Right-hand bat,30,11,0,10698.5,23.29,40.3,rf,0,NZL,seam,yes,32.68312757201647,7.427983539094651
4,1925,140,NZL,2,66,-334,LRPL Taylor,DW Steyn,4,5,10,43.65,4525,58.85,Right-hand bat,31,11,0,10698.5,23.29,40.3,rf,0,NZL,seam,yes,32.68312757201647,7.427983539094651
4,1926,141,NZL,2,66,-334,LRPL Taylor,DW Steyn,4,5,11,43.65,4525,58.85,Right-hand bat,32,11,0,10698.5,23.29,40.3,rf,1,NZL,seam,yes,32.68312757201647,7.427983539094651
4,1930,145,NZL,2,69,-331,LRPL Taylor,DW Steyn,4,6,12,43.65,4525,58.85,Right-hand bat,36,14,0,10698.5,23.29,40.3,rf,0,NZL,seam,yes,32.68312757201647,7.427983539094651
4,1939,154,NZL,2,71,-329,LRPL Taylor,DW Steyn,4,6,13,43.65,4525,58.85,Right-hand bat,39,15,0,10698.5,23.29,40.3,rf,4,NZL,seam,yes,32.68312757201647,7.427983539094651
4,1940,155,NZL,2,75,-325,LRPL Taylor,DW Steyn,4,10,14,43.65,4525,58.85,Right-hand bat,40,19,0,10698.5,23.29,40.3,rf,0,NZL,seam,yes,32.68312757201647,7.427983539094651
4,1941,156,NZL,2,75,-325,LRPL Taylor,DW Steyn,4,10,15,43.65,4525,58.85,Right-hand bat,41,19,0,10698.5,23.29,40.3,rf,1,NZL,seam,yes,32.68312757201647,7.427983539094651
4,1953,168,NZL,2,79,-321,LRPL Taylor,DW Steyn,4,11,22,43.65,4525,58.85,Right-hand bat,47,23,0,10698.5,23.29,40.3,rf,2,NZL,seam,yes,32.68312757201647,7.427983539094651
4,1954,169,NZL,2,81,-319,LRPL Taylor,DW Steyn,4,13,23,43.65,4525,58.85,Right-hand bat,48,25,0,10698.5,23.29,40.3,rf,0,NZL,seam,yes,32.68312757201647,7.427983539094651
