innings,match_balls,inn_balls,bat_team,team_wkts,team_score,team_lead,batter,bowler,bat_position,bat_score,bat_balls,bat_avg,career_bat_balls,bat_sr,bat_arm,bowl_balls,bowl_runs,bowl_wkts,career_bowl_balls,bowl_avg,bowl_sr,bowl_type,outcome,host_country,bowl_class,bat_win_toss,seam_factor,spin_factor
1,237,237,RSA,4,145,145,JA Rudolph,DL Vettori,6,25,37,37.42,5417,44.21,Left-hand bat,39,16,0,27930.5,33.82,78.2,lo,1,NZL,spin,no,32.68312757201647,7.427983539094651
1,239,239,RSA,4,147,147,JA Rudolph,DL Vettori,6,26,38,37.42,5417,44.21,Left-hand bat,41,18,0,27930.5,33.82,78.2,lo,1,NZL,spin,no,32.68312757201647,7.427983539094651
1,246,246,RSA,4,155,155,JA Rudolph,DL Vettori,6,28,41,37.42,5417,44.21,Left-hand bat,42,19,0,27930.5,33.82,78.2,lo,1,NZL,spin,no,32.68312757201647,7.427983539094651
1,258,258,RSA,5,161,161,JA Rudolph,DL Vettori,6,30,48,37.42,5417,44.21,Left-hand bat,48,24,1,27930.5,33.82,78.2,lo,W,NZL,spin,no,32.68312757201647,7.427983539094651
1,263,263,RSA,6,162,162,JA Rudolph,DL Vettori,6,30,49,37.42,5417,44.21,Left-hand bat,53,25,2,27930.5,33.82,78.2,lo,0,NZL,spin,no,32.68312757201647,7.427983539094651
1,295,295,RSA,7,179,179,JA Rudolph,DL Vettori,6,38,61,37.42,5417,44.21,Left-hand bat,66,28,2,27930.5,33.82,78.2,lo,0,NZL,spin,no,32.68312757201647,7.427983539094651
1,296,296,RSA,7,179,179,JA Rudolph,DL Vettori,6,38,62,37.42,5417,44.21,Left-hand bat,67,28,2,27930.5,33.82,78.2,lo,0,NZL,spin,no,32.68312757201647,7.427983539094651
1,297,297,RSA,7,179,179,JA Rudolph,DL Vettori,6,38,63,37.42,5417,44.21,Left-hand bat,68,28,2,27930.5,33.82,78.2,lo,0,NZL,spin,no,32.68312757201647,7.427983539094651
1,298,298,RSA,7,179,179,JA Rudolph,DL Vettori,6,38,64,37.42,5417,44.21,Left-hand bat,69,28,2,27930.5,33.82,78.2,lo,1,NZL,spin,no,32.68312757201647,7.427983539094651
