innings,match_balls,inn_balls,bat_team,team_wkts,team_score,team_lead,batter,bowler,bat_position,bat_score,bat_balls,bat_avg,career_bat_balls,bat_sr,bat_arm,bowl_balls,bowl_runs,bowl_wkts,career_bowl_balls,bowl_avg,bowl_sr,bowl_type,outcome,host_country,bowl_class,bat_win_toss,seam_factor,spin_factor
3,1630,154,RSA,2,130,329,AB de Villiers,MR Gillespie,3,33,32,49.16,9930,54.95,Right-hand bat,25,21,0,864.4,28.68,39.4,rfm,4,NZL,seam,no,37.73979591836735,2.903061224489796
3,1631,155,RSA,2,134,333,AB de Villiers,MR Gillespie,3,37,33,49.16,9930,54.95,Right-hand bat,26,25,0,864.4,28.68,39.4,rfm,1,NZL,seam,no,37.73979591836735,2.903061224489796
3,1635,159,RSA,2,142,341,AB de Villiers,MR Gillespie,3,38,34,49.16,9930,54.95,Right-hand bat,30,32,0,864.4,28.68,39.4,rfm,2,NZL,seam,no,37.73979591836735,2.903061224489796
3,1642,166,RSA,2,152,351,AB de Villiers,MR Gillespie,3,42,37,49.16,9930,54.95,Right-hand bat,31,34,0,864.4,28.68,39.4,rfm,4,NZL,seam,no,37.73979591836735,2.903061224489796
3,1643,167,RSA,2,156,355,AB de Villiers,MR Gillespie,3,46,38,49.16,9930,54.95,Right-hand bat,32,38,0,864.4,28.68,39.4,rfm,4,NZL,seam,no,37.73979591836735,2.903061224489796
3,1644,168,RSA,2,160,359,AB de Villiers,MR Gillespie,3,50,39,49.16,9930,54.95,Right-hand bat,33,42,0,864.4,28.68,39.4,rfm,1nb,NZL,seam,no,37.73979591836735,2.903061224489796
3,1646,170,RSA,2,163,362,AB de Villiers,MR Gillespie,3,51,40,49.16,9930,54.95,Right-hand bat,35,44,0,864.4,28.68,39.4,rfm,2,NZL,seam,no,37.73979591836735,2.903061224489796
3,1647,171,RSA,2,165,364,AB de Villiers,MR Gillespie,3,53,41,49.16,9930,54.95,Right-hand bat,36,46,0,864.4,28.68,39.4,rfm,6,NZL,seam,no,37.73979591836735,2.903061224489796
3,1648,172,RSA,2,171,370,AB de Villiers,MR Gillespie,3,59,42,49.16,9930,54.95,Right-hand bat,37,52,0,864.4,28.68,39.4,rfm,1,NZL,seam,no,37.73979591836735,2.903061224489796
