innings,match_balls,inn_balls,bat_team,team_wkts,team_score,team_lead,batter,bowler,bat_position,bat_score,bat_balls,bat_avg,career_bat_balls,bat_sr,bat_arm,bowl_balls,bowl_runs,bowl_wkts,career_bowl_balls,bowl_avg,bowl_sr,bowl_type,outcome,host_country,bowl_class,bat_win_toss,seam_factor,spin_factor
3,2440,530,ENG,9,218,-34,JM Anderson,DW Steyn,11,0,0,11.32,1783,37.46,Left-hand bat,119,52,5,11436.5,23.16,41,rf,0,ENG,seam,yes,46.933884297520656,10.429752066115704
3,2447,537,ENG,9,220,-32,JM Anderson,DW Steyn,11,0,2,11.32,1783,37.46,Left-hand bat,120,52,5,11436.5,23.16,41,rf,4,ENG,seam,yes,46.933884297520656,10.429752066115704
3,2448,538,ENG,9,224,-28,JM Anderson,DW Steyn,11,4,3,11.32,1783,37.46,Left-hand bat,121,56,5,11436.5,23.16,41,rf,0,ENG,seam,yes,46.933884297520656,10.429752066115704
3,2449,539,ENG,9,224,-28,JM Anderson,DW Steyn,11,4,4,11.32,1783,37.46,Left-hand bat,122,56,5,11436.5,23.16,41,rf,0,ENG,seam,yes,46.933884297520656,10.429752066115704
3,2450,540,ENG,9,224,-28,JM Anderson,DW Steyn,11,4,5,11.32,1783,37.46,Left-hand bat,123,56,5,11436.5,23.16,41,rf,0,ENG,seam,yes,46.933884297520656,10.429752066115704
3,2451,541,ENG,9,224,-28,JM Anderson,DW Steyn,11,4,6,11.32,1783,37.46,Left-hand bat,124,56,5,11436.5,23.16,41,rf,0,ENG,seam,yes,46.933884297520656,10.429752066115704
3,2452,542,ENG,9,224,-28,JM Anderson,DW Steyn,11,4,7,11.32,1783,37.46,Left-hand bat,125,56,5,11436.5,23.16,41,rf,0,ENG,seam,yes,46.933884297520656,10.429752066115704
