innings,match_balls,inn_balls,bat_team,team_wkts,team_score,team_lead,batter,bowler,bat_position,bat_score,bat_balls,bat_avg,career_bat_balls,bat_sr,bat_arm,bowl_balls,bowl_runs,bowl_wkts,career_bowl_balls,bowl_avg,bowl_sr,bowl_type,outcome,host_country,bowl_class,bat_win_toss,seam_factor,spin_factor
3,1969,356,RSA,6,223,217,AN Petersen,SCJ Broad,8,0,0,43.88,2185,52.21,Right-hand bat,74,46,3,10338,30.66,61.1,rfm,1,ENG,seam,no,28.282828282828284,9.050505050505052
3,1971,358,RSA,6,225,219,AN Petersen,SCJ Broad,8,1,1,43.88,2185,52.21,Right-hand bat,76,48,3,10338,30.66,61.1,rfm,0,ENG,seam,no,28.282828282828284,9.050505050505052
3,1972,359,RSA,6,225,219,AN Petersen,SCJ Broad,8,1,2,43.88,2185,52.21,Right-hand bat,77,48,3,10338,30.66,61.1,rfm,0,ENG,seam,no,28.282828282828284,9.050505050505052
3,1973,360,RSA,6,225,219,AN Petersen,SCJ Broad,8,1,3,43.88,2185,52.21,Right-hand bat,78,48,3,10338,30.66,61.1,rfm,0,ENG,seam,no,28.282828282828284,9.050505050505052
3,2004,391,RSA,7,239,233,AN Petersen,SCJ Broad,8,10,17,43.88,2185,52.21,Right-hand bat,91,52,4,10338,30.66,61.1,rfm,0,ENG,seam,no,28.282828282828284,9.050505050505052
3,2005,392,RSA,7,239,233,AN Petersen,SCJ Broad,8,10,18,43.88,2185,52.21,Right-hand bat,92,52,4,10338,30.66,61.1,rfm,1,ENG,seam,no,28.282828282828284,9.050505050505052
3,2009,396,RSA,7,243,237,AN Petersen,SCJ Broad,8,11,19,43.88,2185,52.21,Right-hand bat,96,56,4,10338,30.66,61.1,rfm,4,ENG,seam,no,28.282828282828284,9.050505050505052
3,2016,403,RSA,8,249,243,AN Petersen,SCJ Broad,8,15,20,43.88,2185,52.21,Right-hand bat,97,60,4,10338,30.66,61.1,rfm,1,ENG,seam,no,28.282828282828284,9.050505050505052
