innings,match_balls,inn_balls,bat_team,team_wkts,team_score,team_lead,batter,bowler,bat_position,bat_score,bat_balls,bat_avg,career_bat_balls,bat_sr,bat_arm,bowl_balls,bowl_runs,bowl_wkts,career_bowl_balls,bowl_avg,bowl_sr,bowl_type,outcome,host_country,bowl_class,bat_win_toss,seam_factor,spin_factor
1,724,724,RSA,7,353,353,VD Philander,SCJ Broad,9,0,0,12.77,298,38.59,Right-hand bat,178,74,3,10338,30.66,61.1,rfm,0,ENG,seam,no,28.282828282828284,9.050505050505052
1,725,725,RSA,7,353,353,VD Philander,SCJ Broad,9,0,1,12.77,298,38.59,Right-hand bat,179,74,3,10338,30.66,61.1,rfm,0,ENG,seam,no,28.282828282828284,9.050505050505052
1,744,744,RSA,7,363,363,VD Philander,SCJ Broad,9,5,10,12.77,298,38.59,Right-hand bat,186,78,3,10338,30.66,61.1,rfm,4,ENG,seam,no,28.282828282828284,9.050505050505052
1,745,745,RSA,7,367,367,VD Philander,SCJ Broad,9,9,11,12.77,298,38.59,Right-hand bat,187,82,3,10338,30.66,61.1,rfm,0,ENG,seam,no,28.282828282828284,9.050505050505052
1,746,746,RSA,7,367,367,VD Philander,SCJ Broad,9,9,12,12.77,298,38.59,Right-hand bat,188,82,3,10338,30.66,61.1,rfm,0,ENG,seam,no,28.282828282828284,9.050505050505052
1,747,747,RSA,7,367,367,VD Philander,SCJ Broad,9,9,13,12.77,298,38.59,Right-hand bat,189,82,3,10338,30.66,61.1,rfm,0,ENG,seam,no,28.282828282828284,9.050505050505052
1,748,748,RSA,7,367,367,VD Philander,SCJ Broad,9,9,14,12.77,298,38.59,Right-hand bat,190,82,3,10338,30.66,61.1,rfm,4,ENG,seam,no,28.282828282828284,9.050505050505052
1,749,749,RSA,7,371,371,VD Philander,SCJ Broad,9,13,15,12.77,298,38.59,Right-hand bat,191,86,3,10338,30.66,61.1,rfm,0,ENG,seam,no,28.282828282828284,9.050505050505052
