innings,match_balls,inn_balls,bat_team,team_wkts,team_score,team_lead,batter,bowler,bat_position,bat_score,bat_balls,bat_avg,career_bat_balls,bat_sr,bat_arm,bowl_balls,bowl_runs,bowl_wkts,career_bowl_balls,bowl_avg,bowl_sr,bowl_type,outcome,host_country,bowl_class,bat_win_toss,seam_factor,spin_factor
4,2283,274,ENG,5,135,-210,MJ Prior,VD Philander,7,0,6,42.61,4733,64.82,Right-hand bat,68,24,3,2088.3,15.96,33.1,rfm,1,ENG,seam,no,26.966250000000002,4.758750000000001
4,2306,297,ENG,5,139,-206,MJ Prior,VD Philander,7,3,19,42.61,4733,64.82,Right-hand bat,79,26,3,2088.3,15.96,33.1,rfm,0,ENG,seam,no,26.966250000000002,4.758750000000001
4,2307,298,ENG,5,139,-206,MJ Prior,VD Philander,7,3,20,42.61,4733,64.82,Right-hand bat,80,26,3,2088.3,15.96,33.1,rfm,0,ENG,seam,no,26.966250000000002,4.758750000000001
4,2308,299,ENG,5,139,-206,MJ Prior,VD Philander,7,3,21,42.61,4733,64.82,Right-hand bat,81,26,3,2088.3,15.96,33.1,rfm,0,ENG,seam,no,26.966250000000002,4.758750000000001
4,2309,300,ENG,5,139,-206,MJ Prior,VD Philander,7,3,22,42.61,4733,64.82,Right-hand bat,82,26,3,2088.3,15.96,33.1,rfm,2,ENG,seam,no,26.966250000000002,4.758750000000001
4,2310,301,ENG,5,141,-204,MJ Prior,VD Philander,7,5,23,42.61,4733,64.82,Right-hand bat,83,28,3,2088.3,15.96,33.1,rfm,1,ENG,seam,no,26.966250000000002,4.758750000000001
4,2506,497,ENG,8,294,-51,MJ Prior,VD Philander,7,73,128,42.61,4733,64.82,Right-hand bat,86,30,3,2088.3,15.96,33.1,rfm,0,ENG,seam,no,26.966250000000002,4.758750000000001
4,2507,498,ENG,8,294,-51,MJ Prior,VD Philander,7,73,129,42.61,4733,64.82,Right-hand bat,87,30,3,2088.3,15.96,33.1,rfm,W,ENG,seam,no,26.966250000000002,4.758750000000001
