innings,match_balls,inn_balls,bat_team,team_wkts,team_score,team_lead,batter,bowler,bat_position,bat_score,bat_balls,bat_avg,career_bat_balls,bat_sr,bat_arm,bowl_balls,bowl_runs,bowl_wkts,career_bowl_balls,bowl_avg,bowl_sr,bowl_type,outcome,host_country,bowl_class,bat_win_toss,seam_factor,spin_factor
1,142,142,WIN,2,45,45,DM Bravo,PP Ojha,4,0,0,43.05,1710,45.32,Left-hand bat,45,8,2,3828.1,36.85,78.1,lo,0,IND,spin,yes,11.074285714285715,16.611428571428572
1,143,143,WIN,2,45,45,DM Bravo,PP Ojha,4,0,1,43.05,1710,45.32,Left-hand bat,46,8,2,3828.1,36.85,78.1,lo,0,IND,spin,yes,11.074285714285715,16.611428571428572
1,144,144,WIN,2,45,45,DM Bravo,PP Ojha,4,0,2,43.05,1710,45.32,Left-hand bat,47,8,2,3828.1,36.85,78.1,lo,0,IND,spin,yes,11.074285714285715,16.611428571428572
1,151,151,WIN,2,45,45,DM Bravo,PP Ojha,4,0,3,43.05,1710,45.32,Left-hand bat,48,8,2,3828.1,36.85,78.1,lo,0,IND,spin,yes,11.074285714285715,16.611428571428572
1,152,152,WIN,2,45,45,DM Bravo,PP Ojha,4,0,4,43.05,1710,45.32,Left-hand bat,49,8,2,3828.1,36.85,78.1,lo,0,IND,spin,yes,11.074285714285715,16.611428571428572
1,153,153,WIN,2,45,45,DM Bravo,PP Ojha,4,0,5,43.05,1710,45.32,Left-hand bat,50,8,2,3828.1,36.85,78.1,lo,0,IND,spin,yes,11.074285714285715,16.611428571428572
1,154,154,WIN,2,45,45,DM Bravo,PP Ojha,4,0,6,43.05,1710,45.32,Left-hand bat,51,8,2,3828.1,36.85,78.1,lo,0,IND,spin,yes,11.074285714285715,16.611428571428572
1,155,155,WIN,2,45,45,DM Bravo,PP Ojha,4,0,7,43.05,1710,45.32,Left-hand bat,52,8,2,3828.1,36.85,78.1,lo,0,IND,spin,yes,11.074285714285715,16.611428571428572
1,156,156,WIN,2,45,45,DM Bravo,PP Ojha,4,0,8,43.05,1710,45.32,Left-hand bat,53,8,2,3828.1,36.85,78.1,lo,0,IND,spin,yes,11.074285714285715,16.611428571428572
1,163,163,WIN,2,49,49,DM Bravo,PP Ojha,4,0,9,43.05,1710,45.32,Left-hand bat,54,8,2,3828.1,36.85,78.1,lo,1,IND,spin,yes,11.074285714285715,16.611428571428572
1,166,166,WIN,2,51,51,DM Bravo,PP Ojha,4,1,10,43.05,1710,45.32,Left-hand bat,57,10,2,3828.1,36.85,78.1,lo,0,IND,spin,yes,11.074285714285715,16.611428571428572
1,167,167,WIN,2,51,51,DM Bravo,PP Ojha,4,1,11,43.05,1710,45.32,Left-hand bat,58,10,2,3828.1,36.85,78.1,lo,4,IND,spin,yes,11.074285714285715,16.611428571428572
1,168,168,WIN,2,55,55,DM Bravo,PP Ojha,4,5,12,43.05,1710,45.32,Left-hand bat,59,14,2,3828.1,36.85,78.1,lo,0,IND,spin,yes,11.074285714285715,16.611428571428572
