innings,match_balls,inn_balls,bat_team,team_wkts,team_score,team_lead,batter,bowler,bat_position,bat_score,bat_balls,bat_avg,career_bat_balls,bat_sr,bat_arm,bowl_balls,bowl_runs,bowl_wkts,career_bowl_balls,bowl_avg,bowl_sr,bowl_type,outcome,host_country,bowl_class,bat_win_toss,seam_factor,spin_factor
3,2248,318,WIN,8,129,237,FH Edwards,R Ashwin,10,0,0,6.55,1303,28.16,Right-hand bat,78,32,2,1020,22.9,46.3,rob,0,IND,spin,yes,14.280078895463513,22.848126232741617
3,2249,319,WIN,8,129,237,FH Edwards,R Ashwin,10,0,1,6.55,1303,28.16,Right-hand bat,79,32,2,1020,22.9,46.3,rob,0,IND,spin,yes,14.280078895463513,22.848126232741617
3,2250,320,WIN,8,129,237,FH Edwards,R Ashwin,10,0,2,6.55,1303,28.16,Right-hand bat,80,32,2,1020,22.9,46.3,rob,0,IND,spin,yes,14.280078895463513,22.848126232741617
3,2251,321,WIN,8,129,237,FH Edwards,R Ashwin,10,0,3,6.55,1303,28.16,Right-hand bat,81,32,2,1020,22.9,46.3,rob,0,IND,spin,yes,14.280078895463513,22.848126232741617
3,2252,322,WIN,8,129,237,FH Edwards,R Ashwin,10,0,4,6.55,1303,28.16,Right-hand bat,82,32,2,1020,22.9,46.3,rob,1,IND,spin,yes,14.280078895463513,22.848126232741617
3,2262,332,WIN,8,131,239,FH Edwards,R Ashwin,10,1,11,6.55,1303,28.16,Right-hand bat,86,34,2,1020,22.9,46.3,rob,0,IND,spin,yes,14.280078895463513,22.848126232741617
3,2263,333,WIN,8,131,239,FH Edwards,R Ashwin,10,1,12,6.55,1303,28.16,Right-hand bat,87,34,2,1020,22.9,46.3,rob,0,IND,spin,yes,14.280078895463513,22.848126232741617
3,2264,334,WIN,8,131,239,FH Edwards,R Ashwin,10,1,13,6.55,1303,28.16,Right-hand bat,88,34,2,1020,22.9,46.3,rob,0,IND,spin,yes,14.280078895463513,22.848126232741617
3,2265,335,WIN,8,131,239,FH Edwards,R Ashwin,10,1,14,6.55,1303,28.16,Right-hand bat,89,34,2,1020,22.9,46.3,rob,0,IND,spin,yes,14.280078895463513,22.848126232741617
