innings,match_balls,inn_balls,bat_team,team_wkts,team_score,team_lead,batter,bowler,bat_position,bat_score,bat_balls,bat_avg,career_bat_balls,bat_sr,bat_arm,bowl_balls,bowl_runs,bowl_wkts,career_bowl_balls,bowl_avg,bowl_sr,bowl_type,outcome,host_country,bowl_class,bat_win_toss,seam_factor,spin_factor
3,2577,487,ENG,8,200,-82,JC Buttler,R Ashwin,7,4,25,31.36,1412,55.52,Right-hand bat,138,55,0,12732,24.96,51.3,rob,0,IND,spin,yes,17.814814814814813,35.629629629629626
3,2578,488,ENG,8,200,-82,JC Buttler,R Ashwin,7,4,26,31.36,1412,55.52,Right-hand bat,139,55,0,12732,24.96,51.3,rob,0,IND,spin,yes,17.814814814814813,35.629629629629626
3,2579,489,ENG,8,200,-82,JC Buttler,R Ashwin,7,4,27,31.36,1412,55.52,Right-hand bat,140,55,0,12732,24.96,51.3,rob,4b,IND,spin,yes,17.814814814814813,35.629629629629626
3,2580,490,ENG,8,204,-78,JC Buttler,R Ashwin,7,4,28,31.36,1412,55.52,Right-hand bat,141,55,0,12732,24.96,51.3,rob,1,IND,spin,yes,17.814814814814813,35.629629629629626
3,2589,499,ENG,8,206,-76,JC Buttler,R Ashwin,7,6,34,31.36,1412,55.52,Right-hand bat,144,56,0,12732,24.96,51.3,rob,0,IND,spin,yes,17.814814814814813,35.629629629629626
3,2590,500,ENG,8,206,-76,JC Buttler,R Ashwin,7,6,35,31.36,1412,55.52,Right-hand bat,145,56,0,12732,24.96,51.3,rob,0,IND,spin,yes,17.814814814814813,35.629629629629626
3,2591,501,ENG,8,206,-76,JC Buttler,R Ashwin,7,6,36,31.36,1412,55.52,Right-hand bat,146,56,0,12732,24.96,51.3,rob,0,IND,spin,yes,17.814814814814813,35.629629629629626
3,2592,502,ENG,8,206,-76,JC Buttler,R Ashwin,7,6,37,31.36,1412,55.52,Right-hand bat,147,56,0,12732,24.96,51.3,rob,0,IND,spin,yes,17.814814814814813,35.629629629629626
3,2593,503,ENG,8,206,-76,JC Buttler,R Ashwin,7,6,38,31.36,1412,55.52,Right-hand bat,148,56,0,12732,24.96,51.3,rob,0,IND,spin,yes,17.814814814814813,35.629629629629626
3,2594,504,ENG,8,206,-76,JC Buttler,R Ashwin,7,6,39,31.36,1412,55.52,Right-hand bat,149,56,0,12732,24.96,51.3,rob,0,IND,spin,yes,17.814814814814813,35.629629629629626
