innings,match_balls,inn_balls,bat_team,team_wkts,team_score,team_lead,batter,bowler,bat_position,bat_score,bat_balls,bat_avg,career_bat_balls,bat_sr,bat_arm,bowl_balls,bowl_runs,bowl_wkts,career_bowl_balls,bowl_avg,bowl_sr,bowl_type,outcome,host_country,bowl_class,bat_win_toss,seam_factor,spin_factor
3,2038,241,WIN,5,74,117,CS Baugh,RJ Harris,7,4,17,18.45,1099,52.04,Right-hand bat,25,14,1,2160.2,22.63,47,rf,1lb,WIN,seam,yes,25.36326530612245,8.779591836734696
3,2043,246,WIN,6,76,119,CS Baugh,RJ Harris,7,4,18,18.45,1099,52.04,Right-hand bat,30,15,2,2160.2,22.63,47,rf,2,WIN,seam,yes,25.36326530612245,8.779591836734696
3,2050,253,WIN,6,84,127,CS Baugh,RJ Harris,7,7,22,18.45,1099,52.04,Right-hand bat,31,17,2,2160.2,22.63,47,rf,0,WIN,seam,yes,25.36326530612245,8.779591836734696
3,2051,254,WIN,6,84,127,CS Baugh,RJ Harris,7,7,23,18.45,1099,52.04,Right-hand bat,32,17,2,2160.2,22.63,47,rf,0,WIN,seam,yes,25.36326530612245,8.779591836734696
3,2052,255,WIN,6,84,127,CS Baugh,RJ Harris,7,7,24,18.45,1099,52.04,Right-hand bat,33,17,2,2160.2,22.63,47,rf,4,WIN,seam,yes,25.36326530612245,8.779591836734696
3,2053,256,WIN,6,88,131,CS Baugh,RJ Harris,7,11,25,18.45,1099,52.04,Right-hand bat,34,21,2,2160.2,22.63,47,rf,0,WIN,seam,yes,25.36326530612245,8.779591836734696
3,2054,257,WIN,6,88,131,CS Baugh,RJ Harris,7,11,26,18.45,1099,52.04,Right-hand bat,35,21,2,2160.2,22.63,47,rf,0,WIN,seam,yes,25.36326530612245,8.779591836734696
3,2055,258,WIN,6,88,131,CS Baugh,RJ Harris,7,11,27,18.45,1099,52.04,Right-hand bat,36,21,2,2160.2,22.63,47,rf,0,WIN,seam,yes,25.36326530612245,8.779591836734696
