innings,match_balls,inn_balls,bat_team,team_wkts,team_score,team_lead,batter,bowler,bat_position,bat_score,bat_balls,bat_avg,career_bat_balls,bat_sr,bat_arm,bowl_balls,bowl_runs,bowl_wkts,career_bowl_balls,bowl_avg,bowl_sr,bowl_type,outcome,host_country,bowl_class,bat_win_toss,seam_factor,spin_factor
3,1819,22,WIN,2,4,47,DM Bravo,SR Watson,4,0,1,51.58,2586,47.87,Left-hand bat,10,1,0,3324.2,28.36,57.3,rfm,0,WIN,seam,yes,25.36326530612245,8.779591836734696
3,1820,23,WIN,2,4,47,DM Bravo,SR Watson,4,0,2,51.58,2586,47.87,Left-hand bat,11,1,0,3324.2,28.36,57.3,rfm,0,WIN,seam,yes,25.36326530612245,8.779591836734696
3,1888,91,WIN,4,29,72,DM Bravo,SR Watson,4,9,27,51.58,2586,47.87,Left-hand bat,24,6,0,3324.2,28.36,57.3,rfm,0,WIN,seam,yes,25.36326530612245,8.779591836734696
3,1889,92,WIN,4,29,72,DM Bravo,SR Watson,4,9,28,51.58,2586,47.87,Left-hand bat,25,6,0,3324.2,28.36,57.3,rfm,4,WIN,seam,yes,25.36326530612245,8.779591836734696
3,1890,93,WIN,4,33,76,DM Bravo,SR Watson,4,13,29,51.58,2586,47.87,Left-hand bat,26,10,0,3324.2,28.36,57.3,rfm,0,WIN,seam,yes,25.36326530612245,8.779591836734696
3,1891,94,WIN,4,33,76,DM Bravo,SR Watson,4,13,30,51.58,2586,47.87,Left-hand bat,27,10,0,3324.2,28.36,57.3,rfm,1,WIN,seam,yes,25.36326530612245,8.779591836734696
3,1904,107,WIN,4,35,78,DM Bravo,SR Watson,4,14,37,51.58,2586,47.87,Left-hand bat,34,12,0,3324.2,28.36,57.3,rfm,0,WIN,seam,yes,25.36326530612245,8.779591836734696
3,1905,108,WIN,4,35,78,DM Bravo,SR Watson,4,14,38,51.58,2586,47.87,Left-hand bat,35,12,0,3324.2,28.36,57.3,rfm,4,WIN,seam,yes,25.36326530612245,8.779591836734696
