innings,match_balls,inn_balls,bat_team,team_wkts,team_score,team_lead,batter,bowler,bat_position,bat_score,bat_balls,bat_avg,career_bat_balls,bat_sr,bat_arm,bowl_balls,bowl_runs,bowl_wkts,career_bowl_balls,bowl_avg,bowl_sr,bowl_type,outcome,host_country,bowl_class,bat_win_toss,seam_factor,spin_factor
1,648,648,AUS,6,250,250,MEK Hussey,DJG Sammy,6,48,135,50.58,11506,49.24,Left-hand bat,78,16,0,4098.4,30.3,65.1,rm,0,WIN,seam,yes,14.752222222222224,11.28111111111111
1,649,649,AUS,6,250,250,MEK Hussey,DJG Sammy,6,48,136,50.58,11506,49.24,Left-hand bat,79,16,0,4098.4,30.3,65.1,rm,2,WIN,seam,yes,14.752222222222224,11.28111111111111
1,650,650,AUS,6,252,252,MEK Hussey,DJG Sammy,6,50,137,50.58,11506,49.24,Left-hand bat,80,18,0,4098.4,30.3,65.1,rm,1,WIN,seam,yes,14.752222222222224,11.28111111111111
1,660,660,AUS,6,258,258,MEK Hussey,DJG Sammy,6,52,143,50.58,11506,49.24,Left-hand bat,84,23,0,4098.4,30.3,65.1,rm,0,WIN,seam,yes,14.752222222222224,11.28111111111111
1,661,661,AUS,6,258,258,MEK Hussey,DJG Sammy,6,52,144,50.58,11506,49.24,Left-hand bat,85,23,0,4098.4,30.3,65.1,rm,0,WIN,seam,yes,14.752222222222224,11.28111111111111
1,662,662,AUS,6,258,258,MEK Hussey,DJG Sammy,6,52,145,50.58,11506,49.24,Left-hand bat,86,23,0,4098.4,30.3,65.1,rm,0,WIN,seam,yes,14.752222222222224,11.28111111111111
1,663,663,AUS,6,258,258,MEK Hussey,DJG Sammy,6,52,146,50.58,11506,49.24,Left-hand bat,87,23,0,4098.4,30.3,65.1,rm,0,WIN,seam,yes,14.752222222222224,11.28111111111111
1,664,664,AUS,6,258,258,MEK Hussey,DJG Sammy,6,52,147,50.58,11506,49.24,Left-hand bat,88,23,0,4098.4,30.3,65.1,rm,0,WIN,seam,yes,14.752222222222224,11.28111111111111
1,665,665,AUS,6,258,258,MEK Hussey,DJG Sammy,6,52,148,50.58,11506,49.24,Left-hand bat,89,23,0,4098.4,30.3,65.1,rm,0,WIN,seam,yes,14.752222222222224,11.28111111111111
