innings,match_balls,inn_balls,bat_team,team_wkts,team_score,team_lead,batter,bowler,bat_position,bat_score,bat_balls,bat_avg,career_bat_balls,bat_sr,bat_arm,bowl_balls,bowl_runs,bowl_wkts,career_bowl_balls,bowl_avg,bowl_sr,bowl_type,outcome,host_country,bowl_class,bat_win_toss,seam_factor,spin_factor
2,1382,566,WIN,8,241,-70,KAJ Roach,NM Lyon,10,0,0,9.61,626,32.26,Right-hand bat,141,63,4,2040.2,28.94,58.3,rob,0,WIN,spin,no,14.752222222222224,11.28111111111111
2,1383,567,WIN,8,241,-70,KAJ Roach,NM Lyon,10,0,1,9.61,626,32.26,Right-hand bat,142,63,4,2040.2,28.94,58.3,rob,0,WIN,spin,no,14.752222222222224,11.28111111111111
2,1384,568,WIN,8,241,-70,KAJ Roach,NM Lyon,10,0,2,9.61,626,32.26,Right-hand bat,143,63,4,2040.2,28.94,58.3,rob,0,WIN,spin,no,14.752222222222224,11.28111111111111
2,1392,576,WIN,8,245,-66,KAJ Roach,NM Lyon,10,0,5,9.61,626,32.26,Right-hand bat,145,66,4,2040.2,28.94,58.3,rob,0,WIN,spin,no,14.752222222222224,11.28111111111111
2,1393,577,WIN,8,245,-66,KAJ Roach,NM Lyon,10,0,6,9.61,626,32.26,Right-hand bat,146,66,4,2040.2,28.94,58.3,rob,0,WIN,spin,no,14.752222222222224,11.28111111111111
2,1394,578,WIN,8,245,-66,KAJ Roach,NM Lyon,10,0,7,9.61,626,32.26,Right-hand bat,147,66,4,2040.2,28.94,58.3,rob,0,WIN,spin,no,14.752222222222224,11.28111111111111
2,1395,579,WIN,8,245,-66,KAJ Roach,NM Lyon,10,0,8,9.61,626,32.26,Right-hand bat,148,66,4,2040.2,28.94,58.3,rob,0,WIN,spin,no,14.752222222222224,11.28111111111111
2,1396,580,WIN,8,245,-66,KAJ Roach,NM Lyon,10,0,9,9.61,626,32.26,Right-hand bat,149,66,4,2040.2,28.94,58.3,rob,0,WIN,spin,no,14.752222222222224,11.28111111111111
2,1415,599,WIN,8,249,-62,KAJ Roach,NM Lyon,10,0,12,9.61,626,32.26,Right-hand bat,156,67,4,2040.2,28.94,58.3,rob,W,WIN,spin,no,14.752222222222224,11.28111111111111
