innings,match_balls,inn_balls,bat_team,team_wkts,team_score,team_lead,batter,bowler,bat_position,bat_score,bat_balls,bat_avg,career_bat_balls,bat_sr,bat_arm,bowl_balls,bowl_runs,bowl_wkts,career_bowl_balls,bowl_avg,bowl_sr,bowl_type,outcome,host_country,bowl_class,bat_win_toss,seam_factor,spin_factor
1,677,677,PAK,2,388,388,Younis Khan,S Randiv,4,7,33,52.36,12386,52.84,Right-hand bat,121,84,0,2658.1,36.39,69.9,rob,1,SRL,spin,no,16.919999999999998,39.480000000000004
1,679,679,PAK,2,390,390,Younis Khan,S Randiv,4,8,34,52.36,12386,52.84,Right-hand bat,123,86,0,2658.1,36.39,69.9,rob,0,SRL,spin,no,16.919999999999998,39.480000000000004
1,680,680,PAK,2,390,390,Younis Khan,S Randiv,4,8,35,52.36,12386,52.84,Right-hand bat,124,86,0,2658.1,36.39,69.9,rob,1,SRL,spin,no,16.919999999999998,39.480000000000004
1,688,688,PAK,2,396,396,Younis Khan,S Randiv,4,10,40,52.36,12386,52.84,Right-hand bat,126,89,0,2658.1,36.39,69.9,rob,1,SRL,spin,no,16.919999999999998,39.480000000000004
1,702,702,PAK,2,404,404,Younis Khan,S Randiv,4,14,46,52.36,12386,52.84,Right-hand bat,134,93,0,2658.1,36.39,69.9,rob,0,SRL,spin,no,16.919999999999998,39.480000000000004
1,703,703,PAK,2,404,404,Younis Khan,S Randiv,4,14,47,52.36,12386,52.84,Right-hand bat,135,93,0,2658.1,36.39,69.9,rob,1,SRL,spin,no,16.919999999999998,39.480000000000004
1,705,705,PAK,2,406,406,Younis Khan,S Randiv,4,15,48,52.36,12386,52.84,Right-hand bat,137,95,0,2658.1,36.39,69.9,rob,4,SRL,spin,no,16.919999999999998,39.480000000000004
