innings,match_balls,inn_balls,bat_team,team_wkts,team_score,team_lead,batter,bowler,bat_position,bat_score,bat_balls,bat_avg,career_bat_balls,bat_sr,bat_arm,bowl_balls,bowl_runs,bowl_wkts,career_bowl_balls,bowl_avg,bowl_sr,bowl_type,outcome,host_country,bowl_class,bat_win_toss,seam_factor,spin_factor
3,1566,144,IND,5,79,-7,MS Dhoni,GP Swann,7,1,3,37.69,6271,59.51,Right-hand bat,48,21,2,12258.1,29.04,59.5,rob,1,IND,spin,yes,1.0444444444444445,30.288888888888888
3,1568,146,IND,5,81,-5,MS Dhoni,GP Swann,7,2,4,37.69,6271,59.51,Right-hand bat,50,23,2,12258.1,29.04,59.5,rob,0,IND,spin,yes,1.0444444444444445,30.288888888888888
3,1569,147,IND,5,81,-5,MS Dhoni,GP Swann,7,2,5,37.69,6271,59.51,Right-hand bat,51,23,2,12258.1,29.04,59.5,rob,0,IND,spin,yes,1.0444444444444445,30.288888888888888
3,1570,148,IND,5,81,-5,MS Dhoni,GP Swann,7,2,6,37.69,6271,59.51,Right-hand bat,52,23,2,12258.1,29.04,59.5,rob,0,IND,spin,yes,1.0444444444444445,30.288888888888888
3,1571,149,IND,5,81,-5,MS Dhoni,GP Swann,7,2,7,37.69,6271,59.51,Right-hand bat,53,23,2,12258.1,29.04,59.5,rob,1,IND,spin,yes,1.0444444444444445,30.288888888888888
3,1578,156,IND,5,87,1,MS Dhoni,GP Swann,7,5,11,37.69,6271,59.51,Right-hand bat,54,24,2,12258.1,29.04,59.5,rob,0,IND,spin,yes,1.0444444444444445,30.288888888888888
3,1579,157,IND,5,87,1,MS Dhoni,GP Swann,7,5,12,37.69,6271,59.51,Right-hand bat,55,24,2,12258.1,29.04,59.5,rob,1,IND,spin,yes,1.0444444444444445,30.288888888888888
3,1581,159,IND,5,89,3,MS Dhoni,GP Swann,7,6,13,37.69,6271,59.51,Right-hand bat,57,26,2,12258.1,29.04,59.5,rob,0,IND,spin,yes,1.0444444444444445,30.288888888888888
3,1582,160,IND,5,89,3,MS Dhoni,GP Swann,7,6,14,37.69,6271,59.51,Right-hand bat,58,26,2,12258.1,29.04,59.5,rob,0,IND,spin,yes,1.0444444444444445,30.288888888888888
3,1583,161,IND,5,89,3,MS Dhoni,GP Swann,7,6,15,37.69,6271,59.51,Right-hand bat,59,26,2,12258.1,29.04,59.5,rob,0,IND,spin,yes,1.0444444444444445,30.288888888888888
