innings,match_balls,inn_balls,bat_team,team_wkts,team_score,team_lead,batter,bowler,bat_position,bat_score,bat_balls,bat_avg,career_bat_balls,bat_sr,bat_arm,bowl_balls,bowl_runs,bowl_wkts,career_bowl_balls,bowl_avg,bowl_sr,bowl_type,outcome,host_country,bowl_class,bat_win_toss,seam_factor,spin_factor
2,755,144,AUS,4,69,-292,SPD Smith,SCJ Broad,6,0,0,29,1013,48.66,Right-hand bat,24,6,0,12180.1,31.19,61.2,rfm,0,ENG,seam,no,17.243243243243242,11.756756756756756
2,756,145,AUS,4,69,-292,SPD Smith,SCJ Broad,6,0,1,29,1013,48.66,Right-hand bat,25,6,0,12180.1,31.19,61.2,rfm,0,ENG,seam,no,17.243243243243242,11.756756756756756
2,757,146,AUS,4,69,-292,SPD Smith,SCJ Broad,6,0,2,29,1013,48.66,Right-hand bat,26,6,0,12180.1,31.19,61.2,rfm,0,ENG,seam,no,17.243243243243242,11.756756756756756
2,758,147,AUS,4,69,-292,SPD Smith,SCJ Broad,6,0,3,29,1013,48.66,Right-hand bat,27,6,0,12180.1,31.19,61.2,rfm,0,ENG,seam,no,17.243243243243242,11.756756756756756
2,759,148,AUS,4,69,-292,SPD Smith,SCJ Broad,6,0,4,29,1013,48.66,Right-hand bat,28,6,0,12180.1,31.19,61.2,rfm,0,ENG,seam,no,17.243243243243242,11.756756756756756
2,760,149,AUS,4,69,-292,SPD Smith,SCJ Broad,6,0,5,29,1013,48.66,Right-hand bat,29,6,0,12180.1,31.19,61.2,rfm,0,ENG,seam,no,17.243243243243242,11.756756756756756
2,779,168,AUS,4,81,-280,SPD Smith,SCJ Broad,6,1,9,29,1013,48.66,Right-hand bat,36,11,0,12180.1,31.19,61.2,rfm,1,ENG,seam,no,17.243243243243242,11.756756756756756
2,783,172,AUS,4,85,-276,SPD Smith,SCJ Broad,6,2,10,29,1013,48.66,Right-hand bat,40,15,0,12180.1,31.19,61.2,rfm,0,ENG,seam,no,17.243243243243242,11.756756756756756
2,784,173,AUS,4,85,-276,SPD Smith,SCJ Broad,6,2,11,29,1013,48.66,Right-hand bat,41,15,0,12180.1,31.19,61.2,rfm,0,ENG,seam,no,17.243243243243242,11.756756756756756
