innings,match_balls,inn_balls,bat_team,team_wkts,team_score,team_lead,batter,bowler,bat_position,bat_score,bat_balls,bat_avg,career_bat_balls,bat_sr,bat_arm,bowl_balls,bowl_runs,bowl_wkts,career_bowl_balls,bowl_avg,bowl_sr,bowl_type,outcome,host_country,bowl_class,bat_win_toss,seam_factor,spin_factor
3,1821,122,PAK,3,84,306,Misbah-ul-Haq,ST Gabriel,5,3,11,48.22,10473,44.66,Right-hand bat,31,15,1,2814.3,40.82,70.4,rf,1,PAK,seam,yes,11.140495867768596,29.70798898071626
3,1823,124,PAK,3,86,308,Misbah-ul-Haq,ST Gabriel,5,4,12,48.22,10473,44.66,Right-hand bat,33,17,1,2814.3,40.82,70.4,rf,0,PAK,seam,yes,11.140495867768596,29.70798898071626
3,1824,125,PAK,3,86,308,Misbah-ul-Haq,ST Gabriel,5,4,13,48.22,10473,44.66,Right-hand bat,34,17,1,2814.3,40.82,70.4,rf,1,PAK,seam,yes,11.140495867768596,29.70798898071626
3,1832,133,PAK,3,88,310,Misbah-ul-Haq,ST Gabriel,5,6,19,48.22,10473,44.66,Right-hand bat,36,18,1,2814.3,40.82,70.4,rf,0,PAK,seam,yes,11.140495867768596,29.70798898071626
3,1833,134,PAK,3,88,310,Misbah-ul-Haq,ST Gabriel,5,6,20,48.22,10473,44.66,Right-hand bat,37,18,1,2814.3,40.82,70.4,rf,0,PAK,seam,yes,11.140495867768596,29.70798898071626
3,1834,135,PAK,3,88,310,Misbah-ul-Haq,ST Gabriel,5,6,21,48.22,10473,44.66,Right-hand bat,38,18,1,2814.3,40.82,70.4,rf,0,PAK,seam,yes,11.140495867768596,29.70798898071626
3,1835,136,PAK,3,88,310,Misbah-ul-Haq,ST Gabriel,5,6,22,48.22,10473,44.66,Right-hand bat,39,18,1,2814.3,40.82,70.4,rf,1nb,PAK,seam,yes,11.140495867768596,29.70798898071626
3,1836,137,PAK,3,91,313,Misbah-ul-Haq,ST Gabriel,5,8,23,48.22,10473,44.66,Right-hand bat,40,19,1,2814.3,40.82,70.4,rf,1,PAK,seam,yes,11.140495867768596,29.70798898071626
3,1838,139,PAK,3,93,315,Misbah-ul-Haq,ST Gabriel,5,9,24,48.22,10473,44.66,Right-hand bat,42,21,1,2814.3,40.82,70.4,rf,0,PAK,seam,yes,11.140495867768596,29.70798898071626
