innings,match_balls,inn_balls,bat_team,team_wkts,team_score,team_lead,batter,bowler,bat_position,bat_score,bat_balls,bat_avg,career_bat_balls,bat_sr,bat_arm,bowl_balls,bowl_runs,bowl_wkts,career_bowl_balls,bowl_avg,bowl_sr,bowl_type,outcome,host_country,bowl_class,bat_win_toss,seam_factor,spin_factor
2,1670,790,ENG,9,353,-174,JM Anderson,PM Siddle,11,0,0,10.65,1983,38.67,Left-hand bat,153,53,3,9390.5,28.15,56.5,rfm,0,ENG,seam,no,30.288065843621396,10.600823045267488
2,1671,791,ENG,9,353,-174,JM Anderson,PM Siddle,11,0,1,10.65,1983,38.67,Left-hand bat,154,53,3,9390.5,28.15,56.5,rfm,0,ENG,seam,no,30.288065843621396,10.600823045267488
2,1672,792,ENG,9,353,-174,JM Anderson,PM Siddle,11,0,2,10.65,1983,38.67,Left-hand bat,155,53,3,9390.5,28.15,56.5,rfm,0,ENG,seam,no,30.288065843621396,10.600823045267488
2,1683,803,ENG,9,355,-172,JM Anderson,PM Siddle,11,0,4,10.65,1983,38.67,Left-hand bat,160,54,3,9390.5,28.15,56.5,rfm,0,ENG,seam,no,30.288065843621396,10.600823045267488
2,1684,804,ENG,9,355,-172,JM Anderson,PM Siddle,11,0,5,10.65,1983,38.67,Left-hand bat,161,54,3,9390.5,28.15,56.5,rfm,0,ENG,seam,no,30.288065843621396,10.600823045267488
2,1695,815,ENG,9,361,-166,JM Anderson,PM Siddle,11,0,7,10.65,1983,38.67,Left-hand bat,166,59,3,9390.5,28.15,56.5,rfm,0,ENG,seam,no,30.288065843621396,10.600823045267488
2,1696,816,ENG,9,361,-166,JM Anderson,PM Siddle,11,0,8,10.65,1983,38.67,Left-hand bat,167,59,3,9390.5,28.15,56.5,rfm,0,ENG,seam,no,30.288065843621396,10.600823045267488
2,1703,823,ENG,9,361,-166,JM Anderson,PM Siddle,11,0,9,10.65,1983,38.67,Left-hand bat,168,59,3,9390.5,28.15,56.5,rfm,3,ENG,seam,no,30.288065843621396,10.600823045267488
2,1708,828,ENG,9,367,-160,JM Anderson,PM Siddle,11,3,10,10.65,1983,38.67,Left-hand bat,173,63,3,9390.5,28.15,56.5,rfm,0,ENG,seam,no,30.288065843621396,10.600823045267488
