innings,match_balls,inn_balls,bat_team,team_wkts,team_score,team_lead,batter,bowler,bat_position,bat_score,bat_balls,bat_avg,career_bat_balls,bat_sr,bat_arm,bowl_balls,bowl_runs,bowl_wkts,career_bowl_balls,bowl_avg,bowl_sr,bowl_type,outcome,host_country,bowl_class,bat_win_toss,seam_factor,spin_factor
1,640,640,AUS,4,348,348,DA Warner,GP Swann,6,1,2,38.5,1875,69.81,Left-hand bat,158,85,3,14040.1,28.41,58.2,rob,0,ENG,spin,yes,30.288065843621396,10.600823045267488
1,641,641,AUS,4,348,348,DA Warner,GP Swann,6,1,3,38.5,1875,69.81,Left-hand bat,159,85,3,14040.1,28.41,58.2,rob,0,ENG,spin,yes,30.288065843621396,10.600823045267488
1,642,642,AUS,4,348,348,DA Warner,GP Swann,6,1,4,38.5,1875,69.81,Left-hand bat,160,85,3,14040.1,28.41,58.2,rob,0,ENG,spin,yes,30.288065843621396,10.600823045267488
1,643,643,AUS,4,348,348,DA Warner,GP Swann,6,1,5,38.5,1875,69.81,Left-hand bat,161,85,3,14040.1,28.41,58.2,rob,0,ENG,spin,yes,30.288065843621396,10.600823045267488
1,651,651,AUS,4,361,361,DA Warner,GP Swann,6,1,6,38.5,1875,69.81,Left-hand bat,162,85,3,14040.1,28.41,58.2,rob,4,ENG,spin,yes,30.288065843621396,10.600823045267488
1,652,652,AUS,4,365,365,DA Warner,GP Swann,6,5,7,38.5,1875,69.81,Left-hand bat,163,89,3,14040.1,28.41,58.2,rob,0,ENG,spin,yes,30.288065843621396,10.600823045267488
1,653,653,AUS,4,365,365,DA Warner,GP Swann,6,5,8,38.5,1875,69.81,Left-hand bat,164,89,3,14040.1,28.41,58.2,rob,0,ENG,spin,yes,30.288065843621396,10.600823045267488
1,654,654,AUS,4,365,365,DA Warner,GP Swann,6,5,9,38.5,1875,69.81,Left-hand bat,165,89,3,14040.1,28.41,58.2,rob,W,ENG,spin,yes,30.288065843621396,10.600823045267488
