innings,match_balls,inn_balls,bat_team,team_wkts,team_score,team_lead,batter,bowler,bat_position,bat_score,bat_balls,bat_avg,career_bat_balls,bat_sr,bat_arm,bowl_balls,bowl_runs,bowl_wkts,career_bowl_balls,bowl_avg,bowl_sr,bowl_type,outcome,host_country,bowl_class,bat_win_toss,seam_factor,spin_factor
2,1426,646,ENG,4,242,-250,CR Woakes,NM Lyon,6,13,24,42,83,50.6,Right-hand bat,126,40,1,5544.5,33.23,65.2,rob,0,ENG,spin,no,34.26222222222222,5.271111111111111
2,1427,647,ENG,4,242,-250,CR Woakes,NM Lyon,6,13,25,42,83,50.6,Right-hand bat,127,40,1,5544.5,33.23,65.2,rob,0,ENG,spin,no,34.26222222222222,5.271111111111111
2,1428,648,ENG,4,242,-250,CR Woakes,NM Lyon,6,13,26,42,83,50.6,Right-hand bat,128,40,1,5544.5,33.23,65.2,rob,0,ENG,spin,no,34.26222222222222,5.271111111111111
2,1429,649,ENG,4,242,-250,CR Woakes,NM Lyon,6,13,27,42,83,50.6,Right-hand bat,129,40,1,5544.5,33.23,65.2,rob,0,ENG,spin,no,34.26222222222222,5.271111111111111
2,1430,650,ENG,4,242,-250,CR Woakes,NM Lyon,6,13,28,42,83,50.6,Right-hand bat,130,40,1,5544.5,33.23,65.2,rob,0,ENG,spin,no,34.26222222222222,5.271111111111111
2,1431,651,ENG,4,242,-250,CR Woakes,NM Lyon,6,13,29,42,83,50.6,Right-hand bat,131,40,1,5544.5,33.23,65.2,rob,0,ENG,spin,no,34.26222222222222,5.271111111111111
2,1474,694,ENG,4,246,-246,CR Woakes,NM Lyon,6,14,45,42,83,50.6,Right-hand bat,150,40,1,5544.5,33.23,65.2,rob,0,ENG,spin,no,34.26222222222222,5.271111111111111
2,1475,695,ENG,4,246,-246,CR Woakes,NM Lyon,6,14,46,42,83,50.6,Right-hand bat,151,40,1,5544.5,33.23,65.2,rob,0,ENG,spin,no,34.26222222222222,5.271111111111111
2,1476,696,ENG,4,246,-246,CR Woakes,NM Lyon,6,14,47,42,83,50.6,Right-hand bat,152,40,1,5544.5,33.23,65.2,rob,0,ENG,spin,no,34.26222222222222,5.271111111111111
2,1477,697,ENG,4,246,-246,CR Woakes,NM Lyon,6,14,48,42,83,50.6,Right-hand bat,153,40,1,5544.5,33.23,65.2,rob,1,ENG,spin,no,34.26222222222222,5.271111111111111
