innings,match_balls,inn_balls,bat_team,team_wkts,team_score,team_lead,batter,bowler,bat_position,bat_score,bat_balls,bat_avg,career_bat_balls,bat_sr,bat_arm,bowl_balls,bowl_runs,bowl_wkts,career_bowl_balls,bowl_avg,bowl_sr,bowl_type,outcome,host_country,bowl_class,bat_win_toss,seam_factor,spin_factor
2,1056,126,NZL,6,39,-486,BJ Watling,DW Steyn,6,10,19,33,1179,44.78,Right-hand bat,36,8,2,12972.2,23.28,41.5,rf,1,RSA,seam,no,25.141581632653065,5.465561224489796
2,1068,138,NZL,6,43,-482,BJ Watling,DW Steyn,6,11,20,33,1179,44.78,Right-hand bat,42,10,2,12972.2,23.28,41.5,rf,0,RSA,seam,no,25.141581632653065,5.465561224489796
2,1069,139,NZL,6,43,-482,BJ Watling,DW Steyn,6,11,21,33,1179,44.78,Right-hand bat,43,10,2,12972.2,23.28,41.5,rf,0,RSA,seam,no,25.141581632653065,5.465561224489796
2,1070,140,NZL,6,43,-482,BJ Watling,DW Steyn,6,11,22,33,1179,44.78,Right-hand bat,44,10,2,12972.2,23.28,41.5,rf,4,RSA,seam,no,25.141581632653065,5.465561224489796
2,1071,141,NZL,6,47,-478,BJ Watling,DW Steyn,6,15,23,33,1179,44.78,Right-hand bat,45,14,2,12972.2,23.28,41.5,rf,0,RSA,seam,no,25.141581632653065,5.465561224489796
2,1072,142,NZL,6,47,-478,BJ Watling,DW Steyn,6,15,24,33,1179,44.78,Right-hand bat,46,14,2,12972.2,23.28,41.5,rf,0,RSA,seam,no,25.141581632653065,5.465561224489796
2,1073,143,NZL,6,47,-478,BJ Watling,DW Steyn,6,15,25,33,1179,44.78,Right-hand bat,47,14,2,12972.2,23.28,41.5,rf,0,RSA,seam,no,25.141581632653065,5.465561224489796
