innings,match_balls,inn_balls,bat_team,team_wkts,team_score,team_lead,batter,bowler,bat_position,bat_score,bat_balls,bat_avg,career_bat_balls,bat_sr,bat_arm,bowl_balls,bowl_runs,bowl_wkts,career_bowl_balls,bowl_avg,bowl_sr,bowl_type,outcome,host_country,bowl_class,bat_win_toss,seam_factor,spin_factor
1,797,797,NZL,5,365,365,BJ Watling,IJL Trott,7,0,0,31.35,1396,44.91,Right-hand bat,22,7,1,654,92,163.5,rm,0,NZL,seam,no,27.497142857142858,6.8742857142857146
1,798,798,NZL,5,365,365,BJ Watling,IJL Trott,7,0,1,31.35,1396,44.91,Right-hand bat,23,7,1,654,92,163.5,rm,0,NZL,seam,no,27.497142857142858,6.8742857142857146
1,817,817,NZL,5,371,371,BJ Watling,IJL Trott,7,5,12,31.35,1396,44.91,Right-hand bat,30,7,1,654,92,163.5,rm,0,NZL,seam,no,27.497142857142858,6.8742857142857146
1,818,818,NZL,5,371,371,BJ Watling,IJL Trott,7,5,13,31.35,1396,44.91,Right-hand bat,31,7,1,654,92,163.5,rm,0,NZL,seam,no,27.497142857142858,6.8742857142857146
1,819,819,NZL,5,371,371,BJ Watling,IJL Trott,7,5,14,31.35,1396,44.91,Right-hand bat,32,7,1,654,92,163.5,rm,0,NZL,seam,no,27.497142857142858,6.8742857142857146
1,820,820,NZL,5,371,371,BJ Watling,IJL Trott,7,5,15,31.35,1396,44.91,Right-hand bat,33,7,1,654,92,163.5,rm,2,NZL,seam,no,27.497142857142858,6.8742857142857146
1,821,821,NZL,5,373,373,BJ Watling,IJL Trott,7,7,16,31.35,1396,44.91,Right-hand bat,34,9,1,654,92,163.5,rm,0,NZL,seam,no,27.497142857142858,6.8742857142857146
1,822,822,NZL,5,373,373,BJ Watling,IJL Trott,7,7,17,31.35,1396,44.91,Right-hand bat,35,9,1,654,92,163.5,rm,0,NZL,seam,no,27.497142857142858,6.8742857142857146
