innings,match_balls,inn_balls,bat_team,team_wkts,team_score,team_lead,batter,bowler,bat_position,bat_score,bat_balls,bat_avg,career_bat_balls,bat_sr,bat_arm,bowl_balls,bowl_runs,bowl_wkts,career_bowl_balls,bowl_avg,bowl_sr,bowl_type,outcome,host_country,bowl_class,bat_win_toss,seam_factor,spin_factor
3,1741,329,AUS,6,197,359,MS Wade,M Morkel,8,11,26,34.42,527,45.73,Left-hand bat,77,37,1,8808.2,30.29,54.7,rf,0,AUS,seam,yes,31.39197530864198,8.969135802469136
3,1762,350,AUS,7,206,368,MS Wade,M Morkel,8,13,32,34.42,527,45.73,Left-hand bat,86,37,2,8808.2,30.29,54.7,rf,0,AUS,seam,yes,31.39197530864198,8.969135802469136
3,1763,351,AUS,7,206,368,MS Wade,M Morkel,8,13,33,34.42,527,45.73,Left-hand bat,87,37,2,8808.2,30.29,54.7,rf,0,AUS,seam,yes,31.39197530864198,8.969135802469136
3,1764,352,AUS,7,206,368,MS Wade,M Morkel,8,13,34,34.42,527,45.73,Left-hand bat,88,37,2,8808.2,30.29,54.7,rf,0,AUS,seam,yes,31.39197530864198,8.969135802469136
3,1765,353,AUS,7,206,368,MS Wade,M Morkel,8,13,35,34.42,527,45.73,Left-hand bat,89,37,2,8808.2,30.29,54.7,rf,0,AUS,seam,yes,31.39197530864198,8.969135802469136
3,1785,373,AUS,7,217,379,MS Wade,M Morkel,8,16,43,34.42,527,45.73,Left-hand bat,96,43,2,8808.2,30.29,54.7,rf,0,AUS,seam,yes,31.39197530864198,8.969135802469136
3,1786,374,AUS,7,217,379,MS Wade,M Morkel,8,16,44,34.42,527,45.73,Left-hand bat,97,43,2,8808.2,30.29,54.7,rf,1,AUS,seam,yes,31.39197530864198,8.969135802469136
3,1798,386,AUS,7,220,382,MS Wade,M Morkel,8,18,48,34.42,527,45.73,Left-hand bat,103,45,2,8808.2,30.29,54.7,rf,0,AUS,seam,yes,31.39197530864198,8.969135802469136
3,1799,387,AUS,7,220,382,MS Wade,M Morkel,8,18,49,34.42,527,45.73,Left-hand bat,104,45,2,8808.2,30.29,54.7,rf,W,AUS,seam,yes,31.39197530864198,8.969135802469136
