innings,match_balls,inn_balls,bat_team,team_wkts,team_score,team_lead,batter,bowler,bat_position,bat_score,bat_balls,bat_avg,career_bat_balls,bat_sr,bat_arm,bowl_balls,bowl_runs,bowl_wkts,career_bowl_balls,bowl_avg,bowl_sr,bowl_type,outcome,host_country,bowl_class,bat_win_toss,seam_factor,spin_factor
3,1152,71,SRL,4,33,-271,AD Mathews,MG Johnson,6,7,22,40.92,3459,47.32,Right-hand bat,22,5,2,11052.4,30.63,54.7,lf,1,AUS,seam,yes,18.374444444444446,3.9944444444444445
3,1166,85,SRL,4,46,-258,AD Mathews,MG Johnson,6,20,31,40.92,3459,47.32,Right-hand bat,24,6,2,11052.4,30.63,54.7,lf,1lb,AUS,seam,yes,18.374444444444446,3.9944444444444445
3,1180,99,SRL,5,62,-242,AD Mathews,MG Johnson,6,30,38,40.92,3459,47.32,Right-hand bat,32,10,3,11052.4,30.63,54.7,lf,0,AUS,seam,yes,18.374444444444446,3.9944444444444445
3,1181,100,SRL,5,62,-242,AD Mathews,MG Johnson,6,30,39,40.92,3459,47.32,Right-hand bat,33,10,3,11052.4,30.63,54.7,lf,0,AUS,seam,yes,18.374444444444446,3.9944444444444445
3,1182,101,SRL,5,62,-242,AD Mathews,MG Johnson,6,30,40,40.92,3459,47.32,Right-hand bat,34,10,3,11052.4,30.63,54.7,lf,1,AUS,seam,yes,18.374444444444446,3.9944444444444445
3,1191,110,SRL,5,74,-230,AD Mathews,MG Johnson,6,35,44,40.92,3459,47.32,Right-hand bat,37,12,3,11052.4,30.63,54.7,lf,0,AUS,seam,yes,18.374444444444446,3.9944444444444445
3,1192,111,SRL,5,74,-230,AD Mathews,MG Johnson,6,35,45,40.92,3459,47.32,Right-hand bat,38,12,3,11052.4,30.63,54.7,lf,0,AUS,seam,yes,18.374444444444446,3.9944444444444445
3,1193,112,SRL,5,74,-230,AD Mathews,MG Johnson,6,35,46,40.92,3459,47.32,Right-hand bat,39,12,3,11052.4,30.63,54.7,lf,0,AUS,seam,yes,18.374444444444446,3.9944444444444445
3,1194,113,SRL,5,74,-230,AD Mathews,MG Johnson,6,35,47,40.92,3459,47.32,Right-hand bat,40,12,3,11052.4,30.63,54.7,lf,W,AUS,seam,yes,18.374444444444446,3.9944444444444445
