innings,match_balls,inn_balls,bat_team,team_wkts,team_score,team_lead,batter,bowler,bat_position,bat_score,bat_balls,bat_avg,career_bat_balls,bat_sr,bat_arm,bowl_balls,bowl_runs,bowl_wkts,career_bowl_balls,bowl_avg,bowl_sr,bowl_type,outcome,host_country,bowl_class,bat_win_toss,seam_factor,spin_factor
1,311,311,SRL,4,168,168,AD Mathews,MEK Hussey,6,0,0,39.71,3530,47.25,Right-hand bat,3,1,0,588,43.71,84,rm,0,AUS,seam,no,21.79065743944637,11.885813148788927
1,312,312,SRL,4,168,168,AD Mathews,MEK Hussey,6,0,1,39.71,3530,47.25,Right-hand bat,4,1,0,588,43.71,84,rm,0,AUS,seam,no,21.79065743944637,11.885813148788927
1,313,313,SRL,4,168,168,AD Mathews,MEK Hussey,6,0,2,39.71,3530,47.25,Right-hand bat,5,1,0,588,43.71,84,rm,0,AUS,seam,no,21.79065743944637,11.885813148788927
1,321,321,SRL,4,169,169,AD Mathews,MEK Hussey,6,0,3,39.71,3530,47.25,Right-hand bat,6,1,0,588,43.71,84,rm,0,AUS,seam,no,21.79065743944637,11.885813148788927
1,322,322,SRL,4,169,169,AD Mathews,MEK Hussey,6,0,4,39.71,3530,47.25,Right-hand bat,7,1,0,588,43.71,84,rm,0,AUS,seam,no,21.79065743944637,11.885813148788927
1,323,323,SRL,4,169,169,AD Mathews,MEK Hussey,6,0,5,39.71,3530,47.25,Right-hand bat,8,1,0,588,43.71,84,rm,0,AUS,seam,no,21.79065743944637,11.885813148788927
1,324,324,SRL,4,169,169,AD Mathews,MEK Hussey,6,0,6,39.71,3530,47.25,Right-hand bat,9,1,0,588,43.71,84,rm,0,AUS,seam,no,21.79065743944637,11.885813148788927
1,325,325,SRL,4,169,169,AD Mathews,MEK Hussey,6,0,7,39.71,3530,47.25,Right-hand bat,10,1,0,588,43.71,84,rm,0,AUS,seam,no,21.79065743944637,11.885813148788927
1,326,326,SRL,4,169,169,AD Mathews,MEK Hussey,6,0,8,39.71,3530,47.25,Right-hand bat,11,1,0,588,43.71,84,rm,0,AUS,seam,no,21.79065743944637,11.885813148788927
