innings,match_balls,inn_balls,bat_team,team_wkts,team_score,team_lead,batter,bowler,bat_position,bat_score,bat_balls,bat_avg,career_bat_balls,bat_sr,bat_arm,bowl_balls,bowl_runs,bowl_wkts,career_bowl_balls,bowl_avg,bowl_sr,bowl_type,outcome,host_country,bowl_class,bat_win_toss,seam_factor,spin_factor
2,674,0,RSA,0,0,-334,GC Smith,Z Khan,1,0,0,49.56,15454,59.66,Left-hand bat,0,0,0,18138.5,32.66,60,lfm,0,RSA,seam,no,23.560000000000002,13.640000000000002
2,675,1,RSA,0,0,-334,GC Smith,Z Khan,1,0,1,49.56,15454,59.66,Left-hand bat,1,0,0,18138.5,32.66,60,lfm,0,RSA,seam,no,23.560000000000002,13.640000000000002
2,676,2,RSA,0,0,-334,GC Smith,Z Khan,1,0,2,49.56,15454,59.66,Left-hand bat,2,0,0,18138.5,32.66,60,lfm,4,RSA,seam,no,23.560000000000002,13.640000000000002
2,677,3,RSA,0,4,-330,GC Smith,Z Khan,1,4,3,49.56,15454,59.66,Left-hand bat,3,4,0,18138.5,32.66,60,lfm,1,RSA,seam,no,23.560000000000002,13.640000000000002
2,679,5,RSA,0,6,-328,GC Smith,Z Khan,1,5,4,49.56,15454,59.66,Left-hand bat,5,6,0,18138.5,32.66,60,lfm,4,RSA,seam,no,23.560000000000002,13.640000000000002
2,687,13,RSA,0,20,-314,GC Smith,Z Khan,1,9,6,49.56,15454,59.66,Left-hand bat,7,11,0,18138.5,32.66,60,lfm,1,RSA,seam,no,23.560000000000002,13.640000000000002
2,785,111,RSA,0,76,-258,GC Smith,Z Khan,1,34,52,49.56,15454,59.66,Left-hand bat,21,20,0,18138.5,32.66,60,lfm,0,RSA,seam,no,23.560000000000002,13.640000000000002
2,786,112,RSA,0,76,-258,GC Smith,Z Khan,1,34,53,49.56,15454,59.66,Left-hand bat,22,20,0,18138.5,32.66,60,lfm,0,RSA,seam,no,23.560000000000002,13.640000000000002
2,787,113,RSA,0,76,-258,GC Smith,Z Khan,1,34,54,49.56,15454,59.66,Left-hand bat,23,20,0,18138.5,32.66,60,lfm,0,RSA,seam,no,23.560000000000002,13.640000000000002
