innings,match_balls,inn_balls,bat_team,team_wkts,team_score,team_lead,batter,bowler,bat_position,bat_score,bat_balls,bat_avg,career_bat_balls,bat_sr,bat_arm,bowl_balls,bowl_runs,bowl_wkts,career_bowl_balls,bowl_avg,bowl_sr,bowl_type,outcome,host_country,bowl_class,bat_win_toss,seam_factor,spin_factor
4,1711,164,RSA,3,92,-389,AB de Villiers,RJ Harris,5,20,34,51.98,12693,54.88,Right-hand bat,42,14,0,4458.3,22.02,46.9,rf,0,RSA,seam,yes,26.474048442906575,5.673010380622837
4,1712,165,RSA,3,92,-389,AB de Villiers,RJ Harris,5,20,35,51.98,12693,54.88,Right-hand bat,43,14,0,4458.3,22.02,46.9,rf,2,RSA,seam,yes,26.474048442906575,5.673010380622837
4,1713,166,RSA,3,94,-387,AB de Villiers,RJ Harris,5,22,36,51.98,12693,54.88,Right-hand bat,44,16,0,4458.3,22.02,46.9,rf,0,RSA,seam,yes,26.474048442906575,5.673010380622837
4,1714,167,RSA,3,94,-387,AB de Villiers,RJ Harris,5,22,37,51.98,12693,54.88,Right-hand bat,45,16,0,4458.3,22.02,46.9,rf,0,RSA,seam,yes,26.474048442906575,5.673010380622837
4,1715,168,RSA,3,94,-387,AB de Villiers,RJ Harris,5,22,38,51.98,12693,54.88,Right-hand bat,46,16,0,4458.3,22.02,46.9,rf,0,RSA,seam,yes,26.474048442906575,5.673010380622837
4,1716,169,RSA,3,94,-387,AB de Villiers,RJ Harris,5,22,39,51.98,12693,54.88,Right-hand bat,47,16,0,4458.3,22.02,46.9,rf,0,RSA,seam,yes,26.474048442906575,5.673010380622837
4,1735,188,RSA,4,98,-383,AB de Villiers,RJ Harris,5,24,44,51.98,12693,54.88,Right-hand bat,54,16,1,4458.3,22.02,46.9,rf,0,RSA,seam,yes,26.474048442906575,5.673010380622837
4,1736,189,RSA,4,98,-383,AB de Villiers,RJ Harris,5,24,45,51.98,12693,54.88,Right-hand bat,55,16,1,4458.3,22.02,46.9,rf,1,RSA,seam,yes,26.474048442906575,5.673010380622837
