innings,match_balls,inn_balls,bat_team,team_wkts,team_score,team_lead,batter,bowler,bat_position,bat_score,bat_balls,bat_avg,career_bat_balls,bat_sr,bat_arm,bowl_balls,bowl_runs,bowl_wkts,career_bowl_balls,bowl_avg,bowl_sr,bowl_type,outcome,host_country,bowl_class,bat_win_toss,seam_factor,spin_factor
4,1826,279,RSA,5,129,-352,R McLaren,NM Lyon,7,1,2,23.5,108,43.51,Left-hand bat,60,23,0,6768.1,32.58,63.8,rob,0,RSA,spin,yes,26.474048442906575,5.673010380622837
4,1827,280,RSA,5,129,-352,R McLaren,NM Lyon,7,1,3,23.5,108,43.51,Left-hand bat,61,23,0,6768.1,32.58,63.8,rob,0,RSA,spin,yes,26.474048442906575,5.673010380622837
4,1828,281,RSA,5,129,-352,R McLaren,NM Lyon,7,1,4,23.5,108,43.51,Left-hand bat,62,23,0,6768.1,32.58,63.8,rob,0,RSA,spin,yes,26.474048442906575,5.673010380622837
4,1829,282,RSA,5,129,-352,R McLaren,NM Lyon,7,1,5,23.5,108,43.51,Left-hand bat,63,23,0,6768.1,32.58,63.8,rob,0,RSA,spin,yes,26.474048442906575,5.673010380622837
4,1830,283,RSA,5,129,-352,R McLaren,NM Lyon,7,1,6,23.5,108,43.51,Left-hand bat,64,23,0,6768.1,32.58,63.8,rob,0,RSA,spin,yes,26.474048442906575,5.673010380622837
4,1831,284,RSA,5,129,-352,R McLaren,NM Lyon,7,1,7,23.5,108,43.51,Left-hand bat,65,23,0,6768.1,32.58,63.8,rob,1,RSA,spin,yes,26.474048442906575,5.673010380622837
4,1839,292,RSA,5,133,-348,R McLaren,NM Lyon,7,4,14,23.5,108,43.51,Left-hand bat,67,25,0,6768.1,32.58,63.8,rob,1,RSA,spin,yes,26.474048442906575,5.673010380622837
4,1843,296,RSA,5,139,-342,R McLaren,NM Lyon,7,5,15,23.5,108,43.51,Left-hand bat,71,31,0,6768.1,32.58,63.8,rob,1,RSA,spin,yes,26.474048442906575,5.673010380622837
