innings,match_balls,inn_balls,bat_team,team_wkts,team_score,team_lead,batter,bowler,bat_position,bat_score,bat_balls,bat_avg,career_bat_balls,bat_sr,bat_arm,bowl_balls,bowl_runs,bowl_wkts,career_bowl_balls,bowl_avg,bowl_sr,bowl_type,outcome,host_country,bowl_class,bat_win_toss,seam_factor,spin_factor
3,1761,396,SRL,5,171,403,MDKJ Perera,H Masakadza,7,9,17,34.5,730,75.61,Left-hand bat,0,0,0,1128,29.56,70.5,rm,0,ZIM,seam,no,11.662064431295201,20.825115055884286
3,1762,397,SRL,5,171,403,MDKJ Perera,H Masakadza,7,9,18,34.5,730,75.61,Left-hand bat,1,0,0,1128,29.56,70.5,rm,0,ZIM,seam,no,11.662064431295201,20.825115055884286
3,1763,398,SRL,5,171,403,MDKJ Perera,H Masakadza,7,9,19,34.5,730,75.61,Left-hand bat,2,0,0,1128,29.56,70.5,rm,0,ZIM,seam,no,11.662064431295201,20.825115055884286
3,1764,399,SRL,5,171,403,MDKJ Perera,H Masakadza,7,9,20,34.5,730,75.61,Left-hand bat,3,0,0,1128,29.56,70.5,rm,0,ZIM,seam,no,11.662064431295201,20.825115055884286
3,1765,400,SRL,5,171,403,MDKJ Perera,H Masakadza,7,9,21,34.5,730,75.61,Left-hand bat,4,0,0,1128,29.56,70.5,rm,0,ZIM,seam,no,11.662064431295201,20.825115055884286
3,1766,401,SRL,5,171,403,MDKJ Perera,H Masakadza,7,9,22,34.5,730,75.61,Left-hand bat,5,0,0,1128,29.56,70.5,rm,0,ZIM,seam,no,11.662064431295201,20.825115055884286
3,1777,412,SRL,5,177,409,MDKJ Perera,H Masakadza,7,10,25,34.5,730,75.61,Left-hand bat,10,1,0,1128,29.56,70.5,rm,0,ZIM,seam,no,11.662064431295201,20.825115055884286
3,1778,413,SRL,5,177,409,MDKJ Perera,H Masakadza,7,10,26,34.5,730,75.61,Left-hand bat,11,1,0,1128,29.56,70.5,rm,0,ZIM,seam,no,11.662064431295201,20.825115055884286
