innings,match_balls,inn_balls,bat_team,team_wkts,team_score,team_lead,batter,bowler,bat_position,bat_score,bat_balls,bat_avg,career_bat_balls,bat_sr,bat_arm,bowl_balls,bowl_runs,bowl_wkts,career_bowl_balls,bowl_avg,bowl_sr,bowl_type,outcome,host_country,bowl_class,bat_win_toss,seam_factor,spin_factor
2,933,27,AUS,1,20,-403,AJ Doolan,DW Steyn,3,1,2,32.25,263,49.04,Right-hand bat,15,14,0,15180.2,22.89,42,rf,0,RSA,seam,no,20.742857142857144,12.257142857142858
2,934,28,AUS,1,20,-403,AJ Doolan,DW Steyn,3,1,3,32.25,263,49.04,Right-hand bat,16,14,0,15180.2,22.89,42,rf,4,RSA,seam,no,20.742857142857144,12.257142857142858
2,935,29,AUS,1,24,-399,AJ Doolan,DW Steyn,3,5,4,32.25,263,49.04,Right-hand bat,17,18,0,15180.2,22.89,42,rf,2,RSA,seam,no,20.742857142857144,12.257142857142858
2,942,36,AUS,1,32,-391,AJ Doolan,DW Steyn,3,7,5,32.25,263,49.04,Right-hand bat,18,20,0,15180.2,22.89,42,rf,0,RSA,seam,no,20.742857142857144,12.257142857142858
2,943,37,AUS,1,32,-391,AJ Doolan,DW Steyn,3,7,6,32.25,263,49.04,Right-hand bat,19,20,0,15180.2,22.89,42,rf,0,RSA,seam,no,20.742857142857144,12.257142857142858
2,944,38,AUS,1,32,-391,AJ Doolan,DW Steyn,3,7,7,32.25,263,49.04,Right-hand bat,20,20,0,15180.2,22.89,42,rf,0,RSA,seam,no,20.742857142857144,12.257142857142858
2,945,39,AUS,1,32,-391,AJ Doolan,DW Steyn,3,7,8,32.25,263,49.04,Right-hand bat,21,20,0,15180.2,22.89,42,rf,0,RSA,seam,no,20.742857142857144,12.257142857142858
2,946,40,AUS,1,32,-391,AJ Doolan,DW Steyn,3,7,9,32.25,263,49.04,Right-hand bat,22,20,0,15180.2,22.89,42,rf,0,RSA,seam,no,20.742857142857144,12.257142857142858
2,947,41,AUS,1,32,-391,AJ Doolan,DW Steyn,3,7,10,32.25,263,49.04,Right-hand bat,23,20,0,15180.2,22.89,42,rf,0,RSA,seam,no,20.742857142857144,12.257142857142858
