innings,match_balls,inn_balls,bat_team,team_wkts,team_score,team_lead,batter,bowler,bat_position,bat_score,bat_balls,bat_avg,career_bat_balls,bat_sr,bat_arm,bowl_balls,bowl_runs,bowl_wkts,career_bowl_balls,bowl_avg,bowl_sr,bowl_type,outcome,host_country,bowl_class,bat_win_toss,seam_factor,spin_factor
2,1057,837,RSA,5,473,374,JP Duminy,Saeed Ajmal,7,0,2,35.54,1948,43.78,Left-hand bat,275,135,2,9552.5,26.54,60.1,rob,0,PAK,spin,no,10.466666666666667,19.886666666666667
2,1058,838,RSA,5,473,374,JP Duminy,Saeed Ajmal,7,0,3,35.54,1948,43.78,Left-hand bat,276,135,2,9552.5,26.54,60.1,rob,0,PAK,spin,no,10.466666666666667,19.886666666666667
2,1059,839,RSA,5,473,374,JP Duminy,Saeed Ajmal,7,0,4,35.54,1948,43.78,Left-hand bat,277,135,2,9552.5,26.54,60.1,rob,0,PAK,spin,no,10.466666666666667,19.886666666666667
2,1060,840,RSA,5,473,374,JP Duminy,Saeed Ajmal,7,0,5,35.54,1948,43.78,Left-hand bat,278,135,2,9552.5,26.54,60.1,rob,1,PAK,spin,no,10.466666666666667,19.886666666666667
2,1072,852,RSA,6,479,380,JP Duminy,Saeed Ajmal,7,4,11,35.54,1948,43.78,Left-hand bat,284,137,3,9552.5,26.54,60.1,rob,0,PAK,spin,no,10.466666666666667,19.886666666666667
2,1073,853,RSA,6,479,380,JP Duminy,Saeed Ajmal,7,4,12,35.54,1948,43.78,Left-hand bat,285,137,3,9552.5,26.54,60.1,rob,0,PAK,spin,no,10.466666666666667,19.886666666666667
2,1083,863,RSA,6,481,382,JP Duminy,Saeed Ajmal,7,4,16,35.54,1948,43.78,Left-hand bat,289,137,3,9552.5,26.54,60.1,rob,1,PAK,spin,no,10.466666666666667,19.886666666666667
