innings,match_balls,inn_balls,bat_team,team_wkts,team_score,team_lead,batter,bowler,bat_position,bat_score,bat_balls,bat_avg,career_bat_balls,bat_sr,bat_arm,bowl_balls,bowl_runs,bowl_wkts,career_bowl_balls,bowl_avg,bowl_sr,bowl_type,outcome,host_country,bowl_class,bat_win_toss,seam_factor,spin_factor
3,1955,766,PAK,8,334,111,Rahat Ali,RAS Lakmal,10,0,0,11.66,118,59.32,Right-hand bat,142,63,2,2736.2,54.48,94.4,rfm,0,PAK,seam,no,24.014568158168572,9.824141519250778
3,1956,767,PAK,8,334,111,Rahat Ali,RAS Lakmal,10,0,1,11.66,118,59.32,Right-hand bat,143,63,2,2736.2,54.48,94.4,rfm,0,PAK,seam,no,24.014568158168572,9.824141519250778
3,1963,774,PAK,8,336,113,Rahat Ali,RAS Lakmal,10,1,5,11.66,118,59.32,Right-hand bat,144,63,2,2736.2,54.48,94.4,rfm,1lb,PAK,seam,no,24.014568158168572,9.824141519250778
3,1967,778,PAK,8,340,117,Rahat Ali,RAS Lakmal,10,1,6,11.66,118,59.32,Right-hand bat,148,66,2,2736.2,54.48,94.4,rfm,0,PAK,seam,no,24.014568158168572,9.824141519250778
3,1968,779,PAK,8,340,117,Rahat Ali,RAS Lakmal,10,1,7,11.66,118,59.32,Right-hand bat,149,66,2,2736.2,54.48,94.4,rfm,1,PAK,seam,no,24.014568158168572,9.824141519250778
3,1992,803,PAK,8,354,131,Rahat Ali,RAS Lakmal,10,8,20,11.66,118,59.32,Right-hand bat,161,74,2,2736.2,54.48,94.4,rfm,0,PAK,seam,no,24.014568158168572,9.824141519250778
3,1999,810,PAK,8,354,131,Rahat Ali,RAS Lakmal,10,8,21,11.66,118,59.32,Right-hand bat,162,74,2,2736.2,54.48,94.4,rfm,0,PAK,seam,no,24.014568158168572,9.824141519250778
3,2000,811,PAK,8,354,131,Rahat Ali,RAS Lakmal,10,8,22,11.66,118,59.32,Right-hand bat,163,74,2,2736.2,54.48,94.4,rfm,0,PAK,seam,no,24.014568158168572,9.824141519250778
3,2001,812,PAK,8,354,131,Rahat Ali,RAS Lakmal,10,8,23,11.66,118,59.32,Right-hand bat,164,74,2,2736.2,54.48,94.4,rfm,W,PAK,seam,no,24.014568158168572,9.824141519250778
