innings,match_balls,inn_balls,bat_team,team_wkts,team_score,team_lead,batter,bowler,bat_position,bat_score,bat_balls,bat_avg,career_bat_balls,bat_sr,bat_arm,bowl_balls,bowl_runs,bowl_wkts,career_bowl_balls,bowl_avg,bowl_sr,bowl_type,outcome,host_country,bowl_class,bat_win_toss,seam_factor,spin_factor
2,1419,385,PAK,2,170,-258,Younis Khan,AD Mathews,4,8,12,51.38,14250,51.92,Right-hand bat,31,5,0,1812,71.69,139.3,rm,1,PAK,seam,no,20.008650519031143,17.785467128027683
2,1421,387,PAK,2,172,-256,Younis Khan,AD Mathews,4,9,13,51.38,14250,51.92,Right-hand bat,33,7,0,1812,71.69,139.3,rm,0,PAK,seam,no,20.008650519031143,17.785467128027683
2,1422,388,PAK,2,172,-256,Younis Khan,AD Mathews,4,9,14,51.38,14250,51.92,Right-hand bat,34,7,0,1812,71.69,139.3,rm,0,PAK,seam,no,20.008650519031143,17.785467128027683
2,1423,389,PAK,2,172,-256,Younis Khan,AD Mathews,4,9,15,51.38,14250,51.92,Right-hand bat,35,7,0,1812,71.69,139.3,rm,1,PAK,seam,no,20.008650519031143,17.785467128027683
2,1430,396,PAK,2,174,-254,Younis Khan,AD Mathews,4,11,18,51.38,14250,51.92,Right-hand bat,36,8,0,1812,71.69,139.3,rm,0,PAK,seam,no,20.008650519031143,17.785467128027683
2,1431,397,PAK,2,174,-254,Younis Khan,AD Mathews,4,11,19,51.38,14250,51.92,Right-hand bat,37,8,0,1812,71.69,139.3,rm,4,PAK,seam,no,20.008650519031143,17.785467128027683
2,1432,398,PAK,2,178,-250,Younis Khan,AD Mathews,4,15,20,51.38,14250,51.92,Right-hand bat,38,12,0,1812,71.69,139.3,rm,0,PAK,seam,no,20.008650519031143,17.785467128027683
2,1433,399,PAK,2,178,-250,Younis Khan,AD Mathews,4,15,21,51.38,14250,51.92,Right-hand bat,39,12,0,1812,71.69,139.3,rm,0,PAK,seam,no,20.008650519031143,17.785467128027683
2,1434,400,PAK,2,178,-250,Younis Khan,AD Mathews,4,15,22,51.38,14250,51.92,Right-hand bat,40,12,0,1812,71.69,139.3,rm,1,PAK,seam,no,20.008650519031143,17.785467128027683
