innings,match_balls,inn_balls,bat_team,team_wkts,team_score,team_lead,batter,bowler,bat_position,bat_score,bat_balls,bat_avg,career_bat_balls,bat_sr,bat_arm,bowl_balls,bowl_runs,bowl_wkts,career_bowl_balls,bowl_avg,bowl_sr,bowl_type,outcome,host_country,bowl_class,bat_win_toss,seam_factor,spin_factor
2,1325,291,PAK,1,114,-314,Azhar Ali,RMS Eranga,3,0,0,39.14,5544,39.53,Right-hand bat,63,21,1,2124.3,34.12,64.4,rfm,0,PAK,seam,no,20.008650519031143,17.785467128027683
2,1326,292,PAK,1,114,-314,Azhar Ali,RMS Eranga,3,0,1,39.14,5544,39.53,Right-hand bat,64,21,1,2124.3,34.12,64.4,rfm,0,PAK,seam,no,20.008650519031143,17.785467128027683
2,1327,293,PAK,1,114,-314,Azhar Ali,RMS Eranga,3,0,2,39.14,5544,39.53,Right-hand bat,65,21,1,2124.3,34.12,64.4,rfm,0,PAK,seam,no,20.008650519031143,17.785467128027683
2,1334,300,PAK,1,118,-310,Azhar Ali,RMS Eranga,3,3,6,39.14,5544,39.53,Right-hand bat,66,21,1,2124.3,34.12,64.4,rfm,2,PAK,seam,no,20.008650519031143,17.785467128027683
2,1335,301,PAK,1,120,-308,Azhar Ali,RMS Eranga,3,5,7,39.14,5544,39.53,Right-hand bat,67,23,1,2124.3,34.12,64.4,rfm,1lb,PAK,seam,no,20.008650519031143,17.785467128027683
2,1347,313,PAK,1,126,-302,Azhar Ali,RMS Eranga,3,6,13,39.14,5544,39.53,Right-hand bat,73,26,1,2124.3,34.12,64.4,rfm,0,PAK,seam,no,20.008650519031143,17.785467128027683
2,1348,314,PAK,1,126,-302,Azhar Ali,RMS Eranga,3,6,14,39.14,5544,39.53,Right-hand bat,74,26,1,2124.3,34.12,64.4,rfm,1,PAK,seam,no,20.008650519031143,17.785467128027683
2,1350,316,PAK,1,130,-298,Azhar Ali,RMS Eranga,3,7,15,39.14,5544,39.53,Right-hand bat,76,30,1,2124.3,34.12,64.4,rfm,0,PAK,seam,no,20.008650519031143,17.785467128027683
2,1351,317,PAK,1,130,-298,Azhar Ali,RMS Eranga,3,7,16,39.14,5544,39.53,Right-hand bat,77,30,1,2124.3,34.12,64.4,rfm,0,PAK,seam,no,20.008650519031143,17.785467128027683
