innings,match_balls,inn_balls,bat_team,team_wkts,team_score,team_lead,batter,bowler,bat_position,bat_score,bat_balls,bat_avg,career_bat_balls,bat_sr,bat_arm,bowl_balls,bowl_runs,bowl_wkts,career_bowl_balls,bowl_avg,bowl_sr,bowl_type,outcome,host_country,bowl_class,bat_win_toss,seam_factor,spin_factor
1,1019,1019,SRL,9,423,423,RAS Lakmal,Mohammad Talha,11,0,0,7.75,274,33.94,Right-hand bat,185,95,3,432,36,61.7,rmf,0,PAK,seam,yes,20.008650519031143,17.785467128027683
1,1020,1020,SRL,9,423,423,RAS Lakmal,Mohammad Talha,11,0,1,7.75,274,33.94,Right-hand bat,186,95,3,432,36,61.7,rmf,0,PAK,seam,yes,20.008650519031143,17.785467128027683
1,1021,1021,SRL,9,423,423,RAS Lakmal,Mohammad Talha,11,0,2,7.75,274,33.94,Right-hand bat,187,95,3,432,36,61.7,rmf,1,PAK,seam,yes,20.008650519031143,17.785467128027683
1,1028,1028,SRL,9,427,427,RAS Lakmal,Mohammad Talha,11,2,5,7.75,274,33.94,Right-hand bat,188,96,3,432,36,61.7,rmf,0,PAK,seam,yes,20.008650519031143,17.785467128027683
1,1029,1029,SRL,9,427,427,RAS Lakmal,Mohammad Talha,11,2,6,7.75,274,33.94,Right-hand bat,189,96,3,432,36,61.7,rmf,0,PAK,seam,yes,20.008650519031143,17.785467128027683
1,1030,1030,SRL,9,427,427,RAS Lakmal,Mohammad Talha,11,2,7,7.75,274,33.94,Right-hand bat,190,96,3,432,36,61.7,rmf,0,PAK,seam,yes,20.008650519031143,17.785467128027683
1,1031,1031,SRL,9,427,427,RAS Lakmal,Mohammad Talha,11,2,8,7.75,274,33.94,Right-hand bat,191,96,3,432,36,61.7,rmf,0,PAK,seam,yes,20.008650519031143,17.785467128027683
1,1032,1032,SRL,9,427,427,RAS Lakmal,Mohammad Talha,11,2,9,7.75,274,33.94,Right-hand bat,192,96,3,432,36,61.7,rmf,0,PAK,seam,yes,20.008650519031143,17.785467128027683
1,1033,1033,SRL,9,427,427,RAS Lakmal,Mohammad Talha,11,2,10,7.75,274,33.94,Right-hand bat,193,96,3,432,36,61.7,rmf,1,PAK,seam,yes,20.008650519031143,17.785467128027683
