innings,match_balls,inn_balls,bat_team,team_wkts,team_score,team_lead,batter,bowler,bat_position,bat_score,bat_balls,bat_avg,career_bat_balls,bat_sr,bat_arm,bowl_balls,bowl_runs,bowl_wkts,career_bowl_balls,bowl_avg,bowl_sr,bowl_type,outcome,host_country,bowl_class,bat_win_toss,seam_factor,spin_factor
1,508,508,AUS,9,211,211,MA Starc,J Yadav,8,14,21,25.36,1484,70.08,Left-hand bat,67,50,1,624.3,33.36,57,rob,0,IND,spin,yes,4.258125000000001,14.666875000000001
1,509,509,AUS,9,211,211,MA Starc,J Yadav,8,14,22,25.36,1484,70.08,Left-hand bat,68,50,1,624.3,33.36,57,rob,0,IND,spin,yes,4.258125000000001,14.666875000000001
1,510,510,AUS,9,211,211,MA Starc,J Yadav,8,14,23,25.36,1484,70.08,Left-hand bat,69,50,1,624.3,33.36,57,rob,1,IND,spin,yes,4.258125000000001,14.666875000000001
1,520,520,AUS,9,219,219,MA Starc,J Yadav,8,22,30,25.36,1484,70.08,Left-hand bat,73,51,1,624.3,33.36,57,rob,6,IND,spin,yes,4.258125000000001,14.666875000000001
1,521,521,AUS,9,225,225,MA Starc,J Yadav,8,28,31,25.36,1484,70.08,Left-hand bat,74,57,1,624.3,33.36,57,rob,0,IND,spin,yes,4.258125000000001,14.666875000000001
1,522,522,AUS,9,225,225,MA Starc,J Yadav,8,28,32,25.36,1484,70.08,Left-hand bat,75,57,1,624.3,33.36,57,rob,0,IND,spin,yes,4.258125000000001,14.666875000000001
1,523,523,AUS,9,225,225,MA Starc,J Yadav,8,28,33,25.36,1484,70.08,Left-hand bat,76,57,1,624.3,33.36,57,rob,1,IND,spin,yes,4.258125000000001,14.666875000000001
