innings,match_balls,inn_balls,bat_team,team_wkts,team_score,team_lead,batter,bowler,bat_position,bat_score,bat_balls,bat_avg,career_bat_balls,bat_sr,bat_arm,bowl_balls,bowl_runs,bowl_wkts,career_bowl_balls,bowl_avg,bowl_sr,bowl_type,outcome,host_country,bowl_class,bat_win_toss,seam_factor,spin_factor
1,523,523,IND,9,276,276,I Sharma,SCJ Broad,11,1,2,9.36,1747,29.47,Right-hand bat,120,66,2,15054,30.68,59.7,rfm,3,ENG,seam,no,23.580000000000002,5.8950000000000005
1,526,526,IND,9,280,280,I Sharma,SCJ Broad,11,4,3,9.36,1747,29.47,Right-hand bat,123,70,2,15054,30.68,59.7,rfm,0,ENG,seam,no,23.580000000000002,5.8950000000000005
1,527,527,IND,9,280,280,I Sharma,SCJ Broad,11,4,4,9.36,1747,29.47,Right-hand bat,124,70,2,15054,30.68,59.7,rfm,0,ENG,seam,no,23.580000000000002,5.8950000000000005
1,528,528,IND,9,280,280,I Sharma,SCJ Broad,11,4,5,9.36,1747,29.47,Right-hand bat,125,70,2,15054,30.68,59.7,rfm,0,ENG,seam,no,23.580000000000002,5.8950000000000005
1,536,536,IND,9,282,282,I Sharma,SCJ Broad,11,4,6,9.36,1747,29.47,Right-hand bat,127,71,2,15054,30.68,59.7,rfm,4,ENG,seam,no,23.580000000000002,5.8950000000000005
1,537,537,IND,9,286,286,I Sharma,SCJ Broad,11,8,7,9.36,1747,29.47,Right-hand bat,128,75,2,15054,30.68,59.7,rfm,0,ENG,seam,no,23.580000000000002,5.8950000000000005
1,538,538,IND,9,286,286,I Sharma,SCJ Broad,11,8,8,9.36,1747,29.47,Right-hand bat,129,75,2,15054,30.68,59.7,rfm,0,ENG,seam,no,23.580000000000002,5.8950000000000005
1,539,539,IND,9,286,286,I Sharma,SCJ Broad,11,8,9,9.36,1747,29.47,Right-hand bat,130,75,2,15054,30.68,59.7,rfm,4,ENG,seam,no,23.580000000000002,5.8950000000000005
1,540,540,IND,9,290,290,I Sharma,SCJ Broad,11,12,10,9.36,1747,29.47,Right-hand bat,131,79,2,15054,30.68,59.7,rfm,0,ENG,seam,no,23.580000000000002,5.8950000000000005
