innings,match_balls,inn_balls,bat_team,team_wkts,team_score,team_lead,batter,bowler,bat_position,bat_score,bat_balls,bat_avg,career_bat_balls,bat_sr,bat_arm,bowl_balls,bowl_runs,bowl_wkts,career_bowl_balls,bowl_avg,bowl_sr,bowl_type,outcome,host_country,bowl_class,bat_win_toss,seam_factor,spin_factor
1,168,168,IND,5,44,44,STR Binny,JM Anderson,7,5,21,23.6,211,55.92,Right-hand bat,48,16,1,22110.4,29.72,58.1,rfm,0,ENG,seam,no,21.839999999999996,2.4266666666666667
1,169,169,IND,5,44,44,STR Binny,JM Anderson,7,5,22,23.6,211,55.92,Right-hand bat,49,16,1,22110.4,29.72,58.1,rfm,0,ENG,seam,no,21.839999999999996,2.4266666666666667
1,170,170,IND,5,44,44,STR Binny,JM Anderson,7,5,23,23.6,211,55.92,Right-hand bat,50,16,1,22110.4,29.72,58.1,rfm,0,ENG,seam,no,21.839999999999996,2.4266666666666667
1,171,171,IND,5,44,44,STR Binny,JM Anderson,7,5,24,23.6,211,55.92,Right-hand bat,51,16,1,22110.4,29.72,58.1,rfm,0,ENG,seam,no,21.839999999999996,2.4266666666666667
1,172,172,IND,5,44,44,STR Binny,JM Anderson,7,5,25,23.6,211,55.92,Right-hand bat,52,16,1,22110.4,29.72,58.1,rfm,0,ENG,seam,no,21.839999999999996,2.4266666666666667
1,173,173,IND,5,44,44,STR Binny,JM Anderson,7,5,26,23.6,211,55.92,Right-hand bat,53,16,1,22110.4,29.72,58.1,rfm,0,ENG,seam,no,21.839999999999996,2.4266666666666667
1,180,180,IND,5,44,44,STR Binny,JM Anderson,7,5,27,23.6,211,55.92,Right-hand bat,54,16,1,22110.4,29.72,58.1,rfm,0,ENG,seam,no,21.839999999999996,2.4266666666666667
1,181,181,IND,5,44,44,STR Binny,JM Anderson,7,5,28,23.6,211,55.92,Right-hand bat,55,16,1,22110.4,29.72,58.1,rfm,0,ENG,seam,no,21.839999999999996,2.4266666666666667
1,182,182,IND,5,44,44,STR Binny,JM Anderson,7,5,29,23.6,211,55.92,Right-hand bat,56,16,1,22110.4,29.72,58.1,rfm,W,ENG,seam,no,21.839999999999996,2.4266666666666667
