innings,match_balls,inn_balls,bat_team,team_wkts,team_score,team_lead,batter,bowler,bat_position,bat_score,bat_balls,bat_avg,career_bat_balls,bat_sr,bat_arm,bowl_balls,bowl_runs,bowl_wkts,career_bowl_balls,bowl_avg,bowl_sr,bowl_type,outcome,host_country,bowl_class,bat_win_toss,seam_factor,spin_factor
1,763,763,ENG,9,548,548,JM Anderson,HMRKB Herath,11,0,3,10.46,2134,39.22,Left-hand bat,211,117,1,14292.4,30.38,64.3,lo,4,ENG,spin,no,34.62962962962963,6.9259259259259265
1,764,764,ENG,9,552,552,JM Anderson,HMRKB Herath,11,4,4,10.46,2134,39.22,Left-hand bat,212,121,1,14292.4,30.38,64.3,lo,1,ENG,spin,no,34.62962962962963,6.9259259259259265
1,766,766,ENG,9,554,554,JM Anderson,HMRKB Herath,11,5,5,10.46,2134,39.22,Left-hand bat,214,123,1,14292.4,30.38,64.3,lo,0,ENG,spin,no,34.62962962962963,6.9259259259259265
1,767,767,ENG,9,554,554,JM Anderson,HMRKB Herath,11,5,6,10.46,2134,39.22,Left-hand bat,215,123,1,14292.4,30.38,64.3,lo,0,ENG,spin,no,34.62962962962963,6.9259259259259265
1,777,777,ENG,9,560,560,JM Anderson,HMRKB Herath,11,5,11,10.46,2134,39.22,Left-hand bat,219,128,1,14292.4,30.38,64.3,lo,3,ENG,spin,no,34.62962962962963,6.9259259259259265
1,779,779,ENG,9,564,564,JM Anderson,HMRKB Herath,11,8,12,10.46,2134,39.22,Left-hand bat,221,132,1,14292.4,30.38,64.3,lo,0,ENG,spin,no,34.62962962962963,6.9259259259259265
1,787,787,ENG,9,572,572,JM Anderson,HMRKB Herath,11,8,14,10.46,2134,39.22,Left-hand bat,223,133,1,14292.4,30.38,64.3,lo,1,ENG,spin,no,34.62962962962963,6.9259259259259265
