innings,match_balls,inn_balls,bat_team,team_wkts,team_score,team_lead,batter,bowler,bat_position,bat_score,bat_balls,bat_avg,career_bat_balls,bat_sr,bat_arm,bowl_balls,bowl_runs,bowl_wkts,career_bowl_balls,bowl_avg,bowl_sr,bowl_type,outcome,host_country,bowl_class,bat_win_toss,seam_factor,spin_factor
1,218,218,BAN,4,131,131,Shakib Al Hasan,HMRKB Herath,5,46,75,37.03,3615,60.44,Left-hand bat,6,8,0,13932.1,30.01,64.2,lo,0,BAN,spin,no,23.307692307692307,23.307692307692307
1,219,219,BAN,4,131,131,Shakib Al Hasan,HMRKB Herath,5,46,76,37.03,3615,60.44,Left-hand bat,7,8,0,13932.1,30.01,64.2,lo,0,BAN,spin,no,23.307692307692307,23.307692307692307
1,220,220,BAN,4,131,131,Shakib Al Hasan,HMRKB Herath,5,46,77,37.03,3615,60.44,Left-hand bat,8,8,0,13932.1,30.01,64.2,lo,1,BAN,spin,no,23.307692307692307,23.307692307692307
1,230,230,BAN,4,137,137,Shakib Al Hasan,HMRKB Herath,5,48,81,37.03,3615,60.44,Left-hand bat,12,13,0,13932.1,30.01,64.2,lo,0,BAN,spin,no,23.307692307692307,23.307692307692307
1,231,231,BAN,4,137,137,Shakib Al Hasan,HMRKB Herath,5,48,82,37.03,3615,60.44,Left-hand bat,13,13,0,13932.1,30.01,64.2,lo,0,BAN,spin,no,23.307692307692307,23.307692307692307
1,232,232,BAN,4,137,137,Shakib Al Hasan,HMRKB Herath,5,48,83,37.03,3615,60.44,Left-hand bat,14,13,0,13932.1,30.01,64.2,lo,4,BAN,spin,no,23.307692307692307,23.307692307692307
1,233,233,BAN,4,141,141,Shakib Al Hasan,HMRKB Herath,5,52,84,37.03,3615,60.44,Left-hand bat,15,17,0,13932.1,30.01,64.2,lo,1,BAN,spin,no,23.307692307692307,23.307692307692307
1,242,242,BAN,4,145,145,Shakib Al Hasan,HMRKB Herath,5,55,90,37.03,3615,60.44,Left-hand bat,18,18,0,13932.1,30.01,64.2,lo,W,BAN,spin,no,23.307692307692307,23.307692307692307
