innings,match_balls,inn_balls,bat_team,team_wkts,team_score,team_lead,batter,bowler,bat_position,bat_score,bat_balls,bat_avg,career_bat_balls,bat_sr,bat_arm,bowl_balls,bowl_runs,bowl_wkts,career_bowl_balls,bowl_avg,bowl_sr,bowl_type,outcome,host_country,bowl_class,bat_win_toss,seam_factor,spin_factor
4,2093,187,WIN,6,96,-306,D Ramdin,TA Boult,7,26,45,27.47,4655,49.58,Right-hand bat,48,25,0,4638.2,27.43,55.9,lfm,0,WIN,seam,no,12.119183673469387,20.50938775510204
4,2094,188,WIN,6,96,-306,D Ramdin,TA Boult,7,26,46,27.47,4655,49.58,Right-hand bat,49,25,0,4638.2,27.43,55.9,lfm,0,WIN,seam,no,12.119183673469387,20.50938775510204
4,2095,189,WIN,6,96,-306,D Ramdin,TA Boult,7,26,47,27.47,4655,49.58,Right-hand bat,50,25,0,4638.2,27.43,55.9,lfm,0,WIN,seam,no,12.119183673469387,20.50938775510204
4,2096,190,WIN,6,96,-306,D Ramdin,TA Boult,7,26,48,27.47,4655,49.58,Right-hand bat,51,25,0,4638.2,27.43,55.9,lfm,0,WIN,seam,no,12.119183673469387,20.50938775510204
4,2097,191,WIN,6,96,-306,D Ramdin,TA Boult,7,26,49,27.47,4655,49.58,Right-hand bat,52,25,0,4638.2,27.43,55.9,lfm,0,WIN,seam,no,12.119183673469387,20.50938775510204
4,2098,192,WIN,6,96,-306,D Ramdin,TA Boult,7,26,50,27.47,4655,49.58,Right-hand bat,53,25,0,4638.2,27.43,55.9,lfm,0,WIN,seam,no,12.119183673469387,20.50938775510204
4,2106,200,WIN,6,98,-304,D Ramdin,TA Boult,7,26,52,27.47,4655,49.58,Right-hand bat,55,26,0,4638.2,27.43,55.9,lfm,0,WIN,seam,no,12.119183673469387,20.50938775510204
4,2107,201,WIN,6,98,-304,D Ramdin,TA Boult,7,26,53,27.47,4655,49.58,Right-hand bat,56,26,0,4638.2,27.43,55.9,lfm,0,WIN,seam,no,12.119183673469387,20.50938775510204
4,2108,202,WIN,6,98,-304,D Ramdin,TA Boult,7,26,54,27.47,4655,49.58,Right-hand bat,57,26,0,4638.2,27.43,55.9,lfm,1,WIN,seam,no,12.119183673469387,20.50938775510204
