innings,match_balls,inn_balls,bat_team,team_wkts,team_score,team_lead,batter,bowler,bat_position,bat_score,bat_balls,bat_avg,career_bat_balls,bat_sr,bat_arm,bowl_balls,bowl_runs,bowl_wkts,career_bowl_balls,bowl_avg,bowl_sr,bowl_type,outcome,host_country,bowl_class,bat_win_toss,seam_factor,spin_factor
1,111,111,NZL,1,27,27,KS Williamson,MN Samuels,3,7,43,37.12,4898,42.44,Right-hand bat,3,3,0,3306.3,54.41,97.3,rob,0,WIN,spin,yes,12.119183673469387,20.50938775510204
1,112,112,NZL,1,27,27,KS Williamson,MN Samuels,3,7,44,37.12,4898,42.44,Right-hand bat,4,3,0,3306.3,54.41,97.3,rob,1,WIN,spin,yes,12.119183673469387,20.50938775510204
1,144,144,NZL,1,35,35,KS Williamson,MN Samuels,3,9,60,37.12,4898,42.44,Right-hand bat,18,9,0,3306.3,54.41,97.3,rob,0,WIN,spin,yes,12.119183673469387,20.50938775510204
1,145,145,NZL,1,35,35,KS Williamson,MN Samuels,3,9,61,37.12,4898,42.44,Right-hand bat,19,9,0,3306.3,54.41,97.3,rob,0,WIN,spin,yes,12.119183673469387,20.50938775510204
1,146,146,NZL,1,35,35,KS Williamson,MN Samuels,3,9,62,37.12,4898,42.44,Right-hand bat,20,9,0,3306.3,54.41,97.3,rob,1,WIN,spin,yes,12.119183673469387,20.50938775510204
1,551,551,NZL,2,237,237,KS Williamson,MN Samuels,3,102,259,37.12,4898,42.44,Right-hand bat,26,10,0,3306.3,54.41,97.3,rob,0,WIN,spin,yes,12.119183673469387,20.50938775510204
1,552,552,NZL,2,237,237,KS Williamson,MN Samuels,3,102,260,37.12,4898,42.44,Right-hand bat,27,10,0,3306.3,54.41,97.3,rob,0,WIN,spin,yes,12.119183673469387,20.50938775510204
1,553,553,NZL,2,237,237,KS Williamson,MN Samuels,3,102,261,37.12,4898,42.44,Right-hand bat,28,10,0,3306.3,54.41,97.3,rob,0,WIN,spin,yes,12.119183673469387,20.50938775510204
1,554,554,NZL,2,237,237,KS Williamson,MN Samuels,3,102,262,37.12,4898,42.44,Right-hand bat,29,10,0,3306.3,54.41,97.3,rob,3,WIN,spin,yes,12.119183673469387,20.50938775510204
