innings,match_balls,inn_balls,bat_team,team_wkts,team_score,team_lead,batter,bowler,bat_position,bat_score,bat_balls,bat_avg,career_bat_balls,bat_sr,bat_arm,bowl_balls,bowl_runs,bowl_wkts,career_bowl_balls,bowl_avg,bowl_sr,bowl_type,outcome,host_country,bowl_class,bat_win_toss,seam_factor,spin_factor
3,1561,497,NZL,6,306,282,TG Southee,JE Taylor,8,0,3,18.34,1057,86.75,Right-hand bat,74,38,0,5604.3,34.45,60.2,rf,0,WIN,seam,yes,23.56829802775749,8.728999269539809
3,1562,498,NZL,6,306,282,TG Southee,JE Taylor,8,0,4,18.34,1057,86.75,Right-hand bat,75,38,0,5604.3,34.45,60.2,rf,1,WIN,seam,yes,23.56829802775749,8.728999269539809
3,1572,508,NZL,6,313,289,TG Southee,JE Taylor,8,1,5,18.34,1057,86.75,Right-hand bat,79,45,0,5604.3,34.45,60.2,rf,1,WIN,seam,yes,23.56829802775749,8.728999269539809
3,1584,520,NZL,6,321,297,TG Southee,JE Taylor,8,3,8,18.34,1057,86.75,Right-hand bat,85,46,0,5604.3,34.45,60.2,rf,0,WIN,seam,yes,23.56829802775749,8.728999269539809
3,1585,521,NZL,6,321,297,TG Southee,JE Taylor,8,3,9,18.34,1057,86.75,Right-hand bat,86,46,0,5604.3,34.45,60.2,rf,0,WIN,seam,yes,23.56829802775749,8.728999269539809
3,1586,522,NZL,6,321,297,TG Southee,JE Taylor,8,3,10,18.34,1057,86.75,Right-hand bat,87,46,0,5604.3,34.45,60.2,rf,2,WIN,seam,yes,23.56829802775749,8.728999269539809
3,1587,523,NZL,6,323,299,TG Southee,JE Taylor,8,5,11,18.34,1057,86.75,Right-hand bat,88,48,0,5604.3,34.45,60.2,rf,0,WIN,seam,yes,23.56829802775749,8.728999269539809
3,1588,524,NZL,6,323,299,TG Southee,JE Taylor,8,5,12,18.34,1057,86.75,Right-hand bat,89,48,0,5604.3,34.45,60.2,rf,1,WIN,seam,yes,23.56829802775749,8.728999269539809
3,1597,533,NZL,6,327,303,TG Southee,JE Taylor,8,7,18,18.34,1057,86.75,Right-hand bat,92,50,0,5604.3,34.45,60.2,rf,W,WIN,seam,yes,23.56829802775749,8.728999269539809
