innings,match_balls,inn_balls,bat_team,team_wkts,team_score,team_lead,batter,bowler,bat_position,bat_score,bat_balls,bat_avg,career_bat_balls,bat_sr,bat_arm,bowl_balls,bowl_runs,bowl_wkts,career_bowl_balls,bowl_avg,bowl_sr,bowl_type,outcome,host_country,bowl_class,bat_win_toss,seam_factor,spin_factor
2,830,356,WIN,4,205,-88,S Chanderpaul,TG Southee,5,2,13,51.88,26291,43.41,Left-hand bat,87,51,1,7104.1,29.83,57.7,rmf,0,WIN,seam,no,23.56829802775749,8.728999269539809
2,831,357,WIN,4,205,-88,S Chanderpaul,TG Southee,5,2,14,51.88,26291,43.41,Left-hand bat,88,51,1,7104.1,29.83,57.7,rmf,0,WIN,seam,no,23.56829802775749,8.728999269539809
2,832,358,WIN,4,205,-88,S Chanderpaul,TG Southee,5,2,15,51.88,26291,43.41,Left-hand bat,89,51,1,7104.1,29.83,57.7,rmf,0,WIN,seam,no,23.56829802775749,8.728999269539809
2,833,359,WIN,4,205,-88,S Chanderpaul,TG Southee,5,2,16,51.88,26291,43.41,Left-hand bat,90,51,1,7104.1,29.83,57.7,rmf,2,WIN,seam,no,23.56829802775749,8.728999269539809
2,852,378,WIN,4,209,-84,S Chanderpaul,TG Southee,5,5,24,51.88,26291,43.41,Left-hand bat,97,53,1,7104.1,29.83,57.7,rmf,0,WIN,seam,no,23.56829802775749,8.728999269539809
2,853,379,WIN,4,209,-84,S Chanderpaul,TG Southee,5,5,25,51.88,26291,43.41,Left-hand bat,98,53,1,7104.1,29.83,57.7,rmf,0,WIN,seam,no,23.56829802775749,8.728999269539809
2,854,380,WIN,4,209,-84,S Chanderpaul,TG Southee,5,5,26,51.88,26291,43.41,Left-hand bat,99,53,1,7104.1,29.83,57.7,rmf,0,WIN,seam,no,23.56829802775749,8.728999269539809
2,855,381,WIN,4,209,-84,S Chanderpaul,TG Southee,5,5,27,51.88,26291,43.41,Left-hand bat,100,53,1,7104.1,29.83,57.7,rmf,0,WIN,seam,no,23.56829802775749,8.728999269539809
2,856,382,WIN,4,209,-84,S Chanderpaul,TG Southee,5,5,28,51.88,26291,43.41,Left-hand bat,101,53,1,7104.1,29.83,57.7,rmf,1,WIN,seam,no,23.56829802775749,8.728999269539809
