innings,match_balls,inn_balls,bat_team,team_wkts,team_score,team_lead,batter,bowler,bat_position,bat_score,bat_balls,bat_avg,career_bat_balls,bat_sr,bat_arm,bowl_balls,bowl_runs,bowl_wkts,career_bowl_balls,bowl_avg,bowl_sr,bowl_type,outcome,host_country,bowl_class,bat_win_toss,seam_factor,spin_factor
1,418,418,NZL,8,273,273,N Wagner,KAJ Roach,10,1,12,12.25,519,37.76,Left-hand bat,79,54,3,5118.2,27.04,51.2,rfm,0,WIN,seam,yes,23.56829802775749,8.728999269539809
1,419,419,NZL,8,273,273,N Wagner,KAJ Roach,10,1,13,12.25,519,37.76,Left-hand bat,80,54,3,5118.2,27.04,51.2,rfm,0,WIN,seam,yes,23.56829802775749,8.728999269539809
1,420,420,NZL,8,273,273,N Wagner,KAJ Roach,10,1,14,12.25,519,37.76,Left-hand bat,81,54,3,5118.2,27.04,51.2,rfm,0,WIN,seam,yes,23.56829802775749,8.728999269539809
1,421,421,NZL,8,273,273,N Wagner,KAJ Roach,10,1,15,12.25,519,37.76,Left-hand bat,82,54,3,5118.2,27.04,51.2,rfm,0,WIN,seam,yes,23.56829802775749,8.728999269539809
1,422,422,NZL,8,273,273,N Wagner,KAJ Roach,10,1,16,12.25,519,37.76,Left-hand bat,83,54,3,5118.2,27.04,51.2,rfm,0,WIN,seam,yes,23.56829802775749,8.728999269539809
1,434,434,NZL,8,275,275,N Wagner,KAJ Roach,10,1,20,12.25,519,37.76,Left-hand bat,89,55,3,5118.2,27.04,51.2,rfm,0,WIN,seam,yes,23.56829802775749,8.728999269539809
1,441,441,NZL,8,277,277,N Wagner,KAJ Roach,10,2,24,12.25,519,37.76,Left-hand bat,90,55,3,5118.2,27.04,51.2,rfm,0,WIN,seam,yes,23.56829802775749,8.728999269539809
1,442,442,NZL,8,277,277,N Wagner,KAJ Roach,10,2,25,12.25,519,37.76,Left-hand bat,91,55,3,5118.2,27.04,51.2,rfm,W,WIN,seam,yes,23.56829802775749,8.728999269539809
