innings,match_balls,inn_balls,bat_team,team_wkts,team_score,team_lead,batter,bowler,bat_position,bat_score,bat_balls,bat_avg,career_bat_balls,bat_sr,bat_arm,bowl_balls,bowl_runs,bowl_wkts,career_bowl_balls,bowl_avg,bowl_sr,bowl_type,outcome,host_country,bowl_class,bat_win_toss,seam_factor,spin_factor
1,188,188,NZL,5,149,149,L Ronchi,BA Stokes,7,4,1,59.5,93,127.95,Right-hand bat,44,16,1,1974.4,43.24,68.2,rfm,0,ENG,seam,no,27.3213296398892,9.757617728531855
1,189,189,NZL,5,149,149,L Ronchi,BA Stokes,7,4,2,59.5,93,127.95,Right-hand bat,45,16,1,1974.4,43.24,68.2,rfm,0,ENG,seam,no,27.3213296398892,9.757617728531855
1,190,190,NZL,5,149,149,L Ronchi,BA Stokes,7,4,3,59.5,93,127.95,Right-hand bat,46,16,1,1974.4,43.24,68.2,rfm,1,ENG,seam,no,27.3213296398892,9.757617728531855
1,210,210,NZL,5,167,167,L Ronchi,BA Stokes,7,14,12,59.5,93,127.95,Right-hand bat,54,21,1,1974.4,43.24,68.2,rfm,4,ENG,seam,no,27.3213296398892,9.757617728531855
1,211,211,NZL,5,171,171,L Ronchi,BA Stokes,7,18,13,59.5,93,127.95,Right-hand bat,55,25,1,1974.4,43.24,68.2,rfm,0,ENG,seam,no,27.3213296398892,9.757617728531855
1,212,212,NZL,5,171,171,L Ronchi,BA Stokes,7,18,14,59.5,93,127.95,Right-hand bat,56,25,1,1974.4,43.24,68.2,rfm,0,ENG,seam,no,27.3213296398892,9.757617728531855
1,213,213,NZL,5,171,171,L Ronchi,BA Stokes,7,18,15,59.5,93,127.95,Right-hand bat,57,25,1,1974.4,43.24,68.2,rfm,4,ENG,seam,no,27.3213296398892,9.757617728531855
1,214,214,NZL,5,175,175,L Ronchi,BA Stokes,7,22,16,59.5,93,127.95,Right-hand bat,58,29,1,1974.4,43.24,68.2,rfm,0,ENG,seam,no,27.3213296398892,9.757617728531855
1,215,215,NZL,5,175,175,L Ronchi,BA Stokes,7,22,17,59.5,93,127.95,Right-hand bat,59,29,1,1974.4,43.24,68.2,rfm,4,ENG,seam,no,27.3213296398892,9.757617728531855
