innings,match_balls,inn_balls,bat_team,team_wkts,team_score,team_lead,batter,bowler,bat_position,bat_score,bat_balls,bat_avg,career_bat_balls,bat_sr,bat_arm,bowl_balls,bowl_runs,bowl_wkts,career_bowl_balls,bowl_avg,bowl_sr,bowl_type,outcome,host_country,bowl_class,bat_win_toss,seam_factor,spin_factor
3,1582,492,NZL,7,369,369,TG Southee,MA Wood,9,1,1,17.72,1249,86.54,Right-hand bat,102,80,3,438,33.22,48.6,rf,0,ENG,seam,no,27.3213296398892,9.757617728531855
3,1583,493,NZL,7,369,369,TG Southee,MA Wood,9,1,2,17.72,1249,86.54,Right-hand bat,103,80,3,438,33.22,48.6,rf,0,ENG,seam,no,27.3213296398892,9.757617728531855
3,1584,494,NZL,7,369,369,TG Southee,MA Wood,9,1,3,17.72,1249,86.54,Right-hand bat,104,80,3,438,33.22,48.6,rf,0,ENG,seam,no,27.3213296398892,9.757617728531855
3,1585,495,NZL,7,369,369,TG Southee,MA Wood,9,1,4,17.72,1249,86.54,Right-hand bat,105,80,3,438,33.22,48.6,rf,0,ENG,seam,no,27.3213296398892,9.757617728531855
3,1586,496,NZL,7,369,369,TG Southee,MA Wood,9,1,5,17.72,1249,86.54,Right-hand bat,106,80,3,438,33.22,48.6,rf,0,ENG,seam,no,27.3213296398892,9.757617728531855
3,1587,497,NZL,7,369,369,TG Southee,MA Wood,9,1,6,17.72,1249,86.54,Right-hand bat,107,80,3,438,33.22,48.6,rf,4,ENG,seam,no,27.3213296398892,9.757617728531855
3,1594,504,NZL,7,377,377,TG Southee,MA Wood,9,5,7,17.72,1249,86.54,Right-hand bat,108,84,3,438,33.22,48.6,rf,4,ENG,seam,no,27.3213296398892,9.757617728531855
3,1595,505,NZL,7,381,381,TG Southee,MA Wood,9,9,8,17.72,1249,86.54,Right-hand bat,109,88,3,438,33.22,48.6,rf,1,ENG,seam,no,27.3213296398892,9.757617728531855
