innings,match_balls,inn_balls,bat_team,team_wkts,team_score,team_lead,batter,bowler,bat_position,bat_score,bat_balls,bat_avg,career_bat_balls,bat_sr,bat_arm,bowl_balls,bowl_runs,bowl_wkts,career_bowl_balls,bowl_avg,bowl_sr,bowl_type,outcome,host_country,bowl_class,bat_win_toss,seam_factor,spin_factor
2,1384,488,ENG,7,273,-293,SCJ Broad,MG Johnson,9,0,11,22.84,3505,67.13,Left-hand bat,109,51,2,15138.5,27.71,50.6,lf,0,ENG,seam,no,31.56111111111111,10.977777777777778
2,1385,489,ENG,7,273,-293,SCJ Broad,MG Johnson,9,0,12,22.84,3505,67.13,Left-hand bat,110,51,2,15138.5,27.71,50.6,lf,0,ENG,seam,no,31.56111111111111,10.977777777777778
2,1386,490,ENG,7,273,-293,SCJ Broad,MG Johnson,9,0,13,22.84,3505,67.13,Left-hand bat,111,51,2,15138.5,27.71,50.6,lf,0,ENG,seam,no,31.56111111111111,10.977777777777778
2,1387,491,ENG,7,273,-293,SCJ Broad,MG Johnson,9,0,14,22.84,3505,67.13,Left-hand bat,112,51,2,15138.5,27.71,50.6,lf,0,ENG,seam,no,31.56111111111111,10.977777777777778
2,1388,492,ENG,7,273,-293,SCJ Broad,MG Johnson,9,0,15,22.84,3505,67.13,Left-hand bat,113,51,2,15138.5,27.71,50.6,lf,2,ENG,seam,no,31.56111111111111,10.977777777777778
2,1425,529,ENG,9,306,-260,SCJ Broad,MG Johnson,9,21,38,22.84,3505,67.13,Left-hand bat,114,53,2,15138.5,27.71,50.6,lf,0,ENG,seam,no,31.56111111111111,10.977777777777778
2,1426,530,ENG,9,306,-260,SCJ Broad,MG Johnson,9,21,39,22.84,3505,67.13,Left-hand bat,115,53,2,15138.5,27.71,50.6,lf,0,ENG,seam,no,31.56111111111111,10.977777777777778
2,1427,531,ENG,9,306,-260,SCJ Broad,MG Johnson,9,21,40,22.84,3505,67.13,Left-hand bat,116,53,2,15138.5,27.71,50.6,lf,0,ENG,seam,no,31.56111111111111,10.977777777777778
2,1428,532,ENG,9,306,-260,SCJ Broad,MG Johnson,9,21,41,22.84,3505,67.13,Left-hand bat,117,53,2,15138.5,27.71,50.6,lf,0,ENG,seam,no,31.56111111111111,10.977777777777778
2,1429,533,ENG,9,306,-260,SCJ Broad,MG Johnson,9,21,42,22.84,3505,67.13,Left-hand bat,118,53,2,15138.5,27.71,50.6,lf,0,ENG,seam,no,31.56111111111111,10.977777777777778
2,1430,534,ENG,9,306,-260,SCJ Broad,MG Johnson,9,21,43,22.84,3505,67.13,Left-hand bat,119,53,2,15138.5,27.71,50.6,lf,0,ENG,seam,no,31.56111111111111,10.977777777777778
2,1437,541,ENG,9,312,-254,SCJ Broad,MG Johnson,9,21,44,22.84,3505,67.13,Left-hand bat,120,53,2,15138.5,27.71,50.6,lf,W,ENG,seam,no,31.56111111111111,10.977777777777778
