innings,match_balls,inn_balls,bat_team,team_wkts,team_score,team_lead,batter,bowler,bat_position,bat_score,bat_balls,bat_avg,career_bat_balls,bat_sr,bat_arm,bowl_balls,bowl_runs,bowl_wkts,career_bowl_balls,bowl_avg,bowl_sr,bowl_type,outcome,host_country,bowl_class,bat_win_toss,seam_factor,spin_factor
1,618,618,IND,7,385,385,UT Yadav,JR Hazlewood,9,0,0,9.37,171,43.85,Right-hand bat,125,62,4,234.2,20.28,33.7,rfm,0,AUS,seam,yes,28.35108024691358,6.843364197530864
1,619,619,IND,7,385,385,UT Yadav,JR Hazlewood,9,0,1,9.37,171,43.85,Right-hand bat,126,62,4,234.2,20.28,33.7,rfm,0,AUS,seam,yes,28.35108024691358,6.843364197530864
1,620,620,IND,7,385,385,UT Yadav,JR Hazlewood,9,0,2,9.37,171,43.85,Right-hand bat,127,62,4,234.2,20.28,33.7,rfm,0,AUS,seam,yes,28.35108024691358,6.843364197530864
1,639,639,IND,8,399,399,UT Yadav,JR Hazlewood,9,5,8,9.37,171,43.85,Right-hand bat,134,64,5,234.2,20.28,33.7,rfm,0,AUS,seam,yes,28.35108024691358,6.843364197530864
1,640,640,IND,8,399,399,UT Yadav,JR Hazlewood,9,5,9,9.37,171,43.85,Right-hand bat,135,64,5,234.2,20.28,33.7,rfm,4,AUS,seam,yes,28.35108024691358,6.843364197530864
1,641,641,IND,8,403,403,UT Yadav,JR Hazlewood,9,9,10,9.37,171,43.85,Right-hand bat,136,68,5,234.2,20.28,33.7,rfm,0,AUS,seam,yes,28.35108024691358,6.843364197530864
1,642,642,IND,8,403,403,UT Yadav,JR Hazlewood,9,9,11,9.37,171,43.85,Right-hand bat,137,68,5,234.2,20.28,33.7,rfm,0,AUS,seam,yes,28.35108024691358,6.843364197530864
1,643,643,IND,8,403,403,UT Yadav,JR Hazlewood,9,9,12,9.37,171,43.85,Right-hand bat,138,68,5,234.2,20.28,33.7,rfm,0,AUS,seam,yes,28.35108024691358,6.843364197530864
1,644,644,IND,8,403,403,UT Yadav,JR Hazlewood,9,9,13,9.37,171,43.85,Right-hand bat,139,68,5,234.2,20.28,33.7,rfm,0,AUS,seam,yes,28.35108024691358,6.843364197530864
