innings,match_balls,inn_balls,bat_team,team_wkts,team_score,team_lead,batter,bowler,bat_position,bat_score,bat_balls,bat_avg,career_bat_balls,bat_sr,bat_arm,bowl_balls,bowl_runs,bowl_wkts,career_bowl_balls,bowl_avg,bowl_sr,bowl_type,outcome,host_country,bowl_class,bat_win_toss,seam_factor,spin_factor
2,768,107,AUS,1,92,-316,CJL Rogers,R Ashwin,1,35,54,35.94,2670,47.11,Left-hand bat,1,1,0,6528.4,29.3,59.9,rob,0,AUS,spin,no,28.35108024691358,6.843364197530864
2,769,108,AUS,1,92,-316,CJL Rogers,R Ashwin,1,35,55,35.94,2670,47.11,Left-hand bat,2,1,0,6528.4,29.3,59.9,rob,0,AUS,spin,no,28.35108024691358,6.843364197530864
2,770,109,AUS,1,92,-316,CJL Rogers,R Ashwin,1,35,56,35.94,2670,47.11,Left-hand bat,3,1,0,6528.4,29.3,59.9,rob,0,AUS,spin,no,28.35108024691358,6.843364197530864
2,771,110,AUS,1,92,-316,CJL Rogers,R Ashwin,1,35,57,35.94,2670,47.11,Left-hand bat,4,1,0,6528.4,29.3,59.9,rob,0,AUS,spin,no,28.35108024691358,6.843364197530864
2,772,111,AUS,1,92,-316,CJL Rogers,R Ashwin,1,35,58,35.94,2670,47.11,Left-hand bat,5,1,0,6528.4,29.3,59.9,rob,0,AUS,spin,no,28.35108024691358,6.843364197530864
2,792,131,AUS,2,111,-297,CJL Rogers,R Ashwin,1,48,69,35.94,2670,47.11,Left-hand bat,12,1,1,6528.4,29.3,59.9,rob,0,AUS,spin,no,28.35108024691358,6.843364197530864
2,793,132,AUS,2,111,-297,CJL Rogers,R Ashwin,1,48,70,35.94,2670,47.11,Left-hand bat,13,1,1,6528.4,29.3,59.9,rob,0,AUS,spin,no,28.35108024691358,6.843364197530864
2,794,133,AUS,2,111,-297,CJL Rogers,R Ashwin,1,48,71,35.94,2670,47.11,Left-hand bat,14,1,1,6528.4,29.3,59.9,rob,0,AUS,spin,no,28.35108024691358,6.843364197530864
2,795,134,AUS,2,111,-297,CJL Rogers,R Ashwin,1,48,72,35.94,2670,47.11,Left-hand bat,15,1,1,6528.4,29.3,59.9,rob,4,AUS,spin,no,28.35108024691358,6.843364197530864
2,796,135,AUS,2,115,-293,CJL Rogers,R Ashwin,1,52,73,35.94,2670,47.11,Left-hand bat,16,5,1,6528.4,29.3,59.9,rob,0,AUS,spin,no,28.35108024691358,6.843364197530864
2,797,136,AUS,2,115,-293,CJL Rogers,R Ashwin,1,52,74,35.94,2670,47.11,Left-hand bat,17,5,1,6528.4,29.3,59.9,rob,0,AUS,spin,no,28.35108024691358,6.843364197530864
