innings,match_balls,inn_balls,bat_team,team_wkts,team_score,team_lead,batter,bowler,bat_position,bat_score,bat_balls,bat_avg,career_bat_balls,bat_sr,bat_arm,bowl_balls,bowl_runs,bowl_wkts,career_bowl_balls,bowl_avg,bowl_sr,bowl_type,outcome,host_country,bowl_class,bat_win_toss,seam_factor,spin_factor
4,1795,71,AUS,2,43,-84,SPD Smith,UT Yadav,4,3,16,47.75,3587,53.24,Right-hand bat,32,23,0,1686.3,32.08,45.6,rf,0,AUS,seam,no,28.35108024691358,6.843364197530864
4,1796,72,AUS,2,43,-84,SPD Smith,UT Yadav,4,3,17,47.75,3587,53.24,Right-hand bat,33,23,0,1686.3,32.08,45.6,rf,1,AUS,seam,no,28.35108024691358,6.843364197530864
4,1839,115,AUS,3,98,-29,SPD Smith,UT Yadav,4,17,30,47.75,3587,53.24,Right-hand bat,38,33,0,1686.3,32.08,45.6,rf,4,AUS,seam,no,28.35108024691358,6.843364197530864
4,1840,116,AUS,3,102,-25,SPD Smith,UT Yadav,4,21,31,47.75,3587,53.24,Right-hand bat,39,37,0,1686.3,32.08,45.6,rf,0,AUS,seam,no,28.35108024691358,6.843364197530864
4,1841,117,AUS,3,102,-25,SPD Smith,UT Yadav,4,21,32,47.75,3587,53.24,Right-hand bat,40,37,0,1686.3,32.08,45.6,rf,0,AUS,seam,no,28.35108024691358,6.843364197530864
4,1842,118,AUS,3,102,-25,SPD Smith,UT Yadav,4,21,33,47.75,3587,53.24,Right-hand bat,41,37,0,1686.3,32.08,45.6,rf,0,AUS,seam,no,28.35108024691358,6.843364197530864
4,1850,126,AUS,3,111,-16,SPD Smith,UT Yadav,4,21,34,47.75,3587,53.24,Right-hand bat,42,37,0,1686.3,32.08,45.6,rf,1,AUS,seam,no,28.35108024691358,6.843364197530864
4,1855,131,AUS,4,115,-12,SPD Smith,UT Yadav,4,22,35,47.75,3587,53.24,Right-hand bat,47,41,1,1686.3,32.08,45.6,rf,1,AUS,seam,no,28.35108024691358,6.843364197530864
