innings,match_balls,inn_balls,bat_team,team_wkts,team_score,team_lead,batter,bowler,bat_position,bat_score,bat_balls,bat_avg,career_bat_balls,bat_sr,bat_arm,bowl_balls,bowl_runs,bowl_wkts,career_bowl_balls,bowl_avg,bowl_sr,bowl_type,outcome,host_country,bowl_class,bat_win_toss,seam_factor,spin_factor
1,648,648,AUS,6,356,356,MG Johnson,R Ashwin,8,13,17,23.06,3173,58.87,Left-hand bat,162,60,1,6960.4,29.85,61,rob,0,AUS,spin,yes,33.98857142857143,8.497142857142858
1,649,649,AUS,6,356,356,MG Johnson,R Ashwin,8,13,18,23.06,3173,58.87,Left-hand bat,163,60,1,6960.4,29.85,61,rob,0,AUS,spin,yes,33.98857142857143,8.497142857142858
1,650,650,AUS,6,356,356,MG Johnson,R Ashwin,8,13,19,23.06,3173,58.87,Left-hand bat,164,60,1,6960.4,29.85,61,rob,0,AUS,spin,yes,33.98857142857143,8.497142857142858
1,651,651,AUS,6,356,356,MG Johnson,R Ashwin,8,13,20,23.06,3173,58.87,Left-hand bat,165,60,1,6960.4,29.85,61,rob,1,AUS,spin,yes,33.98857142857143,8.497142857142858
1,663,663,AUS,6,366,366,MG Johnson,R Ashwin,8,19,26,23.06,3173,58.87,Left-hand bat,171,62,1,6960.4,29.85,61,rob,0,AUS,spin,yes,33.98857142857143,8.497142857142858
1,664,664,AUS,6,366,366,MG Johnson,R Ashwin,8,19,27,23.06,3173,58.87,Left-hand bat,172,62,1,6960.4,29.85,61,rob,1,AUS,spin,yes,33.98857142857143,8.497142857142858
1,673,673,AUS,6,376,376,MG Johnson,R Ashwin,8,28,34,23.06,3173,58.87,Left-hand bat,175,64,1,6960.4,29.85,61,rob,0,AUS,spin,yes,33.98857142857143,8.497142857142858
1,674,674,AUS,6,376,376,MG Johnson,R Ashwin,8,28,35,23.06,3173,58.87,Left-hand bat,176,64,1,6960.4,29.85,61,rob,0,AUS,spin,yes,33.98857142857143,8.497142857142858
1,675,675,AUS,6,376,376,MG Johnson,R Ashwin,8,28,36,23.06,3173,58.87,Left-hand bat,177,64,1,6960.4,29.85,61,rob,W,AUS,spin,yes,33.98857142857143,8.497142857142858
