innings,match_balls,inn_balls,bat_team,team_wkts,team_score,team_lead,batter,bowler,bat_position,bat_score,bat_balls,bat_avg,career_bat_balls,bat_sr,bat_arm,bowl_balls,bowl_runs,bowl_wkts,career_bowl_balls,bowl_avg,bowl_sr,bowl_type,outcome,host_country,bowl_class,bat_win_toss,seam_factor,spin_factor
3,1593,237,ENG,3,120,224,JE Root,KAJ Roach,5,32,45,52.05,3957,47.35,Right-hand bat,55,32,0,5892.5,26.12,49.9,rfm,0,WIN,seam,no,26.205882352941178,14.294117647058824
3,1594,238,ENG,3,120,224,JE Root,KAJ Roach,5,32,46,52.05,3957,47.35,Right-hand bat,56,32,0,5892.5,26.12,49.9,rfm,0,WIN,seam,no,26.205882352941178,14.294117647058824
3,1595,239,ENG,3,120,224,JE Root,KAJ Roach,5,32,47,52.05,3957,47.35,Right-hand bat,57,32,0,5892.5,26.12,49.9,rfm,2,WIN,seam,no,26.205882352941178,14.294117647058824
3,1596,240,ENG,3,122,226,JE Root,KAJ Roach,5,34,48,52.05,3957,47.35,Right-hand bat,58,34,0,5892.5,26.12,49.9,rfm,0,WIN,seam,no,26.205882352941178,14.294117647058824
3,1597,241,ENG,3,122,226,JE Root,KAJ Roach,5,34,49,52.05,3957,47.35,Right-hand bat,59,34,0,5892.5,26.12,49.9,rfm,1,WIN,seam,no,26.205882352941178,14.294117647058824
3,1605,249,ENG,3,126,230,JE Root,KAJ Roach,5,38,53,52.05,3957,47.35,Right-hand bat,61,35,0,5892.5,26.12,49.9,rfm,3,WIN,seam,no,26.205882352941178,14.294117647058824
3,1634,278,ENG,3,146,250,JE Root,KAJ Roach,5,49,66,52.05,3957,47.35,Right-hand bat,78,47,0,5892.5,26.12,49.9,rfm,0,WIN,seam,no,26.205882352941178,14.294117647058824
