innings,match_balls,inn_balls,bat_team,team_wkts,team_score,team_lead,batter,bowler,bat_position,bat_score,bat_balls,bat_avg,career_bat_balls,bat_sr,bat_arm,bowl_balls,bowl_runs,bowl_wkts,career_bowl_balls,bowl_avg,bowl_sr,bowl_type,outcome,host_country,bowl_class,bat_win_toss,seam_factor,spin_factor
3,1580,224,ENG,3,115,219,JE Root,JO Holder,5,32,44,52.05,3957,47.35,Right-hand bat,43,20,0,678,41.37,84.7,rmf,0,WIN,seam,no,26.205882352941178,14.294117647058824
3,1653,297,ENG,3,154,258,JE Root,JO Holder,5,56,72,52.05,3957,47.35,Right-hand bat,50,20,0,678,41.37,84.7,rmf,0,WIN,seam,no,26.205882352941178,14.294117647058824
3,1654,298,ENG,3,154,258,JE Root,JO Holder,5,56,73,52.05,3957,47.35,Right-hand bat,51,20,0,678,41.37,84.7,rmf,0,WIN,seam,no,26.205882352941178,14.294117647058824
3,1655,299,ENG,3,154,258,JE Root,JO Holder,5,56,74,52.05,3957,47.35,Right-hand bat,52,20,0,678,41.37,84.7,rmf,0,WIN,seam,no,26.205882352941178,14.294117647058824
3,1656,300,ENG,3,154,258,JE Root,JO Holder,5,56,75,52.05,3957,47.35,Right-hand bat,53,20,0,678,41.37,84.7,rmf,1,WIN,seam,no,26.205882352941178,14.294117647058824
3,1658,302,ENG,3,156,260,JE Root,JO Holder,5,57,76,52.05,3957,47.35,Right-hand bat,55,22,0,678,41.37,84.7,rmf,1,WIN,seam,no,26.205882352941178,14.294117647058824
3,1668,312,ENG,3,166,270,JE Root,JO Holder,5,59,78,52.05,3957,47.35,Right-hand bat,59,24,0,678,41.37,84.7,rmf,W,WIN,seam,no,26.205882352941178,14.294117647058824
