innings,match_balls,inn_balls,bat_team,team_wkts,team_score,team_lead,batter,bowler,bat_position,bat_score,bat_balls,bat_avg,career_bat_balls,bat_sr,bat_arm,bowl_balls,bowl_runs,bowl_wkts,career_bowl_balls,bowl_avg,bowl_sr,bowl_type,outcome,host_country,bowl_class,bat_win_toss,seam_factor,spin_factor
3,1365,9,ENG,0,8,112,IJL Trott,KAJ Roach,2,2,5,45.38,7957,47.34,Right-hand bat,3,5,0,5892.5,26.12,49.9,rfm,0,WIN,seam,no,26.205882352941178,14.294117647058824
3,1366,10,ENG,0,8,112,IJL Trott,KAJ Roach,2,2,6,45.38,7957,47.34,Right-hand bat,4,5,0,5892.5,26.12,49.9,rfm,0,WIN,seam,no,26.205882352941178,14.294117647058824
3,1367,11,ENG,0,8,112,IJL Trott,KAJ Roach,2,2,7,45.38,7957,47.34,Right-hand bat,5,5,0,5892.5,26.12,49.9,rfm,0,WIN,seam,no,26.205882352941178,14.294117647058824
3,1374,18,ENG,0,8,112,IJL Trott,KAJ Roach,2,2,8,45.38,7957,47.34,Right-hand bat,6,5,0,5892.5,26.12,49.9,rfm,0,WIN,seam,no,26.205882352941178,14.294117647058824
3,1375,19,ENG,0,8,112,IJL Trott,KAJ Roach,2,2,9,45.38,7957,47.34,Right-hand bat,7,5,0,5892.5,26.12,49.9,rfm,0,WIN,seam,no,26.205882352941178,14.294117647058824
3,1376,20,ENG,0,8,112,IJL Trott,KAJ Roach,2,2,10,45.38,7957,47.34,Right-hand bat,8,5,0,5892.5,26.12,49.9,rfm,2,WIN,seam,no,26.205882352941178,14.294117647058824
3,1377,21,ENG,0,10,114,IJL Trott,KAJ Roach,2,4,11,45.38,7957,47.34,Right-hand bat,9,7,0,5892.5,26.12,49.9,rfm,0,WIN,seam,no,26.205882352941178,14.294117647058824
3,1378,22,ENG,0,10,114,IJL Trott,KAJ Roach,2,4,12,45.38,7957,47.34,Right-hand bat,10,7,0,5892.5,26.12,49.9,rfm,0,WIN,seam,no,26.205882352941178,14.294117647058824
3,1379,23,ENG,0,10,114,IJL Trott,KAJ Roach,2,4,13,45.38,7957,47.34,Right-hand bat,11,7,0,5892.5,26.12,49.9,rfm,0,WIN,seam,no,26.205882352941178,14.294117647058824
