innings,match_balls,inn_balls,bat_team,team_wkts,team_score,team_lead,batter,bowler,bat_position,bat_score,bat_balls,bat_avg,career_bat_balls,bat_sr,bat_arm,bowl_balls,bowl_runs,bowl_wkts,career_bowl_balls,bowl_avg,bowl_sr,bowl_type,outcome,host_country,bowl_class,bat_win_toss,seam_factor,spin_factor
2,817,234,WIN,6,119,-138,J Blackwood,BA Stokes,6,48,58,50.36,990,55.95,Right-hand bat,0,0,0,1608.4,39.2,64.4,rfm,0,WIN,seam,no,16.194285714285716,5.605714285714286
2,818,235,WIN,6,119,-138,J Blackwood,BA Stokes,6,48,59,50.36,990,55.95,Right-hand bat,1,0,0,1608.4,39.2,64.4,rfm,0,WIN,seam,no,16.194285714285716,5.605714285714286
2,819,236,WIN,6,119,-138,J Blackwood,BA Stokes,6,48,60,50.36,990,55.95,Right-hand bat,2,0,0,1608.4,39.2,64.4,rfm,4,WIN,seam,no,16.194285714285716,5.605714285714286
2,820,237,WIN,6,123,-134,J Blackwood,BA Stokes,6,52,61,50.36,990,55.95,Right-hand bat,3,4,0,1608.4,39.2,64.4,rfm,0,WIN,seam,no,16.194285714285716,5.605714285714286
2,821,238,WIN,6,123,-134,J Blackwood,BA Stokes,6,52,62,50.36,990,55.95,Right-hand bat,4,4,0,1608.4,39.2,64.4,rfm,1,WIN,seam,no,16.194285714285716,5.605714285714286
2,829,246,WIN,7,127,-130,J Blackwood,BA Stokes,6,56,67,50.36,990,55.95,Right-hand bat,6,5,1,1608.4,39.2,64.4,rfm,0,WIN,seam,no,16.194285714285716,5.605714285714286
2,830,247,WIN,7,127,-130,J Blackwood,BA Stokes,6,56,68,50.36,990,55.95,Right-hand bat,7,5,1,1608.4,39.2,64.4,rfm,1,WIN,seam,no,16.194285714285716,5.605714285714286
2,833,250,WIN,7,129,-128,J Blackwood,BA Stokes,6,57,69,50.36,990,55.95,Right-hand bat,10,7,1,1608.4,39.2,64.4,rfm,6,WIN,seam,no,16.194285714285716,5.605714285714286
2,834,251,WIN,7,135,-122,J Blackwood,BA Stokes,6,63,70,50.36,990,55.95,Right-hand bat,11,13,1,1608.4,39.2,64.4,rfm,4,WIN,seam,no,16.194285714285716,5.605714285714286
