innings,match_balls,inn_balls,bat_team,team_wkts,team_score,team_lead,batter,bowler,bat_position,bat_score,bat_balls,bat_avg,career_bat_balls,bat_sr,bat_arm,bowl_balls,bowl_runs,bowl_wkts,career_bowl_balls,bowl_avg,bowl_sr,bowl_type,outcome,host_country,bowl_class,bat_win_toss,seam_factor,spin_factor
1,463,463,ENG,5,253,253,BA Stokes,D Elgar,6,38,63,33.73,1858,68.99,Left-hand bat,0,0,0,828.1,45.36,75.3,lo,1,RSA,spin,yes,62.714681440443215,11.759002770083104
1,465,465,ENG,5,255,255,BA Stokes,D Elgar,6,39,64,33.73,1858,68.99,Left-hand bat,2,2,0,828.1,45.36,75.3,lo,1,RSA,spin,yes,62.714681440443215,11.759002770083104
1,479,479,ENG,5,261,261,BA Stokes,D Elgar,6,41,67,33.73,1858,68.99,Left-hand bat,10,5,0,828.1,45.36,75.3,lo,1,RSA,spin,yes,62.714681440443215,11.759002770083104
1,708,708,ENG,5,530,530,BA Stokes,D Elgar,6,217,176,33.73,1858,68.99,Left-hand bat,12,7,0,828.1,45.36,75.3,lo,1,RSA,spin,yes,62.714681440443215,11.759002770083104
1,713,713,ENG,5,532,532,BA Stokes,D Elgar,6,218,177,33.73,1858,68.99,Left-hand bat,17,9,0,828.1,45.36,75.3,lo,4,RSA,spin,yes,62.714681440443215,11.759002770083104
1,720,720,ENG,5,542,542,BA Stokes,D Elgar,6,223,179,33.73,1858,68.99,Left-hand bat,18,13,0,828.1,45.36,75.3,lo,0,RSA,spin,yes,62.714681440443215,11.759002770083104
1,721,721,ENG,5,542,542,BA Stokes,D Elgar,6,223,180,33.73,1858,68.99,Left-hand bat,19,13,0,828.1,45.36,75.3,lo,1,RSA,spin,yes,62.714681440443215,11.759002770083104
1,723,723,ENG,5,544,544,BA Stokes,D Elgar,6,224,181,33.73,1858,68.99,Left-hand bat,21,15,0,828.1,45.36,75.3,lo,1,RSA,spin,yes,62.714681440443215,11.759002770083104
