innings,match_balls,inn_balls,bat_team,team_wkts,team_score,team_lead,batter,bowler,bat_position,bat_score,bat_balls,bat_avg,career_bat_balls,bat_sr,bat_arm,bowl_balls,bowl_runs,bowl_wkts,career_bowl_balls,bowl_avg,bowl_sr,bowl_type,outcome,host_country,bowl_class,bat_win_toss,seam_factor,spin_factor
2,1321,560,AUS,4,392,-51,NJ Maddinson,Wahab Riaz,6,5,17,6.75,78,34.61,Left-hand bat,145,103,2,4260.2,34.27,59.1,lf,0,AUS,seam,no,33.74485596707819,11.810699588477368
2,1322,561,AUS,4,392,-51,NJ Maddinson,Wahab Riaz,6,5,18,6.75,78,34.61,Left-hand bat,146,103,2,4260.2,34.27,59.1,lf,1,AUS,seam,no,33.74485596707819,11.810699588477368
2,1324,563,AUS,4,394,-49,NJ Maddinson,Wahab Riaz,6,6,19,6.75,78,34.61,Left-hand bat,148,105,2,4260.2,34.27,59.1,lf,1,AUS,seam,no,33.74485596707819,11.810699588477368
2,1369,608,AUS,4,416,-27,NJ Maddinson,Wahab Riaz,6,15,43,6.75,78,34.61,Left-hand bat,151,107,2,4260.2,34.27,59.1,lf,0,AUS,seam,no,33.74485596707819,11.810699588477368
2,1370,609,AUS,4,416,-27,NJ Maddinson,Wahab Riaz,6,15,44,6.75,78,34.61,Left-hand bat,152,107,2,4260.2,34.27,59.1,lf,0,AUS,seam,no,33.74485596707819,11.810699588477368
2,1371,610,AUS,4,416,-27,NJ Maddinson,Wahab Riaz,6,15,45,6.75,78,34.61,Left-hand bat,153,107,2,4260.2,34.27,59.1,lf,1,AUS,seam,no,33.74485596707819,11.810699588477368
2,1380,619,AUS,4,422,-21,NJ Maddinson,Wahab Riaz,6,19,47,6.75,78,34.61,Left-hand bat,156,108,2,4260.2,34.27,59.1,lf,1,AUS,seam,no,33.74485596707819,11.810699588477368
2,1392,631,AUS,4,426,-17,NJ Maddinson,Wahab Riaz,6,21,50,6.75,78,34.61,Left-hand bat,162,110,2,4260.2,34.27,59.1,lf,0,AUS,seam,no,33.74485596707819,11.810699588477368
2,1393,632,AUS,4,426,-17,NJ Maddinson,Wahab Riaz,6,21,51,6.75,78,34.61,Left-hand bat,163,110,2,4260.2,34.27,59.1,lf,1,AUS,seam,no,33.74485596707819,11.810699588477368
