innings,match_balls,inn_balls,bat_team,team_wkts,team_score,team_lead,batter,bowler,bat_position,bat_score,bat_balls,bat_avg,career_bat_balls,bat_sr,bat_arm,bowl_balls,bowl_runs,bowl_wkts,career_bowl_balls,bowl_avg,bowl_sr,bowl_type,outcome,host_country,bowl_class,bat_win_toss,seam_factor,spin_factor
2,1549,834,ENG,9,475,148,JM Anderson,NM Lyon,11,0,0,10.05,2759,40.81,Left-hand bat,243,109,3,17496.1,31.6,61.1,rob,0,AUS,spin,no,37.53472222222222,7.506944444444444
2,1550,835,ENG,9,475,148,JM Anderson,NM Lyon,11,0,1,10.05,2759,40.81,Left-hand bat,244,109,3,17496.1,31.6,61.1,rob,0,AUS,spin,no,37.53472222222222,7.506944444444444
2,1551,836,ENG,9,475,148,JM Anderson,NM Lyon,11,0,2,10.05,2759,40.81,Left-hand bat,245,109,3,17496.1,31.6,61.1,rob,0,AUS,spin,no,37.53472222222222,7.506944444444444
2,1558,843,ENG,9,483,156,JM Anderson,NM Lyon,11,0,3,10.05,2759,40.81,Left-hand bat,246,109,3,17496.1,31.6,61.1,rob,0,AUS,spin,no,37.53472222222222,7.506944444444444
2,1559,844,ENG,9,483,156,JM Anderson,NM Lyon,11,0,4,10.05,2759,40.81,Left-hand bat,247,109,3,17496.1,31.6,61.1,rob,0,AUS,spin,no,37.53472222222222,7.506944444444444
2,1560,845,ENG,9,483,156,JM Anderson,NM Lyon,11,0,5,10.05,2759,40.81,Left-hand bat,248,109,3,17496.1,31.6,61.1,rob,0,AUS,spin,no,37.53472222222222,7.506944444444444
2,1561,846,ENG,9,483,156,JM Anderson,NM Lyon,11,0,6,10.05,2759,40.81,Left-hand bat,249,109,3,17496.1,31.6,61.1,rob,0,AUS,spin,no,37.53472222222222,7.506944444444444
2,1562,847,ENG,9,483,156,JM Anderson,NM Lyon,11,0,7,10.05,2759,40.81,Left-hand bat,250,109,3,17496.1,31.6,61.1,rob,0,AUS,spin,no,37.53472222222222,7.506944444444444
2,1563,848,ENG,9,483,156,JM Anderson,NM Lyon,11,0,8,10.05,2759,40.81,Left-hand bat,251,109,3,17496.1,31.6,61.1,rob,0,AUS,spin,no,37.53472222222222,7.506944444444444
