innings,match_balls,inn_balls,bat_team,team_wkts,team_score,team_lead,batter,bowler,bat_position,bat_score,bat_balls,bat_avg,career_bat_balls,bat_sr,bat_arm,bowl_balls,bowl_runs,bowl_wkts,career_bowl_balls,bowl_avg,bowl_sr,bowl_type,outcome,host_country,bowl_class,bat_win_toss,seam_factor,spin_factor
4,1985,434,NZL,5,230,-273,BB McCullum,MR Marsh,5,73,66,38.81,9612,63.39,Right-hand bat,36,13,0,720.1,30.83,60,rm,1,AUS,seam,no,36.53061224489796,14.612244897959185
4,1997,446,NZL,5,232,-271,BB McCullum,MR Marsh,5,74,67,38.81,9612,63.39,Right-hand bat,42,15,0,720.1,30.83,60,rm,0,AUS,seam,no,36.53061224489796,14.612244897959185
4,1998,447,NZL,5,232,-271,BB McCullum,MR Marsh,5,74,68,38.81,9612,63.39,Right-hand bat,43,15,0,720.1,30.83,60,rm,0,AUS,seam,no,36.53061224489796,14.612244897959185
4,1999,448,NZL,5,232,-271,BB McCullum,MR Marsh,5,74,69,38.81,9612,63.39,Right-hand bat,44,15,0,720.1,30.83,60,rm,4,AUS,seam,no,36.53061224489796,14.612244897959185
4,2000,449,NZL,5,236,-267,BB McCullum,MR Marsh,5,78,70,38.81,9612,63.39,Right-hand bat,45,19,0,720.1,30.83,60,rm,1,AUS,seam,no,36.53061224489796,14.612244897959185
4,2021,470,NZL,6,242,-261,BB McCullum,MR Marsh,5,80,76,38.81,9612,63.39,Right-hand bat,54,23,0,720.1,30.83,60,rm,0,AUS,seam,no,36.53061224489796,14.612244897959185
4,2022,471,NZL,6,242,-261,BB McCullum,MR Marsh,5,80,77,38.81,9612,63.39,Right-hand bat,55,23,0,720.1,30.83,60,rm,1nb,AUS,seam,no,36.53061224489796,14.612244897959185
4,2023,472,NZL,6,243,-260,BB McCullum,MR Marsh,5,80,78,38.81,9612,63.39,Right-hand bat,56,24,0,720.1,30.83,60,rm,0,AUS,seam,no,36.53061224489796,14.612244897959185
4,2024,473,NZL,6,243,-260,BB McCullum,MR Marsh,5,80,79,38.81,9612,63.39,Right-hand bat,57,24,0,720.1,30.83,60,rm,W,AUS,seam,no,36.53061224489796,14.612244897959185
