innings,match_balls,inn_balls,bat_team,team_wkts,team_score,team_lead,batter,bowler,bat_position,bat_score,bat_balls,bat_avg,career_bat_balls,bat_sr,bat_arm,bowl_balls,bowl_runs,bowl_wkts,career_bowl_balls,bowl_avg,bowl_sr,bowl_type,outcome,host_country,bowl_class,bat_win_toss,seam_factor,spin_factor
4,1758,139,WIN,1,52,-407,DM Bravo,JL Pattinson,3,7,30,41.61,6363,46.44,Left-hand bat,18,8,0,2922.3,25.75,47.1,rfm,0,AUS,seam,yes,34.162721893491124,15.183431952662723
4,1759,140,WIN,1,52,-407,DM Bravo,JL Pattinson,3,7,31,41.61,6363,46.44,Left-hand bat,19,8,0,2922.3,25.75,47.1,rfm,0,AUS,seam,yes,34.162721893491124,15.183431952662723
4,1760,141,WIN,1,52,-407,DM Bravo,JL Pattinson,3,7,32,41.61,6363,46.44,Left-hand bat,20,8,0,2922.3,25.75,47.1,rfm,0,AUS,seam,yes,34.162721893491124,15.183431952662723
4,1761,142,WIN,1,52,-407,DM Bravo,JL Pattinson,3,7,33,41.61,6363,46.44,Left-hand bat,21,8,0,2922.3,25.75,47.1,rfm,0,AUS,seam,yes,34.162721893491124,15.183431952662723
4,1762,143,WIN,1,52,-407,DM Bravo,JL Pattinson,3,7,34,41.61,6363,46.44,Left-hand bat,22,8,0,2922.3,25.75,47.1,rfm,0,AUS,seam,yes,34.162721893491124,15.183431952662723
4,1763,144,WIN,1,52,-407,DM Bravo,JL Pattinson,3,7,35,41.61,6363,46.44,Left-hand bat,23,8,0,2922.3,25.75,47.1,rfm,0,AUS,seam,yes,34.162721893491124,15.183431952662723
4,1770,151,WIN,1,54,-405,DM Bravo,JL Pattinson,3,8,37,41.61,6363,46.44,Left-hand bat,24,8,0,2922.3,25.75,47.1,rfm,1,AUS,seam,yes,34.162721893491124,15.183431952662723
4,1787,168,WIN,1,60,-399,DM Bravo,JL Pattinson,3,11,41,41.61,6363,46.44,Left-hand bat,35,11,0,2922.3,25.75,47.1,rfm,1,AUS,seam,yes,34.162721893491124,15.183431952662723
