innings,match_balls,inn_balls,bat_team,team_wkts,team_score,team_lead,batter,bowler,bat_position,bat_score,bat_balls,bat_avg,career_bat_balls,bat_sr,bat_arm,bowl_balls,bowl_runs,bowl_wkts,career_bowl_balls,bowl_avg,bowl_sr,bowl_type,outcome,host_country,bowl_class,bat_win_toss,seam_factor,spin_factor
3,1295,241,SRL,3,131,-266,AD Mathews,CR Woakes,5,10,25,49.25,8267,50.04,Right-hand bat,54,29,1,1128.4,47.84,87,rfm,0,ENG,seam,no,32.05555555555556,6.411111111111111
3,1296,242,SRL,3,131,-266,AD Mathews,CR Woakes,5,10,26,49.25,8267,50.04,Right-hand bat,55,29,1,1128.4,47.84,87,rfm,1,ENG,seam,no,32.05555555555556,6.411111111111111
3,1299,245,SRL,3,134,-263,AD Mathews,CR Woakes,5,11,27,49.25,8267,50.04,Right-hand bat,58,32,1,1128.4,47.84,87,rfm,1,ENG,seam,no,32.05555555555556,6.411111111111111
3,1429,375,SRL,4,217,-180,AD Mathews,CR Woakes,5,76,96,49.25,8267,50.04,Right-hand bat,67,36,1,1128.4,47.84,87,rfm,0,ENG,seam,no,32.05555555555556,6.411111111111111
3,1430,376,SRL,4,217,-180,AD Mathews,CR Woakes,5,76,97,49.25,8267,50.04,Right-hand bat,68,36,1,1128.4,47.84,87,rfm,0,ENG,seam,no,32.05555555555556,6.411111111111111
3,1431,377,SRL,4,217,-180,AD Mathews,CR Woakes,5,76,98,49.25,8267,50.04,Right-hand bat,69,36,1,1128.4,47.84,87,rfm,4,ENG,seam,no,32.05555555555556,6.411111111111111
3,1432,378,SRL,4,221,-176,AD Mathews,CR Woakes,5,80,99,49.25,8267,50.04,Right-hand bat,70,40,1,1128.4,47.84,87,rfm,0,ENG,seam,no,32.05555555555556,6.411111111111111
3,1433,379,SRL,4,221,-176,AD Mathews,CR Woakes,5,80,100,49.25,8267,50.04,Right-hand bat,71,40,1,1128.4,47.84,87,rfm,0,ENG,seam,no,32.05555555555556,6.411111111111111
3,1434,380,SRL,4,221,-176,AD Mathews,CR Woakes,5,80,101,49.25,8267,50.04,Right-hand bat,72,40,1,1128.4,47.84,87,rfm,0,ENG,seam,no,32.05555555555556,6.411111111111111
