innings,match_balls,inn_balls,bat_team,team_wkts,team_score,team_lead,batter,bowler,bat_position,bat_score,bat_balls,bat_avg,career_bat_balls,bat_sr,bat_arm,bowl_balls,bowl_runs,bowl_wkts,career_bowl_balls,bowl_avg,bowl_sr,bowl_type,outcome,host_country,bowl_class,bat_win_toss,seam_factor,spin_factor
2,1096,324,SRL,3,169,-247,AD Mathews,CR Woakes,5,3,5,48.7,8281,49.99,Right-hand bat,72,24,1,1242.5,41.25,77.9,rfm,0,ENG,seam,no,31.071428571428573,5.178571428571429
2,1097,325,SRL,3,169,-247,AD Mathews,CR Woakes,5,3,6,48.7,8281,49.99,Right-hand bat,73,24,1,1242.5,41.25,77.9,rfm,0,ENG,seam,no,31.071428571428573,5.178571428571429
2,1098,326,SRL,3,169,-247,AD Mathews,CR Woakes,5,3,7,48.7,8281,49.99,Right-hand bat,74,24,1,1242.5,41.25,77.9,rfm,0,ENG,seam,no,31.071428571428573,5.178571428571429
2,1099,327,SRL,3,169,-247,AD Mathews,CR Woakes,5,3,8,48.7,8281,49.99,Right-hand bat,75,24,1,1242.5,41.25,77.9,rfm,0,ENG,seam,no,31.071428571428573,5.178571428571429
2,1100,328,SRL,3,169,-247,AD Mathews,CR Woakes,5,3,9,48.7,8281,49.99,Right-hand bat,76,24,1,1242.5,41.25,77.9,rfm,0,ENG,seam,no,31.071428571428573,5.178571428571429
2,1101,329,SRL,3,169,-247,AD Mathews,CR Woakes,5,3,10,48.7,8281,49.99,Right-hand bat,77,24,1,1242.5,41.25,77.9,rfm,0,ENG,seam,no,31.071428571428573,5.178571428571429
2,1108,336,SRL,3,169,-247,AD Mathews,CR Woakes,5,3,11,48.7,8281,49.99,Right-hand bat,78,24,1,1242.5,41.25,77.9,rfm,0,ENG,seam,no,31.071428571428573,5.178571428571429
2,1109,337,SRL,3,169,-247,AD Mathews,CR Woakes,5,3,12,48.7,8281,49.99,Right-hand bat,79,24,1,1242.5,41.25,77.9,rfm,0,ENG,seam,no,31.071428571428573,5.178571428571429
2,1110,338,SRL,3,169,-247,AD Mathews,CR Woakes,5,3,13,48.7,8281,49.99,Right-hand bat,80,24,1,1242.5,41.25,77.9,rfm,W,ENG,seam,no,31.071428571428573,5.178571428571429
