innings,match_balls,inn_balls,bat_team,team_wkts,team_score,team_lead,batter,bowler,bat_position,bat_score,bat_balls,bat_avg,career_bat_balls,bat_sr,bat_arm,bowl_balls,bowl_runs,bowl_wkts,career_bowl_balls,bowl_avg,bowl_sr,bowl_type,outcome,host_country,bowl_class,bat_win_toss,seam_factor,spin_factor
1,106,106,ENG,2,75,75,JM Vince,Mohammad Amir,4,9,19,23.44,400,52.75,Right-hand bat,27,22,0,3600.4,30.29,59,lf,0,ENG,seam,no,32.12422839506173,5.181327160493827
1,107,107,ENG,2,75,75,JM Vince,Mohammad Amir,4,9,20,23.44,400,52.75,Right-hand bat,28,22,0,3600.4,30.29,59,lf,0,ENG,seam,no,32.12422839506173,5.181327160493827
1,108,108,ENG,2,75,75,JM Vince,Mohammad Amir,4,9,21,23.44,400,52.75,Right-hand bat,29,22,0,3600.4,30.29,59,lf,0,ENG,seam,no,32.12422839506173,5.181327160493827
1,115,115,ENG,3,75,75,JM Vince,Mohammad Amir,4,9,22,23.44,400,52.75,Right-hand bat,30,22,0,3600.4,30.29,59,lf,0,ENG,seam,no,32.12422839506173,5.181327160493827
1,116,116,ENG,3,75,75,JM Vince,Mohammad Amir,4,9,23,23.44,400,52.75,Right-hand bat,31,22,0,3600.4,30.29,59,lf,0,ENG,seam,no,32.12422839506173,5.181327160493827
1,117,117,ENG,3,75,75,JM Vince,Mohammad Amir,4,9,24,23.44,400,52.75,Right-hand bat,32,22,0,3600.4,30.29,59,lf,4,ENG,seam,no,32.12422839506173,5.181327160493827
1,118,118,ENG,3,79,79,JM Vince,Mohammad Amir,4,13,25,23.44,400,52.75,Right-hand bat,33,26,0,3600.4,30.29,59,lf,0,ENG,seam,no,32.12422839506173,5.181327160493827
1,119,119,ENG,3,79,79,JM Vince,Mohammad Amir,4,13,26,23.44,400,52.75,Right-hand bat,34,26,0,3600.4,30.29,59,lf,0,ENG,seam,no,32.12422839506173,5.181327160493827
1,120,120,ENG,3,79,79,JM Vince,Mohammad Amir,4,13,27,23.44,400,52.75,Right-hand bat,35,26,0,3600.4,30.29,59,lf,0,ENG,seam,no,32.12422839506173,5.181327160493827
