innings,match_balls,inn_balls,bat_team,team_wkts,team_score,team_lead,batter,bowler,bat_position,bat_score,bat_balls,bat_avg,career_bat_balls,bat_sr,bat_arm,bowl_balls,bowl_runs,bowl_wkts,career_bowl_balls,bowl_avg,bowl_sr,bowl_type,outcome,host_country,bowl_class,bat_win_toss,seam_factor,spin_factor
2,759,274,NZL,5,129,-163,BJ Watling,N Pradeep,7,0,5,37.71,4510,43.48,Right-hand bat,73,22,0,3180.3,46.5,75.7,rfm,0,NZL,seam,yes,22.92489795918367,1.3893877551020408
2,760,275,NZL,5,129,-163,BJ Watling,N Pradeep,7,0,6,37.71,4510,43.48,Right-hand bat,74,22,0,3180.3,46.5,75.7,rfm,0,NZL,seam,yes,22.92489795918367,1.3893877551020408
2,773,288,NZL,5,132,-160,BJ Watling,N Pradeep,7,0,12,37.71,4510,43.48,Right-hand bat,81,23,0,3180.3,46.5,75.7,rfm,1nb,NZL,seam,yes,22.92489795918367,1.3893877551020408
2,774,289,NZL,5,133,-159,BJ Watling,N Pradeep,7,0,13,37.71,4510,43.48,Right-hand bat,82,24,0,3180.3,46.5,75.7,rfm,0,NZL,seam,yes,22.92489795918367,1.3893877551020408
2,852,367,NZL,5,161,-131,BJ Watling,N Pradeep,7,11,56,37.71,4510,43.48,Right-hand bat,87,25,0,3180.3,46.5,75.7,rfm,0,NZL,seam,yes,22.92489795918367,1.3893877551020408
2,853,368,NZL,5,161,-131,BJ Watling,N Pradeep,7,11,57,37.71,4510,43.48,Right-hand bat,88,25,0,3180.3,46.5,75.7,rfm,0,NZL,seam,yes,22.92489795918367,1.3893877551020408
2,879,394,NZL,6,171,-121,BJ Watling,N Pradeep,7,19,64,37.71,4510,43.48,Right-hand bat,96,26,1,3180.3,46.5,75.7,rfm,1,NZL,seam,yes,22.92489795918367,1.3893877551020408
2,883,398,NZL,6,173,-119,BJ Watling,N Pradeep,7,20,65,37.71,4510,43.48,Right-hand bat,100,28,1,3180.3,46.5,75.7,rfm,1,NZL,seam,yes,22.92489795918367,1.3893877551020408
