innings,match_balls,inn_balls,bat_team,team_wkts,team_score,team_lead,batter,bowler,bat_position,bat_score,bat_balls,bat_avg,career_bat_balls,bat_sr,bat_arm,bowl_balls,bowl_runs,bowl_wkts,career_bowl_balls,bowl_avg,bowl_sr,bowl_type,outcome,host_country,bowl_class,bat_win_toss,seam_factor,spin_factor
1,91,91,RSA,0,41,41,D Elgar,NM Lyon,1,9,36,42.58,7045,45.33,Left-hand bat,1,1,0,19194,32.21,62.7,rob,0,RSA,spin,yes,24.416666666666668,8.13888888888889
1,92,92,RSA,0,41,41,D Elgar,NM Lyon,1,9,37,42.58,7045,45.33,Left-hand bat,2,1,0,19194,32.21,62.7,rob,2,RSA,spin,yes,24.416666666666668,8.13888888888889
1,93,93,RSA,0,43,43,D Elgar,NM Lyon,1,11,38,42.58,7045,45.33,Left-hand bat,3,3,0,19194,32.21,62.7,rob,0,RSA,spin,yes,24.416666666666668,8.13888888888889
1,94,94,RSA,0,43,43,D Elgar,NM Lyon,1,11,39,42.58,7045,45.33,Left-hand bat,4,3,0,19194,32.21,62.7,rob,4,RSA,spin,yes,24.416666666666668,8.13888888888889
1,95,95,RSA,0,47,47,D Elgar,NM Lyon,1,15,40,42.58,7045,45.33,Left-hand bat,5,7,0,19194,32.21,62.7,rob,0,RSA,spin,yes,24.416666666666668,8.13888888888889
1,102,102,RSA,0,51,51,D Elgar,NM Lyon,1,18,43,42.58,7045,45.33,Left-hand bat,6,7,0,19194,32.21,62.7,rob,1,RSA,spin,yes,24.416666666666668,8.13888888888889
1,105,105,RSA,0,53,53,D Elgar,NM Lyon,1,19,44,42.58,7045,45.33,Left-hand bat,9,9,0,19194,32.21,62.7,rob,0,RSA,spin,yes,24.416666666666668,8.13888888888889
1,106,106,RSA,0,53,53,D Elgar,NM Lyon,1,19,45,42.58,7045,45.33,Left-hand bat,10,9,0,19194,32.21,62.7,rob,0,RSA,spin,yes,24.416666666666668,8.13888888888889
1,107,107,RSA,0,53,53,D Elgar,NM Lyon,1,19,46,42.58,7045,45.33,Left-hand bat,11,9,0,19194,32.21,62.7,rob,W,RSA,spin,yes,24.416666666666668,8.13888888888889
