innings,match_balls,inn_balls,bat_team,team_wkts,team_score,team_lead,batter,bowler,bat_position,bat_score,bat_balls,bat_avg,career_bat_balls,bat_sr,bat_arm,bowl_balls,bowl_runs,bowl_wkts,career_bowl_balls,bowl_avg,bowl_sr,bowl_type,outcome,host_country,bowl_class,bat_win_toss,seam_factor,spin_factor
4,2021,146,AUS,2,68,-543,PSP Handscomb,VD Philander,4,10,13,43.63,1600,51.81,Right-hand bat,30,9,0,9900.4,21.46,48.5,rfm,0,RSA,seam,no,24.416666666666668,8.13888888888889
4,2074,199,AUS,5,95,-516,PSP Handscomb,VD Philander,4,24,36,43.63,1600,51.81,Right-hand bat,39,11,2,9900.4,21.46,48.5,rfm,0,RSA,seam,no,24.416666666666668,8.13888888888889
4,2075,200,AUS,5,95,-516,PSP Handscomb,VD Philander,4,24,37,43.63,1600,51.81,Right-hand bat,40,11,2,9900.4,21.46,48.5,rfm,0,RSA,seam,no,24.416666666666668,8.13888888888889
4,2076,201,AUS,5,95,-516,PSP Handscomb,VD Philander,4,24,38,43.63,1600,51.81,Right-hand bat,41,11,2,9900.4,21.46,48.5,rfm,0,RSA,seam,no,24.416666666666668,8.13888888888889
4,2077,202,AUS,5,95,-516,PSP Handscomb,VD Philander,4,24,39,43.63,1600,51.81,Right-hand bat,42,11,2,9900.4,21.46,48.5,rfm,0,RSA,seam,no,24.416666666666668,8.13888888888889
4,2084,209,AUS,5,95,-516,PSP Handscomb,VD Philander,4,24,40,43.63,1600,51.81,Right-hand bat,43,11,2,9900.4,21.46,48.5,rfm,0,RSA,seam,no,24.416666666666668,8.13888888888889
4,2085,210,AUS,5,95,-516,PSP Handscomb,VD Philander,4,24,41,43.63,1600,51.81,Right-hand bat,44,11,2,9900.4,21.46,48.5,rfm,0,RSA,seam,no,24.416666666666668,8.13888888888889
4,2086,211,AUS,5,95,-516,PSP Handscomb,VD Philander,4,24,42,43.63,1600,51.81,Right-hand bat,45,11,2,9900.4,21.46,48.5,rfm,0,RSA,seam,no,24.416666666666668,8.13888888888889
4,2087,212,AUS,5,95,-516,PSP Handscomb,VD Philander,4,24,43,43.63,1600,51.81,Right-hand bat,46,11,2,9900.4,21.46,48.5,rfm,W,RSA,seam,no,24.416666666666668,8.13888888888889
