innings,match_balls,inn_balls,bat_team,team_wkts,team_score,team_lead,batter,bowler,bat_position,bat_score,bat_balls,bat_avg,career_bat_balls,bat_sr,bat_arm,bowl_balls,bowl_runs,bowl_wkts,career_bowl_balls,bowl_avg,bowl_sr,bowl_type,outcome,host_country,bowl_class,bat_win_toss,seam_factor,spin_factor
2,999,416,NZL,6,178,-129,TG Southee,SCJ Broad,8,0,0,17.57,1657,88.05,Right-hand bat,80,33,4,24012.4,29.04,58.5,rfm,0,ENG,seam,yes,29.628926223520818,2.6143170197224253
2,1000,417,NZL,6,178,-129,TG Southee,SCJ Broad,8,0,1,17.57,1657,88.05,Right-hand bat,81,33,4,24012.4,29.04,58.5,rfm,0,ENG,seam,yes,29.628926223520818,2.6143170197224253
2,1001,418,NZL,6,178,-129,TG Southee,SCJ Broad,8,0,2,17.57,1657,88.05,Right-hand bat,82,33,4,24012.4,29.04,58.5,rfm,2,ENG,seam,yes,29.628926223520818,2.6143170197224253
2,1002,419,NZL,6,180,-127,TG Southee,SCJ Broad,8,2,3,17.57,1657,88.05,Right-hand bat,83,35,4,24012.4,29.04,58.5,rfm,0,ENG,seam,yes,29.628926223520818,2.6143170197224253
2,1009,426,NZL,6,180,-127,TG Southee,SCJ Broad,8,2,4,17.57,1657,88.05,Right-hand bat,84,35,4,24012.4,29.04,58.5,rfm,1,ENG,seam,yes,29.628926223520818,2.6143170197224253
2,1025,442,NZL,6,190,-117,TG Southee,SCJ Broad,8,11,11,17.57,1657,88.05,Right-hand bat,94,37,4,24012.4,29.04,58.5,rfm,0,ENG,seam,yes,29.628926223520818,2.6143170197224253
2,1026,443,NZL,6,190,-117,TG Southee,SCJ Broad,8,11,12,17.57,1657,88.05,Right-hand bat,95,37,4,24012.4,29.04,58.5,rfm,1,ENG,seam,yes,29.628926223520818,2.6143170197224253
2,1093,510,NZL,8,236,-71,TG Southee,SCJ Broad,8,48,43,17.57,1657,88.05,Right-hand bat,108,39,5,24012.4,29.04,58.5,rfm,1,ENG,seam,yes,29.628926223520818,2.6143170197224253
2,1098,515,NZL,8,238,-69,TG Southee,SCJ Broad,8,49,44,17.57,1657,88.05,Right-hand bat,113,41,5,24012.4,29.04,58.5,rfm,1,ENG,seam,yes,29.628926223520818,2.6143170197224253
