innings,match_balls,inn_balls,bat_team,team_wkts,team_score,team_lead,batter,bowler,bat_position,bat_score,bat_balls,bat_avg,career_bat_balls,bat_sr,bat_arm,bowl_balls,bowl_runs,bowl_wkts,career_bowl_balls,bowl_avg,bowl_sr,bowl_type,outcome,host_country,bowl_class,bat_win_toss,seam_factor,spin_factor
4,2447,658,NZL,7,243,-138,N Wagner,SCJ Broad,9,2,54,13,1078,41,Left-hand bat,129,68,2,24012.4,29.04,58.5,rfm,0,ENG,seam,yes,29.628926223520818,2.6143170197224253
4,2448,659,NZL,7,243,-138,N Wagner,SCJ Broad,9,2,55,13,1078,41,Left-hand bat,130,68,2,24012.4,29.04,58.5,rfm,0,ENG,seam,yes,29.628926223520818,2.6143170197224253
4,2449,660,NZL,7,243,-138,N Wagner,SCJ Broad,9,2,56,13,1078,41,Left-hand bat,131,68,2,24012.4,29.04,58.5,rfm,0,ENG,seam,yes,29.628926223520818,2.6143170197224253
4,2456,667,NZL,7,243,-138,N Wagner,SCJ Broad,9,2,57,13,1078,41,Left-hand bat,132,68,2,24012.4,29.04,58.5,rfm,4,ENG,seam,yes,29.628926223520818,2.6143170197224253
4,2457,668,NZL,7,247,-134,N Wagner,SCJ Broad,9,6,58,13,1078,41,Left-hand bat,133,72,2,24012.4,29.04,58.5,rfm,0,ENG,seam,yes,29.628926223520818,2.6143170197224253
4,2458,669,NZL,7,247,-134,N Wagner,SCJ Broad,9,6,59,13,1078,41,Left-hand bat,134,72,2,24012.4,29.04,58.5,rfm,0,ENG,seam,yes,29.628926223520818,2.6143170197224253
4,2459,670,NZL,7,247,-134,N Wagner,SCJ Broad,9,6,60,13,1078,41,Left-hand bat,135,72,2,24012.4,29.04,58.5,rfm,0,ENG,seam,yes,29.628926223520818,2.6143170197224253
4,2460,671,NZL,7,247,-134,N Wagner,SCJ Broad,9,6,61,13,1078,41,Left-hand bat,136,72,2,24012.4,29.04,58.5,rfm,0,ENG,seam,yes,29.628926223520818,2.6143170197224253
4,2461,672,NZL,7,247,-134,N Wagner,SCJ Broad,9,6,62,13,1078,41,Left-hand bat,137,72,2,24012.4,29.04,58.5,rfm,0,ENG,seam,yes,29.628926223520818,2.6143170197224253
