innings,match_balls,inn_balls,bat_team,team_wkts,team_score,team_lead,batter,bowler,bat_position,bat_score,bat_balls,bat_avg,career_bat_balls,bat_sr,bat_arm,bowl_balls,bowl_runs,bowl_wkts,career_bowl_balls,bowl_avg,bowl_sr,bowl_type,outcome,host_country,bowl_class,bat_win_toss,seam_factor,spin_factor
4,2300,511,NZL,6,197,-184,C de Grandhomme,SCJ Broad,7,28,69,38.35,682,78.73,Right-hand bat,96,44,2,24012.4,29.04,58.5,rfm,0,ENG,seam,yes,29.628926223520818,2.6143170197224253
4,2301,512,NZL,6,197,-184,C de Grandhomme,SCJ Broad,7,28,70,38.35,682,78.73,Right-hand bat,97,44,2,24012.4,29.04,58.5,rfm,1,ENG,seam,yes,29.628926223520818,2.6143170197224253
4,2312,523,NZL,6,199,-182,C de Grandhomme,SCJ Broad,7,30,77,38.35,682,78.73,Right-hand bat,102,45,2,24012.4,29.04,58.5,rfm,0,ENG,seam,yes,29.628926223520818,2.6143170197224253
4,2313,524,NZL,6,199,-182,C de Grandhomme,SCJ Broad,7,30,78,38.35,682,78.73,Right-hand bat,103,45,2,24012.4,29.04,58.5,rfm,4,ENG,seam,yes,29.628926223520818,2.6143170197224253
4,2314,525,NZL,6,203,-178,C de Grandhomme,SCJ Broad,7,34,79,38.35,682,78.73,Right-hand bat,104,49,2,24012.4,29.04,58.5,rfm,1,ENG,seam,yes,29.628926223520818,2.6143170197224253
4,2339,550,NZL,6,211,-170,C de Grandhomme,SCJ Broad,7,37,92,38.35,682,78.73,Right-hand bat,117,55,2,24012.4,29.04,58.5,rfm,0,ENG,seam,yes,29.628926223520818,2.6143170197224253
4,2340,551,NZL,6,211,-170,C de Grandhomme,SCJ Broad,7,37,93,38.35,682,78.73,Right-hand bat,118,55,2,24012.4,29.04,58.5,rfm,4,ENG,seam,yes,29.628926223520818,2.6143170197224253
4,2341,552,NZL,6,215,-166,C de Grandhomme,SCJ Broad,7,41,94,38.35,682,78.73,Right-hand bat,119,59,2,24012.4,29.04,58.5,rfm,4,ENG,seam,yes,29.628926223520818,2.6143170197224253
