innings,match_balls,inn_balls,bat_team,team_wkts,team_score,team_lead,batter,bowler,bat_position,bat_score,bat_balls,bat_avg,career_bat_balls,bat_sr,bat_arm,bowl_balls,bowl_runs,bowl_wkts,career_bowl_balls,bowl_avg,bowl_sr,bowl_type,outcome,host_country,bowl_class,bat_win_toss,seam_factor,spin_factor
4,2109,320,NZL,4,125,-256,BJ Watling,SCJ Broad,6,15,47,38.33,6498,43.65,Right-hand bat,79,33,2,24012.4,29.04,58.5,rfm,0,ENG,seam,yes,29.628926223520818,2.6143170197224253
4,2110,321,NZL,4,125,-256,BJ Watling,SCJ Broad,6,15,48,38.33,6498,43.65,Right-hand bat,80,33,2,24012.4,29.04,58.5,rfm,0,ENG,seam,yes,29.628926223520818,2.6143170197224253
4,2111,322,NZL,4,125,-256,BJ Watling,SCJ Broad,6,15,49,38.33,6498,43.65,Right-hand bat,81,33,2,24012.4,29.04,58.5,rfm,0,ENG,seam,yes,29.628926223520818,2.6143170197224253
4,2112,323,NZL,4,125,-256,BJ Watling,SCJ Broad,6,15,50,38.33,6498,43.65,Right-hand bat,82,33,2,24012.4,29.04,58.5,rfm,0,ENG,seam,yes,29.628926223520818,2.6143170197224253
4,2113,324,NZL,4,125,-256,BJ Watling,SCJ Broad,6,15,51,38.33,6498,43.65,Right-hand bat,83,33,2,24012.4,29.04,58.5,rfm,0,ENG,seam,yes,29.628926223520818,2.6143170197224253
4,2121,332,NZL,4,131,-250,BJ Watling,SCJ Broad,6,15,57,38.33,6498,43.65,Right-hand bat,85,36,2,24012.4,29.04,58.5,rfm,0,ENG,seam,yes,29.628926223520818,2.6143170197224253
4,2122,333,NZL,4,131,-250,BJ Watling,SCJ Broad,6,15,58,38.33,6498,43.65,Right-hand bat,86,36,2,24012.4,29.04,58.5,rfm,0,ENG,seam,yes,29.628926223520818,2.6143170197224253
4,2123,334,NZL,4,131,-250,BJ Watling,SCJ Broad,6,15,59,38.33,6498,43.65,Right-hand bat,87,36,2,24012.4,29.04,58.5,rfm,4,ENG,seam,yes,29.628926223520818,2.6143170197224253
4,2124,335,NZL,4,135,-246,BJ Watling,SCJ Broad,6,19,60,38.33,6498,43.65,Right-hand bat,88,40,2,24012.4,29.04,58.5,rfm,0,ENG,seam,yes,29.628926223520818,2.6143170197224253
4,2125,336,NZL,4,135,-246,BJ Watling,SCJ Broad,6,19,61,38.33,6498,43.65,Right-hand bat,89,40,2,24012.4,29.04,58.5,rfm,0,ENG,seam,yes,29.628926223520818,2.6143170197224253
