innings,match_balls,inn_balls,bat_team,team_wkts,team_score,team_lead,batter,bowler,bat_position,bat_score,bat_balls,bat_avg,career_bat_balls,bat_sr,bat_arm,bowl_balls,bowl_runs,bowl_wkts,career_bowl_balls,bowl_avg,bowl_sr,bowl_type,outcome,host_country,bowl_class,bat_win_toss,seam_factor,spin_factor
3,1773,591,WIN,7,288,-98,KAJ Roach,N Wagner,9,0,0,9.75,1669,33.31,Right-hand bat,110,91,1,7260.5,28.05,52.2,lmf,0,WIN,seam,no,30.080856123662304,3.4708680142687274
3,1774,592,WIN,7,288,-98,KAJ Roach,N Wagner,9,0,1,9.75,1669,33.31,Right-hand bat,111,91,1,7260.5,28.05,52.2,lmf,3,WIN,seam,no,30.080856123662304,3.4708680142687274
3,1784,602,WIN,7,296,-90,KAJ Roach,N Wagner,9,3,3,9.75,1669,33.31,Right-hand bat,115,94,1,7260.5,28.05,52.2,lmf,4,WIN,seam,no,30.080856123662304,3.4708680142687274
3,1785,603,WIN,7,300,-86,KAJ Roach,N Wagner,9,7,4,9.75,1669,33.31,Right-hand bat,116,98,1,7260.5,28.05,52.2,lmf,0,WIN,seam,no,30.080856123662304,3.4708680142687274
3,1786,604,WIN,7,300,-86,KAJ Roach,N Wagner,9,7,5,9.75,1669,33.31,Right-hand bat,117,98,1,7260.5,28.05,52.2,lmf,0,WIN,seam,no,30.080856123662304,3.4708680142687274
3,1787,605,WIN,7,300,-86,KAJ Roach,N Wagner,9,7,6,9.75,1669,33.31,Right-hand bat,118,98,1,7260.5,28.05,52.2,lmf,0,WIN,seam,no,30.080856123662304,3.4708680142687274
3,1788,606,WIN,7,300,-86,KAJ Roach,N Wagner,9,7,7,9.75,1669,33.31,Right-hand bat,119,98,1,7260.5,28.05,52.2,lmf,0,WIN,seam,no,30.080856123662304,3.4708680142687274
3,1789,607,WIN,7,300,-86,KAJ Roach,N Wagner,9,7,8,9.75,1669,33.31,Right-hand bat,120,98,1,7260.5,28.05,52.2,lmf,0,WIN,seam,no,30.080856123662304,3.4708680142687274
