innings,match_balls,inn_balls,bat_team,team_wkts,team_score,team_lead,batter,bowler,bat_position,bat_score,bat_balls,bat_avg,career_bat_balls,bat_sr,bat_arm,bowl_balls,bowl_runs,bowl_wkts,career_bowl_balls,bowl_avg,bowl_sr,bowl_type,outcome,host_country,bowl_class,bat_win_toss,seam_factor,spin_factor
1,529,529,NZL,7,282,282,TA Blundell,ML Cummins,8,8,17,68,239,56.9,Right-hand bat,102,32,2,1236.2,39.61,68.7,rfm,0,NZL,seam,no,25.617728531855956,3.0138504155124655
1,530,530,NZL,7,282,282,TA Blundell,ML Cummins,8,8,18,68,239,56.9,Right-hand bat,103,32,2,1236.2,39.61,68.7,rfm,4,NZL,seam,no,25.617728531855956,3.0138504155124655
1,531,531,NZL,7,286,286,TA Blundell,ML Cummins,8,12,19,68,239,56.9,Right-hand bat,104,36,2,1236.2,39.61,68.7,rfm,0,NZL,seam,no,25.617728531855956,3.0138504155124655
1,532,532,NZL,7,286,286,TA Blundell,ML Cummins,8,12,20,68,239,56.9,Right-hand bat,105,36,2,1236.2,39.61,68.7,rfm,0,NZL,seam,no,25.617728531855956,3.0138504155124655
1,533,533,NZL,7,286,286,TA Blundell,ML Cummins,8,12,21,68,239,56.9,Right-hand bat,106,36,2,1236.2,39.61,68.7,rfm,0,NZL,seam,no,25.617728531855956,3.0138504155124655
1,534,534,NZL,7,286,286,TA Blundell,ML Cummins,8,12,22,68,239,56.9,Right-hand bat,107,36,2,1236.2,39.61,68.7,rfm,0,NZL,seam,no,25.617728531855956,3.0138504155124655
1,575,575,NZL,8,311,311,TA Blundell,ML Cummins,8,27,45,68,239,56.9,Right-hand bat,110,37,2,1236.2,39.61,68.7,rfm,0,NZL,seam,no,25.617728531855956,3.0138504155124655
1,576,576,NZL,8,311,311,TA Blundell,ML Cummins,8,27,46,68,239,56.9,Right-hand bat,111,37,2,1236.2,39.61,68.7,rfm,1,NZL,seam,no,25.617728531855956,3.0138504155124655
