innings,match_balls,inn_balls,bat_team,team_wkts,team_score,team_lead,batter,bowler,bat_position,bat_score,bat_balls,bat_avg,career_bat_balls,bat_sr,bat_arm,bowl_balls,bowl_runs,bowl_wkts,career_bowl_balls,bowl_avg,bowl_sr,bowl_type,outcome,host_country,bowl_class,bat_win_toss,seam_factor,spin_factor
1,474,474,NZL,5,255,255,C de Grandhomme,KC Brathwaite,7,42,44,35.54,395,98.98,Right-hand bat,6,1,0,1506.4,59.35,107.8,rob,0,NZL,spin,no,25.617728531855956,3.0138504155124655
1,475,475,NZL,5,255,255,C de Grandhomme,KC Brathwaite,7,42,45,35.54,395,98.98,Right-hand bat,7,1,0,1506.4,59.35,107.8,rob,2,NZL,spin,no,25.617728531855956,3.0138504155124655
1,476,476,NZL,5,257,257,C de Grandhomme,KC Brathwaite,7,44,46,35.54,395,98.98,Right-hand bat,8,3,0,1506.4,59.35,107.8,rob,0,NZL,spin,no,25.617728531855956,3.0138504155124655
1,477,477,NZL,5,257,257,C de Grandhomme,KC Brathwaite,7,44,47,35.54,395,98.98,Right-hand bat,9,3,0,1506.4,59.35,107.8,rob,0,NZL,spin,no,25.617728531855956,3.0138504155124655
1,478,478,NZL,5,257,257,C de Grandhomme,KC Brathwaite,7,44,48,35.54,395,98.98,Right-hand bat,10,3,0,1506.4,59.35,107.8,rob,0,NZL,spin,no,25.617728531855956,3.0138504155124655
1,479,479,NZL,5,257,257,C de Grandhomme,KC Brathwaite,7,44,49,35.54,395,98.98,Right-hand bat,11,3,0,1506.4,59.35,107.8,rob,6,NZL,spin,no,25.617728531855956,3.0138504155124655
1,486,486,NZL,5,263,263,C de Grandhomme,KC Brathwaite,7,50,50,35.54,395,98.98,Right-hand bat,12,9,0,1506.4,59.35,107.8,rob,0,NZL,spin,no,25.617728531855956,3.0138504155124655
1,487,487,NZL,5,263,263,C de Grandhomme,KC Brathwaite,7,50,51,35.54,395,98.98,Right-hand bat,13,9,0,1506.4,59.35,107.8,rob,0,NZL,spin,no,25.617728531855956,3.0138504155124655
1,488,488,NZL,5,263,263,C de Grandhomme,KC Brathwaite,7,50,52,35.54,395,98.98,Right-hand bat,14,9,0,1506.4,59.35,107.8,rob,1,NZL,spin,no,25.617728531855956,3.0138504155124655
