innings,match_balls,inn_balls,bat_team,team_wkts,team_score,team_lead,batter,bowler,bat_position,bat_score,bat_balls,bat_avg,career_bat_balls,bat_sr,bat_arm,bowl_balls,bowl_runs,bowl_wkts,career_bowl_balls,bowl_avg,bowl_sr,bowl_type,outcome,host_country,bowl_class,bat_win_toss,seam_factor,spin_factor
2,710,81,WIN,2,46,-327,SD Hope,TA Boult,4,0,0,33.2,2356,42.27,Right-hand bat,39,24,1,11496,28.56,57.4,lfm,0,NZL,seam,yes,25.617728531855956,3.0138504155124655
2,711,82,WIN,2,46,-327,SD Hope,TA Boult,4,0,1,33.2,2356,42.27,Right-hand bat,40,24,1,11496,28.56,57.4,lfm,0,NZL,seam,yes,25.617728531855956,3.0138504155124655
2,712,83,WIN,2,46,-327,SD Hope,TA Boult,4,0,2,33.2,2356,42.27,Right-hand bat,41,24,1,11496,28.56,57.4,lfm,0,NZL,seam,yes,25.617728531855956,3.0138504155124655
2,719,90,WIN,2,58,-315,SD Hope,TA Boult,4,0,3,33.2,2356,42.27,Right-hand bat,42,24,1,11496,28.56,57.4,lfm,0,NZL,seam,yes,25.617728531855956,3.0138504155124655
2,720,91,WIN,2,58,-315,SD Hope,TA Boult,4,0,4,33.2,2356,42.27,Right-hand bat,43,24,1,11496,28.56,57.4,lfm,0,NZL,seam,yes,25.617728531855956,3.0138504155124655
2,721,92,WIN,2,58,-315,SD Hope,TA Boult,4,0,5,33.2,2356,42.27,Right-hand bat,44,24,1,11496,28.56,57.4,lfm,0,NZL,seam,yes,25.617728531855956,3.0138504155124655
2,722,93,WIN,2,58,-315,SD Hope,TA Boult,4,0,6,33.2,2356,42.27,Right-hand bat,45,24,1,11496,28.56,57.4,lfm,4,NZL,seam,yes,25.617728531855956,3.0138504155124655
2,723,94,WIN,2,62,-311,SD Hope,TA Boult,4,4,7,33.2,2356,42.27,Right-hand bat,46,28,1,11496,28.56,57.4,lfm,0,NZL,seam,yes,25.617728531855956,3.0138504155124655
2,724,95,WIN,2,62,-311,SD Hope,TA Boult,4,4,8,33.2,2356,42.27,Right-hand bat,47,28,1,11496,28.56,57.4,lfm,0,NZL,seam,yes,25.617728531855956,3.0138504155124655
