innings,match_balls,inn_balls,bat_team,team_wkts,team_score,team_lead,batter,bowler,bat_position,bat_score,bat_balls,bat_avg,career_bat_balls,bat_sr,bat_arm,bowl_balls,bowl_runs,bowl_wkts,career_bowl_balls,bowl_avg,bowl_sr,bowl_type,outcome,host_country,bowl_class,bat_win_toss,seam_factor,spin_factor
4,1725,212,WIN,6,116,-327,RA Reifer,MJ Santner,8,13,43,52,198,26.26,Left-hand bat,2,1,0,2700.2,37.05,79.4,lo,1,NZL,spin,yes,25.617728531855956,3.0138504155124655
4,1737,224,WIN,6,118,-325,RA Reifer,MJ Santner,8,14,50,52,198,26.26,Left-hand bat,8,3,0,2700.2,37.05,79.4,lo,0,NZL,spin,yes,25.617728531855956,3.0138504155124655
4,1738,225,WIN,6,118,-325,RA Reifer,MJ Santner,8,14,51,52,198,26.26,Left-hand bat,9,3,0,2700.2,37.05,79.4,lo,1lb,NZL,spin,yes,25.617728531855956,3.0138504155124655
4,1750,237,WIN,6,124,-319,RA Reifer,MJ Santner,8,14,58,52,198,26.26,Left-hand bat,15,8,0,2700.2,37.05,79.4,lo,1,NZL,spin,yes,25.617728531855956,3.0138504155124655
4,1760,247,WIN,6,126,-317,RA Reifer,MJ Santner,8,15,65,52,198,26.26,Left-hand bat,19,10,0,2700.2,37.05,79.4,lo,0,NZL,spin,yes,25.617728531855956,3.0138504155124655
4,1761,248,WIN,6,126,-317,RA Reifer,MJ Santner,8,15,66,52,198,26.26,Left-hand bat,20,10,0,2700.2,37.05,79.4,lo,0,NZL,spin,yes,25.617728531855956,3.0138504155124655
4,1762,249,WIN,6,126,-317,RA Reifer,MJ Santner,8,15,67,52,198,26.26,Left-hand bat,21,10,0,2700.2,37.05,79.4,lo,0,NZL,spin,yes,25.617728531855956,3.0138504155124655
4,1763,250,WIN,6,126,-317,RA Reifer,MJ Santner,8,15,68,52,198,26.26,Left-hand bat,22,10,0,2700.2,37.05,79.4,lo,0,NZL,spin,yes,25.617728531855956,3.0138504155124655
4,1764,251,WIN,6,126,-317,RA Reifer,MJ Santner,8,15,69,52,198,26.26,Left-hand bat,23,10,0,2700.2,37.05,79.4,lo,0,NZL,spin,yes,25.617728531855956,3.0138504155124655
