innings,match_balls,inn_balls,bat_team,team_wkts,team_score,team_lead,batter,bowler,bat_position,bat_score,bat_balls,bat_avg,career_bat_balls,bat_sr,bat_arm,bowl_balls,bowl_runs,bowl_wkts,career_bowl_balls,bowl_avg,bowl_sr,bowl_type,outcome,host_country,bowl_class,bat_win_toss,seam_factor,spin_factor
2,1258,328,SRL,9,175,-239,CBRLS Kumara,ML Cummins,11,0,0,4.88,106,41.5,Left-hand bat,70,29,2,1386,36.9,66,rfm,0,WIN,seam,no,17.965714285714284,11.977142857142857
2,1259,329,SRL,9,175,-239,CBRLS Kumara,ML Cummins,11,0,1,4.88,106,41.5,Left-hand bat,71,29,2,1386,36.9,66,rfm,0,WIN,seam,no,17.965714285714284,11.977142857142857
2,1260,330,SRL,9,175,-239,CBRLS Kumara,ML Cummins,11,0,2,4.88,106,41.5,Left-hand bat,72,29,2,1386,36.9,66,rfm,0,WIN,seam,no,17.965714285714284,11.977142857142857
2,1267,337,SRL,9,175,-239,CBRLS Kumara,ML Cummins,11,0,3,4.88,106,41.5,Left-hand bat,73,29,2,1386,36.9,66,rfm,4,WIN,seam,no,17.965714285714284,11.977142857142857
2,1268,338,SRL,9,179,-235,CBRLS Kumara,ML Cummins,11,4,4,4.88,106,41.5,Left-hand bat,74,33,2,1386,36.9,66,rfm,1nb,WIN,seam,no,17.965714285714284,11.977142857142857
2,1269,339,SRL,9,180,-234,CBRLS Kumara,ML Cummins,11,4,5,4.88,106,41.5,Left-hand bat,75,34,2,1386,36.9,66,rfm,0,WIN,seam,no,17.965714285714284,11.977142857142857
2,1270,340,SRL,9,180,-234,CBRLS Kumara,ML Cummins,11,4,6,4.88,106,41.5,Left-hand bat,76,34,2,1386,36.9,66,rfm,0,WIN,seam,no,17.965714285714284,11.977142857142857
2,1271,341,SRL,9,180,-234,CBRLS Kumara,ML Cummins,11,4,7,4.88,106,41.5,Left-hand bat,77,34,2,1386,36.9,66,rfm,1nb,WIN,seam,no,17.965714285714284,11.977142857142857
2,1272,342,SRL,9,185,-229,CBRLS Kumara,ML Cummins,11,8,8,4.88,106,41.5,Left-hand bat,78,35,2,1386,36.9,66,rfm,W,WIN,seam,no,17.965714285714284,11.977142857142857
