innings,match_balls,inn_balls,bat_team,team_wkts,team_score,team_lead,batter,bowler,bat_position,bat_score,bat_balls,bat_avg,career_bat_balls,bat_sr,bat_arm,bowl_balls,bowl_runs,bowl_wkts,career_bowl_balls,bowl_avg,bowl_sr,bowl_type,outcome,host_country,bowl_class,bat_win_toss,seam_factor,spin_factor
1,260,260,SRL,5,148,148,N Dickwella,ST Gabriel,7,0,0,32.88,1586,70.49,Left-hand bat,61,42,3,5508.5,30.66,55.1,rf,0,SRL,seam,yes,28.070204081632653,1.7012244897959183
1,261,261,SRL,5,148,148,N Dickwella,ST Gabriel,7,0,1,32.88,1586,70.49,Left-hand bat,62,42,3,5508.5,30.66,55.1,rf,0,SRL,seam,yes,28.070204081632653,1.7012244897959183
1,262,262,SRL,5,148,148,N Dickwella,ST Gabriel,7,0,2,32.88,1586,70.49,Left-hand bat,63,42,3,5508.5,30.66,55.1,rf,2,SRL,seam,yes,28.070204081632653,1.7012244897959183
1,263,263,SRL,5,150,150,N Dickwella,ST Gabriel,7,2,3,32.88,1586,70.49,Left-hand bat,64,44,3,5508.5,30.66,55.1,rf,0,SRL,seam,yes,28.070204081632653,1.7012244897959183
1,264,264,SRL,5,150,150,N Dickwella,ST Gabriel,7,2,4,32.88,1586,70.49,Left-hand bat,65,44,3,5508.5,30.66,55.1,rf,0,SRL,seam,yes,28.070204081632653,1.7012244897959183
1,356,356,SRL,5,179,179,N Dickwella,ST Gabriel,7,16,51,32.88,1586,70.49,Left-hand bat,66,44,3,5508.5,30.66,55.1,rf,0,SRL,seam,yes,28.070204081632653,1.7012244897959183
1,357,357,SRL,5,179,179,N Dickwella,ST Gabriel,7,16,52,32.88,1586,70.49,Left-hand bat,67,44,3,5508.5,30.66,55.1,rf,0,SRL,seam,yes,28.070204081632653,1.7012244897959183
1,358,358,SRL,5,179,179,N Dickwella,ST Gabriel,7,16,53,32.88,1586,70.49,Left-hand bat,68,44,3,5508.5,30.66,55.1,rf,0,SRL,seam,yes,28.070204081632653,1.7012244897959183
1,359,359,SRL,5,179,179,N Dickwella,ST Gabriel,7,16,54,32.88,1586,70.49,Left-hand bat,69,44,3,5508.5,30.66,55.1,rf,W,SRL,seam,yes,28.070204081632653,1.7012244897959183
