innings,match_balls,inn_balls,bat_team,team_wkts,team_score,team_lead,batter,bowler,bat_position,bat_score,bat_balls,bat_avg,career_bat_balls,bat_sr,bat_arm,bowl_balls,bowl_runs,bowl_wkts,career_bowl_balls,bowl_avg,bowl_sr,bowl_type,outcome,host_country,bowl_class,bat_win_toss,seam_factor,spin_factor
2,908,430,WIN,4,204,-49,RL Chase,DM de Silva,5,27,44,36.53,2511,46.55,Right-hand bat,0,0,0,762,67.85,108.8,rob,0,SRL,spin,no,28.070204081632653,1.7012244897959183
2,909,431,WIN,4,204,-49,RL Chase,DM de Silva,5,27,45,36.53,2511,46.55,Right-hand bat,1,0,0,762,67.85,108.8,rob,1,SRL,spin,no,28.070204081632653,1.7012244897959183
2,911,433,WIN,4,206,-47,RL Chase,DM de Silva,5,28,46,36.53,2511,46.55,Right-hand bat,3,2,0,762,67.85,108.8,rob,0,SRL,spin,no,28.070204081632653,1.7012244897959183
2,912,434,WIN,4,206,-47,RL Chase,DM de Silva,5,28,47,36.53,2511,46.55,Right-hand bat,4,2,0,762,67.85,108.8,rob,0,SRL,spin,no,28.070204081632653,1.7012244897959183
2,913,435,WIN,4,206,-47,RL Chase,DM de Silva,5,28,48,36.53,2511,46.55,Right-hand bat,5,2,0,762,67.85,108.8,rob,0,SRL,spin,no,28.070204081632653,1.7012244897959183
2,921,443,WIN,4,208,-45,RL Chase,DM de Silva,5,28,49,36.53,2511,46.55,Right-hand bat,7,3,0,762,67.85,108.8,rob,1,SRL,spin,no,28.070204081632653,1.7012244897959183
2,934,456,WIN,4,212,-41,RL Chase,DM de Silva,5,29,52,36.53,2511,46.55,Right-hand bat,14,6,0,762,67.85,108.8,rob,0,SRL,spin,no,28.070204081632653,1.7012244897959183
2,935,457,WIN,4,212,-41,RL Chase,DM de Silva,5,29,53,36.53,2511,46.55,Right-hand bat,15,6,0,762,67.85,108.8,rob,1,SRL,spin,no,28.070204081632653,1.7012244897959183
