innings,match_balls,inn_balls,bat_team,team_wkts,team_score,team_lead,batter,bowler,bat_position,bat_score,bat_balls,bat_avg,career_bat_balls,bat_sr,bat_arm,bowl_balls,bowl_runs,bowl_wkts,career_bowl_balls,bowl_avg,bowl_sr,bowl_type,outcome,host_country,bowl_class,bat_win_toss,seam_factor,spin_factor
1,316,316,RSA,7,175,175,KA Maharaj,MA Starc,9,0,0,57,53,107.54,Right-hand bat,88,42,3,5808.1,27.76,48.4,lf,0,AUS,seam,yes,28.81578947368421,7.684210526315789
1,317,317,RSA,7,175,175,KA Maharaj,MA Starc,9,0,1,57,53,107.54,Right-hand bat,89,42,3,5808.1,27.76,48.4,lf,0,AUS,seam,yes,28.81578947368421,7.684210526315789
1,318,318,RSA,7,175,175,KA Maharaj,MA Starc,9,0,2,57,53,107.54,Right-hand bat,90,42,3,5808.1,27.76,48.4,lf,0,AUS,seam,yes,28.81578947368421,7.684210526315789
1,327,327,RSA,7,187,187,KA Maharaj,MA Starc,9,4,7,57,53,107.54,Right-hand bat,93,49,3,5808.1,27.76,48.4,lf,0,AUS,seam,yes,28.81578947368421,7.684210526315789
1,328,328,RSA,7,187,187,KA Maharaj,MA Starc,9,4,8,57,53,107.54,Right-hand bat,94,49,3,5808.1,27.76,48.4,lf,3,AUS,seam,yes,28.81578947368421,7.684210526315789
1,340,340,RSA,7,204,204,KA Maharaj,MA Starc,9,9,10,57,53,107.54,Right-hand bat,100,59,3,5808.1,27.76,48.4,lf,0,AUS,seam,yes,28.81578947368421,7.684210526315789
1,341,341,RSA,7,204,204,KA Maharaj,MA Starc,9,9,11,57,53,107.54,Right-hand bat,101,59,3,5808.1,27.76,48.4,lf,6,AUS,seam,yes,28.81578947368421,7.684210526315789
1,342,342,RSA,7,210,210,KA Maharaj,MA Starc,9,15,12,57,53,107.54,Right-hand bat,102,65,3,5808.1,27.76,48.4,lf,0,AUS,seam,yes,28.81578947368421,7.684210526315789
1,343,343,RSA,7,210,210,KA Maharaj,MA Starc,9,15,13,57,53,107.54,Right-hand bat,103,65,3,5808.1,27.76,48.4,lf,0,AUS,seam,yes,28.81578947368421,7.684210526315789
