innings,match_balls,inn_balls,bat_team,team_wkts,team_score,team_lead,batter,bowler,bat_position,bat_score,bat_balls,bat_avg,career_bat_balls,bat_sr,bat_arm,bowl_balls,bowl_runs,bowl_wkts,career_bowl_balls,bowl_avg,bowl_sr,bowl_type,outcome,host_country,bowl_class,bat_win_toss,seam_factor,spin_factor
4,2237,459,AUS,6,246,-292,MA Starc,JP Duminy,8,0,0,23.69,1171,66.78,Left-hand bat,49,18,1,2430,37.65,63.9,rob,0,AUS,spin,no,28.81578947368421,7.684210526315789
4,2238,460,AUS,6,246,-292,MA Starc,JP Duminy,8,0,1,23.69,1171,66.78,Left-hand bat,50,18,1,2430,37.65,63.9,rob,0,AUS,spin,no,28.81578947368421,7.684210526315789
4,2239,461,AUS,6,246,-292,MA Starc,JP Duminy,8,0,2,23.69,1171,66.78,Left-hand bat,51,18,1,2430,37.65,63.9,rob,1,AUS,spin,no,28.81578947368421,7.684210526315789
4,2248,470,AUS,6,248,-290,MA Starc,JP Duminy,8,2,5,23.69,1171,66.78,Left-hand bat,54,19,1,2430,37.65,63.9,rob,0,AUS,spin,no,28.81578947368421,7.684210526315789
4,2249,471,AUS,6,248,-290,MA Starc,JP Duminy,8,2,6,23.69,1171,66.78,Left-hand bat,55,19,1,2430,37.65,63.9,rob,0,AUS,spin,no,28.81578947368421,7.684210526315789
4,2250,472,AUS,6,248,-290,MA Starc,JP Duminy,8,2,7,23.69,1171,66.78,Left-hand bat,56,19,1,2430,37.65,63.9,rob,0,AUS,spin,no,28.81578947368421,7.684210526315789
4,2251,473,AUS,6,248,-290,MA Starc,JP Duminy,8,2,8,23.69,1171,66.78,Left-hand bat,57,19,1,2430,37.65,63.9,rob,0,AUS,spin,no,28.81578947368421,7.684210526315789
4,2252,474,AUS,6,248,-290,MA Starc,JP Duminy,8,2,9,23.69,1171,66.78,Left-hand bat,58,19,1,2430,37.65,63.9,rob,4,AUS,spin,no,28.81578947368421,7.684210526315789
4,2253,475,AUS,6,252,-286,MA Starc,JP Duminy,8,6,10,23.69,1171,66.78,Left-hand bat,59,23,1,2430,37.65,63.9,rob,0,AUS,spin,no,28.81578947368421,7.684210526315789
