innings,match_balls,inn_balls,bat_team,team_wkts,team_score,team_lead,batter,bowler,bat_position,bat_score,bat_balls,bat_avg,career_bat_balls,bat_sr,bat_arm,bowl_balls,bowl_runs,bowl_wkts,career_bowl_balls,bowl_avg,bowl_sr,bowl_type,outcome,host_country,bowl_class,bat_win_toss,seam_factor,spin_factor
3,1335,118,AUS,3,61,380,UT Khawaja,C Karunaratne,3,19,45,42.53,5523,50.06,Left-hand bat,0,0,0,156,148,156,rmf,1,AUS,seam,yes,32.09438775510204,6.97704081632653
3,1359,142,AUS,3,67,386,UT Khawaja,C Karunaratne,3,25,57,42.53,5523,50.06,Left-hand bat,12,1,0,156,148,156,rmf,1,AUS,seam,yes,32.09438775510204,6.97704081632653
3,1364,147,AUS,3,74,393,UT Khawaja,C Karunaratne,3,26,58,42.53,5523,50.06,Left-hand bat,17,8,0,156,148,156,rmf,4,AUS,seam,yes,32.09438775510204,6.97704081632653
3,1365,148,AUS,3,78,397,UT Khawaja,C Karunaratne,3,30,59,42.53,5523,50.06,Left-hand bat,18,12,0,156,148,156,rmf,0,AUS,seam,yes,32.09438775510204,6.97704081632653
3,1374,157,AUS,3,83,402,UT Khawaja,C Karunaratne,3,32,65,42.53,5523,50.06,Left-hand bat,21,13,0,156,148,156,rmf,0,AUS,seam,yes,32.09438775510204,6.97704081632653
3,1375,158,AUS,3,83,402,UT Khawaja,C Karunaratne,3,32,66,42.53,5523,50.06,Left-hand bat,22,13,0,156,148,156,rmf,0,AUS,seam,yes,32.09438775510204,6.97704081632653
3,1376,159,AUS,3,83,402,UT Khawaja,C Karunaratne,3,32,67,42.53,5523,50.06,Left-hand bat,23,13,0,156,148,156,rmf,4,AUS,seam,yes,32.09438775510204,6.97704081632653
3,1377,160,AUS,3,87,406,UT Khawaja,C Karunaratne,3,36,68,42.53,5523,50.06,Left-hand bat,24,17,0,156,148,156,rmf,0,AUS,seam,yes,32.09438775510204,6.97704081632653
3,1378,161,AUS,3,87,406,UT Khawaja,C Karunaratne,3,36,69,42.53,5523,50.06,Left-hand bat,25,17,0,156,148,156,rmf,0,AUS,seam,yes,32.09438775510204,6.97704081632653
