innings,match_balls,inn_balls,bat_team,team_wkts,team_score,team_lead,batter,bowler,bat_position,bat_score,bat_balls,bat_avg,career_bat_balls,bat_sr,bat_arm,bowl_balls,bowl_runs,bowl_wkts,career_bowl_balls,bowl_avg,bowl_sr,bowl_type,outcome,host_country,bowl_class,bat_win_toss,seam_factor,spin_factor
1,414,414,AUS,9,212,212,NM Lyon,BA Stokes,11,0,4,12.14,2033,45.99,Right-hand bat,96,67,1,7566.2,32.18,57.7,rfm,0,ENG,seam,yes,23.575602629656686,11.316289262235209
1,421,421,AUS,9,218,218,NM Lyon,BA Stokes,11,0,5,12.14,2033,45.99,Right-hand bat,97,67,1,7566.2,32.18,57.7,rfm,4,ENG,seam,yes,23.575602629656686,11.316289262235209
1,422,422,AUS,9,222,222,NM Lyon,BA Stokes,11,4,6,12.14,2033,45.99,Right-hand bat,98,71,1,7566.2,32.18,57.7,rfm,0,ENG,seam,yes,23.575602629656686,11.316289262235209
1,423,423,AUS,9,222,222,NM Lyon,BA Stokes,11,4,7,12.14,2033,45.99,Right-hand bat,99,71,1,7566.2,32.18,57.7,rfm,0,ENG,seam,yes,23.575602629656686,11.316289262235209
1,424,424,AUS,9,222,222,NM Lyon,BA Stokes,11,4,8,12.14,2033,45.99,Right-hand bat,100,71,1,7566.2,32.18,57.7,rfm,0,ENG,seam,yes,23.575602629656686,11.316289262235209
1,425,425,AUS,9,222,222,NM Lyon,BA Stokes,11,4,9,12.14,2033,45.99,Right-hand bat,101,71,1,7566.2,32.18,57.7,rfm,0,ENG,seam,yes,23.575602629656686,11.316289262235209
1,426,426,AUS,9,222,222,NM Lyon,BA Stokes,11,4,10,12.14,2033,45.99,Right-hand bat,102,71,1,7566.2,32.18,57.7,rfm,0,ENG,seam,yes,23.575602629656686,11.316289262235209
