innings,match_balls,inn_balls,bat_team,team_wkts,team_score,team_lead,batter,bowler,bat_position,bat_score,bat_balls,bat_avg,career_bat_balls,bat_sr,bat_arm,bowl_balls,bowl_runs,bowl_wkts,career_bowl_balls,bowl_avg,bowl_sr,bowl_type,outcome,host_country,bowl_class,bat_win_toss,seam_factor,spin_factor
3,579,96,AUS,3,53,165,TM Head,JC Archer,5,0,5,45.72,1649,49.9,Left-hand bat,24,7,0,450.1,13.53,34.6,rf,0,ENG,seam,no,19.65154503616042,2.245890861275477
3,587,104,AUS,3,59,171,TM Head,JC Archer,5,4,10,45.72,1649,49.9,Left-hand bat,26,8,0,450.1,13.53,34.6,rf,0,ENG,seam,no,19.65154503616042,2.245890861275477
3,588,105,AUS,3,59,171,TM Head,JC Archer,5,4,11,45.72,1649,49.9,Left-hand bat,27,8,0,450.1,13.53,34.6,rf,0,ENG,seam,no,19.65154503616042,2.245890861275477
3,589,106,AUS,3,59,171,TM Head,JC Archer,5,4,12,45.72,1649,49.9,Left-hand bat,28,8,0,450.1,13.53,34.6,rf,0,ENG,seam,no,19.65154503616042,2.245890861275477
3,590,107,AUS,3,59,171,TM Head,JC Archer,5,4,13,45.72,1649,49.9,Left-hand bat,29,8,0,450.1,13.53,34.6,rf,0,ENG,seam,no,19.65154503616042,2.245890861275477
3,591,108,AUS,3,59,171,TM Head,JC Archer,5,4,14,45.72,1649,49.9,Left-hand bat,30,8,0,450.1,13.53,34.6,rf,0,ENG,seam,no,19.65154503616042,2.245890861275477
3,599,116,AUS,3,60,172,TM Head,JC Archer,5,4,15,45.72,1649,49.9,Left-hand bat,31,8,0,450.1,13.53,34.6,rf,1,ENG,seam,no,19.65154503616042,2.245890861275477
3,631,148,AUS,3,81,193,TM Head,JC Archer,5,16,27,45.72,1649,49.9,Left-hand bat,45,15,0,450.1,13.53,34.6,rf,0,ENG,seam,no,19.65154503616042,2.245890861275477
3,632,149,AUS,3,81,193,TM Head,JC Archer,5,16,28,45.72,1649,49.9,Left-hand bat,46,15,0,450.1,13.53,34.6,rf,1,ENG,seam,no,19.65154503616042,2.245890861275477
