innings,match_balls,inn_balls,bat_team,team_wkts,team_score,team_lead,batter,bowler,bat_position,bat_score,bat_balls,bat_avg,career_bat_balls,bat_sr,bat_arm,bowl_balls,bowl_runs,bowl_wkts,career_bowl_balls,bowl_avg,bowl_sr,bowl_type,outcome,host_country,bowl_class,bat_win_toss,seam_factor,spin_factor
1,240,240,AUS,3,151,151,TM Head,BA Stokes,5,7,4,42.7,1690,50.53,Left-hand bat,36,27,0,7896.3,32.71,58.5,rfm,0,ENG,seam,yes,27.583910034602077,7.151384083044982
1,241,241,AUS,3,151,151,TM Head,BA Stokes,5,7,5,42.7,1690,50.53,Left-hand bat,37,27,0,7896.3,32.71,58.5,rfm,3,ENG,seam,yes,27.583910034602077,7.151384083044982
1,245,245,AUS,3,155,155,TM Head,BA Stokes,5,10,6,42.7,1690,50.53,Left-hand bat,41,31,0,7896.3,32.71,58.5,rfm,0,ENG,seam,yes,27.583910034602077,7.151384083044982
1,254,254,AUS,3,161,161,TM Head,BA Stokes,5,10,9,42.7,1690,50.53,Left-hand bat,44,32,0,7896.3,32.71,58.5,rfm,0,ENG,seam,yes,27.583910034602077,7.151384083044982
1,255,255,AUS,3,161,161,TM Head,BA Stokes,5,10,10,42.7,1690,50.53,Left-hand bat,45,32,0,7896.3,32.71,58.5,rfm,0,ENG,seam,yes,27.583910034602077,7.151384083044982
1,256,256,AUS,3,161,161,TM Head,BA Stokes,5,10,11,42.7,1690,50.53,Left-hand bat,46,32,0,7896.3,32.71,58.5,rfm,4,ENG,seam,yes,27.583910034602077,7.151384083044982
1,257,257,AUS,3,165,165,TM Head,BA Stokes,5,14,12,42.7,1690,50.53,Left-hand bat,47,36,0,7896.3,32.71,58.5,rfm,0,ENG,seam,yes,27.583910034602077,7.151384083044982
