innings,match_balls,inn_balls,bat_team,team_wkts,team_score,team_lead,batter,bowler,bat_position,bat_score,bat_balls,bat_avg,career_bat_balls,bat_sr,bat_arm,bowl_balls,bowl_runs,bowl_wkts,career_bowl_balls,bowl_avg,bowl_sr,bowl_type,outcome,host_country,bowl_class,bat_win_toss,seam_factor,spin_factor
2,1379,616,ENG,9,283,-214,MJ Leach,MA Starc,11,0,0,19.11,412,41.74,Left-hand bat,119,67,3,10758.2,28.26,50,lf,0,ENG,seam,no,27.583910034602077,7.151384083044982
2,1386,623,ENG,9,287,-210,MJ Leach,MA Starc,11,0,1,19.11,412,41.74,Left-hand bat,120,67,3,10758.2,28.26,50,lf,0,ENG,seam,no,27.583910034602077,7.151384083044982
2,1387,624,ENG,9,287,-210,MJ Leach,MA Starc,11,0,2,19.11,412,41.74,Left-hand bat,121,67,3,10758.2,28.26,50,lf,0,ENG,seam,no,27.583910034602077,7.151384083044982
2,1388,625,ENG,9,287,-210,MJ Leach,MA Starc,11,0,3,19.11,412,41.74,Left-hand bat,122,67,3,10758.2,28.26,50,lf,4,ENG,seam,no,27.583910034602077,7.151384083044982
2,1389,626,ENG,9,291,-206,MJ Leach,MA Starc,11,4,4,19.11,412,41.74,Left-hand bat,123,71,3,10758.2,28.26,50,lf,0,ENG,seam,no,27.583910034602077,7.151384083044982
2,1390,627,ENG,9,291,-206,MJ Leach,MA Starc,11,4,5,19.11,412,41.74,Left-hand bat,124,71,3,10758.2,28.26,50,lf,0,ENG,seam,no,27.583910034602077,7.151384083044982
2,1391,628,ENG,9,291,-206,MJ Leach,MA Starc,11,4,6,19.11,412,41.74,Left-hand bat,125,71,3,10758.2,28.26,50,lf,0,ENG,seam,no,27.583910034602077,7.151384083044982
2,1403,640,ENG,9,301,-196,MJ Leach,MA Starc,11,4,8,19.11,412,41.74,Left-hand bat,131,80,3,10758.2,28.26,50,lf,0,ENG,seam,no,27.583910034602077,7.151384083044982
