innings,match_balls,inn_balls,bat_team,team_wkts,team_score,team_lead,batter,bowler,bat_position,bat_score,bat_balls,bat_avg,career_bat_balls,bat_sr,bat_arm,bowl_balls,bowl_runs,bowl_wkts,career_bowl_balls,bowl_avg,bowl_sr,bowl_type,outcome,host_country,bowl_class,bat_win_toss,seam_factor,spin_factor
1,928,928,PAK,6,454,454,Sarfraz Ahmed,MA Starc,8,11,14,37.4,3182,71.71,Right-hand bat,189,80,0,9240,28.61,50.4,lf,1,PAK,seam,yes,12.737024221453286,23.35121107266436
1,930,930,PAK,6,456,456,Sarfraz Ahmed,MA Starc,8,12,15,37.4,3182,71.71,Right-hand bat,191,82,0,9240,28.61,50.4,lf,0,PAK,seam,yes,12.737024221453286,23.35121107266436
1,931,931,PAK,6,456,456,Sarfraz Ahmed,MA Starc,8,12,16,37.4,3182,71.71,Right-hand bat,192,82,0,9240,28.61,50.4,lf,0,PAK,seam,yes,12.737024221453286,23.35121107266436
1,932,932,PAK,6,456,456,Sarfraz Ahmed,MA Starc,8,12,17,37.4,3182,71.71,Right-hand bat,193,82,0,9240,28.61,50.4,lf,0,PAK,seam,yes,12.737024221453286,23.35121107266436
1,939,939,PAK,7,460,460,Sarfraz Ahmed,MA Starc,8,12,18,37.4,3182,71.71,Right-hand bat,194,82,0,9240,28.61,50.4,lf,0,PAK,seam,yes,12.737024221453286,23.35121107266436
1,940,940,PAK,7,460,460,Sarfraz Ahmed,MA Starc,8,12,19,37.4,3182,71.71,Right-hand bat,195,82,0,9240,28.61,50.4,lf,1,PAK,seam,yes,12.737024221453286,23.35121107266436
1,955,955,PAK,7,468,468,Sarfraz Ahmed,MA Starc,8,14,22,37.4,3182,71.71,Right-hand bat,204,88,0,9240,28.61,50.4,lf,0,PAK,seam,yes,12.737024221453286,23.35121107266436
1,956,956,PAK,7,468,468,Sarfraz Ahmed,MA Starc,8,14,23,37.4,3182,71.71,Right-hand bat,205,88,0,9240,28.61,50.4,lf,0,PAK,seam,yes,12.737024221453286,23.35121107266436
1,963,963,PAK,7,470,470,Sarfraz Ahmed,MA Starc,8,15,27,37.4,3182,71.71,Right-hand bat,206,88,0,9240,28.61,50.4,lf,W,PAK,seam,yes,12.737024221453286,23.35121107266436
