innings,match_balls,inn_balls,bat_team,team_wkts,team_score,team_lead,batter,bowler,bat_position,bat_score,bat_balls,bat_avg,career_bat_balls,bat_sr,bat_arm,bowl_balls,bowl_runs,bowl_wkts,career_bowl_balls,bowl_avg,bowl_sr,bowl_type,outcome,host_country,bowl_class,bat_win_toss,seam_factor,spin_factor
3,1330,139,WIN,4,102,-366,RL Chase,R Ashwin,6,1,1,33.71,2773,47.42,Right-hand bat,66,54,1,17640.5,25.45,52.9,rob,1,IND,spin,no,7.319857312722949,28.05945303210464
3,1332,141,WIN,4,104,-364,RL Chase,R Ashwin,6,2,2,33.71,2773,47.42,Right-hand bat,68,56,1,17640.5,25.45,52.9,rob,0,IND,spin,no,7.319857312722949,28.05945303210464
3,1333,142,WIN,4,104,-364,RL Chase,R Ashwin,6,2,3,33.71,2773,47.42,Right-hand bat,69,56,1,17640.5,25.45,52.9,rob,0,IND,spin,no,7.319857312722949,28.05945303210464
3,1334,143,WIN,4,104,-364,RL Chase,R Ashwin,6,2,4,33.71,2773,47.42,Right-hand bat,70,56,1,17640.5,25.45,52.9,rob,0,IND,spin,no,7.319857312722949,28.05945303210464
3,1335,144,WIN,4,104,-364,RL Chase,R Ashwin,6,2,5,33.71,2773,47.42,Right-hand bat,71,56,1,17640.5,25.45,52.9,rob,0,IND,spin,no,7.319857312722949,28.05945303210464
3,1355,164,WIN,4,122,-346,RL Chase,R Ashwin,6,8,14,33.71,2773,47.42,Right-hand bat,73,57,1,17640.5,25.45,52.9,rob,1,IND,spin,no,7.319857312722949,28.05945303210464
3,1357,166,WIN,4,124,-344,RL Chase,R Ashwin,6,9,15,33.71,2773,47.42,Right-hand bat,75,59,1,17640.5,25.45,52.9,rob,0,IND,spin,no,7.319857312722949,28.05945303210464
3,1358,167,WIN,4,124,-344,RL Chase,R Ashwin,6,9,16,33.71,2773,47.42,Right-hand bat,76,59,1,17640.5,25.45,52.9,rob,1,IND,spin,no,7.319857312722949,28.05945303210464
