innings,match_balls,inn_balls,bat_team,team_wkts,team_score,team_lead,batter,bowler,bat_position,bat_score,bat_balls,bat_avg,career_bat_balls,bat_sr,bat_arm,bowl_balls,bowl_runs,bowl_wkts,career_bowl_balls,bowl_avg,bowl_sr,bowl_type,outcome,host_country,bowl_class,bat_win_toss,seam_factor,spin_factor
1,199,199,ENG,6,106,106,MM Ali,AS Joseph,7,13,29,30.28,5360,51.41,Left-hand bat,36,18,2,1326.1,31.27,60.3,rfm,0,WIN,seam,no,19.259999999999998,2.1399999999999997
1,200,200,ENG,6,106,106,MM Ali,AS Joseph,7,13,30,30.28,5360,51.41,Left-hand bat,37,18,2,1326.1,31.27,60.3,rfm,4,WIN,seam,no,19.259999999999998,2.1399999999999997
1,201,201,ENG,6,110,110,MM Ali,AS Joseph,7,17,31,30.28,5360,51.41,Left-hand bat,38,22,2,1326.1,31.27,60.3,rfm,1,WIN,seam,no,19.259999999999998,2.1399999999999997
1,235,235,ENG,6,124,124,MM Ali,AS Joseph,7,27,46,30.28,5360,51.41,Left-hand bat,54,27,2,1326.1,31.27,60.3,rfm,2,WIN,seam,no,19.259999999999998,2.1399999999999997
1,236,236,ENG,6,126,126,MM Ali,AS Joseph,7,29,47,30.28,5360,51.41,Left-hand bat,55,29,2,1326.1,31.27,60.3,rfm,0,WIN,seam,no,19.259999999999998,2.1399999999999997
1,237,237,ENG,6,126,126,MM Ali,AS Joseph,7,29,48,30.28,5360,51.41,Left-hand bat,56,29,2,1326.1,31.27,60.3,rfm,4,WIN,seam,no,19.259999999999998,2.1399999999999997
1,238,238,ENG,6,130,130,MM Ali,AS Joseph,7,33,49,30.28,5360,51.41,Left-hand bat,57,33,2,1326.1,31.27,60.3,rfm,0,WIN,seam,no,19.259999999999998,2.1399999999999997
1,239,239,ENG,6,130,130,MM Ali,AS Joseph,7,33,50,30.28,5360,51.41,Left-hand bat,58,33,2,1326.1,31.27,60.3,rfm,3,WIN,seam,no,19.259999999999998,2.1399999999999997
