innings,match_balls,inn_balls,bat_team,team_wkts,team_score,team_lead,batter,bowler,bat_position,bat_score,bat_balls,bat_avg,career_bat_balls,bat_sr,bat_arm,bowl_balls,bowl_runs,bowl_wkts,career_bowl_balls,bowl_avg,bowl_sr,bowl_type,outcome,host_country,bowl_class,bat_win_toss,seam_factor,spin_factor
1,587,587,ENG,6,260,260,JM Bairstow,KAJ Roach,7,2,23,36.95,6839,55.65,Right-hand bat,137,41,1,9438,27.17,51.2,rfm,0,WIN,seam,no,23.862857142857145,5.965714285714286
1,588,588,ENG,6,260,260,JM Bairstow,KAJ Roach,7,2,24,36.95,6839,55.65,Right-hand bat,138,41,1,9438,27.17,51.2,rfm,0,WIN,seam,no,23.862857142857145,5.965714285714286
1,595,595,ENG,6,264,264,JM Bairstow,KAJ Roach,7,2,25,36.95,6839,55.65,Right-hand bat,139,41,1,9438,27.17,51.2,rfm,0,WIN,seam,no,23.862857142857145,5.965714285714286
1,596,596,ENG,6,264,264,JM Bairstow,KAJ Roach,7,2,26,36.95,6839,55.65,Right-hand bat,140,41,1,9438,27.17,51.2,rfm,1lb,WIN,seam,no,23.862857142857145,5.965714285714286
1,600,600,ENG,6,266,266,JM Bairstow,KAJ Roach,7,2,27,36.95,6839,55.65,Right-hand bat,144,42,1,9438,27.17,51.2,rfm,0,WIN,seam,no,23.862857142857145,5.965714285714286
1,607,607,ENG,6,270,270,JM Bairstow,KAJ Roach,7,2,28,36.95,6839,55.65,Right-hand bat,145,42,1,9438,27.17,51.2,rfm,0,WIN,seam,no,23.862857142857145,5.965714285714286
1,608,608,ENG,6,270,270,JM Bairstow,KAJ Roach,7,2,29,36.95,6839,55.65,Right-hand bat,146,42,1,9438,27.17,51.2,rfm,0,WIN,seam,no,23.862857142857145,5.965714285714286
1,609,609,ENG,6,270,270,JM Bairstow,KAJ Roach,7,2,30,36.95,6839,55.65,Right-hand bat,147,42,1,9438,27.17,51.2,rfm,0,WIN,seam,no,23.862857142857145,5.965714285714286
1,610,610,ENG,6,270,270,JM Bairstow,KAJ Roach,7,2,31,36.95,6839,55.65,Right-hand bat,148,42,1,9438,27.17,51.2,rfm,0,WIN,seam,no,23.862857142857145,5.965714285714286
1,611,611,ENG,6,270,270,JM Bairstow,KAJ Roach,7,2,32,36.95,6839,55.65,Right-hand bat,149,42,1,9438,27.17,51.2,rfm,W,WIN,seam,no,23.862857142857145,5.965714285714286
