innings,match_balls,inn_balls,bat_team,team_wkts,team_score,team_lead,batter,bowler,bat_position,bat_score,bat_balls,bat_avg,career_bat_balls,bat_sr,bat_arm,bowl_balls,bowl_runs,bowl_wkts,career_bowl_balls,bowl_avg,bowl_sr,bowl_type,outcome,host_country,bowl_class,bat_win_toss,seam_factor,spin_factor
3,1805,281,WIN,6,107,-216,JO Holder,A Mishra,8,0,2,27.18,928,64.43,Right-hand bat,31,16,0,4434.1,34,65.2,rls,0,WIN,spin,no,15.918367346938778,21.22448979591837
3,1806,282,WIN,6,107,-216,JO Holder,A Mishra,8,0,3,27.18,928,64.43,Right-hand bat,32,16,0,4434.1,34,65.2,rls,0,WIN,spin,no,15.918367346938778,21.22448979591837
3,1807,283,WIN,6,107,-216,JO Holder,A Mishra,8,0,4,27.18,928,64.43,Right-hand bat,33,16,0,4434.1,34,65.2,rls,0,WIN,spin,no,15.918367346938778,21.22448979591837
3,1808,284,WIN,6,107,-216,JO Holder,A Mishra,8,0,5,27.18,928,64.43,Right-hand bat,34,16,0,4434.1,34,65.2,rls,0,WIN,spin,no,15.918367346938778,21.22448979591837
3,1809,285,WIN,6,107,-216,JO Holder,A Mishra,8,0,6,27.18,928,64.43,Right-hand bat,35,16,0,4434.1,34,65.2,rls,0,WIN,spin,no,15.918367346938778,21.22448979591837
3,1828,304,WIN,7,123,-200,JO Holder,A Mishra,8,9,14,27.18,928,64.43,Right-hand bat,42,20,1,4434.1,34,65.2,rls,1,WIN,spin,no,15.918367346938778,21.22448979591837
3,1832,308,WIN,7,125,-198,JO Holder,A Mishra,8,10,15,27.18,928,64.43,Right-hand bat,46,22,1,4434.1,34,65.2,rls,1,WIN,spin,no,15.918367346938778,21.22448979591837
3,1841,317,WIN,7,127,-196,JO Holder,A Mishra,8,11,22,27.18,928,64.43,Right-hand bat,49,24,1,4434.1,34,65.2,rls,1,WIN,spin,no,15.918367346938778,21.22448979591837
