innings,match_balls,inn_balls,bat_team,team_wkts,team_score,team_lead,batter,bowler,bat_position,bat_score,bat_balls,bat_avg,career_bat_balls,bat_sr,bat_arm,bowl_balls,bowl_runs,bowl_wkts,career_bowl_balls,bowl_avg,bowl_sr,bowl_type,outcome,host_country,bowl_class,bat_win_toss,seam_factor,spin_factor
1,689,689,AUS,6,326,326,TD Paine,TG Southee,7,9,35,30.4,2776,43.8,Right-hand bat,157,81,2,15708.5,29.61,58.8,rmf,0,AUS,seam,yes,19.76988823142669,5.1019066403681785
1,690,690,AUS,6,326,326,TD Paine,TG Southee,7,9,36,30.4,2776,43.8,Right-hand bat,158,81,2,15708.5,29.61,58.8,rmf,0,AUS,seam,yes,19.76988823142669,5.1019066403681785
1,691,691,AUS,6,326,326,TD Paine,TG Southee,7,9,37,30.4,2776,43.8,Right-hand bat,159,81,2,15708.5,29.61,58.8,rmf,3,AUS,seam,yes,19.76988823142669,5.1019066403681785
1,845,845,AUS,7,388,388,TD Paine,TG Southee,7,32,96,30.4,2776,43.8,Right-hand bat,163,84,2,15708.5,29.61,58.8,rmf,1,AUS,seam,yes,19.76988823142669,5.1019066403681785
1,848,848,AUS,7,390,390,TD Paine,TG Southee,7,33,97,30.4,2776,43.8,Right-hand bat,166,86,2,15708.5,29.61,58.8,rmf,4,AUS,seam,yes,19.76988823142669,5.1019066403681785
1,849,849,AUS,7,394,394,TD Paine,TG Southee,7,37,98,30.4,2776,43.8,Right-hand bat,167,90,2,15708.5,29.61,58.8,rmf,0,AUS,seam,yes,19.76988823142669,5.1019066403681785
1,850,850,AUS,7,394,394,TD Paine,TG Southee,7,37,99,30.4,2776,43.8,Right-hand bat,168,90,2,15708.5,29.61,58.8,rmf,0,AUS,seam,yes,19.76988823142669,5.1019066403681785
1,882,882,AUS,9,416,416,TD Paine,TG Southee,7,39,103,30.4,2776,43.8,Right-hand bat,182,93,3,15708.5,29.61,58.8,rmf,0,AUS,seam,yes,19.76988823142669,5.1019066403681785
1,883,883,AUS,9,416,416,TD Paine,TG Southee,7,39,104,30.4,2776,43.8,Right-hand bat,183,93,3,15708.5,29.61,58.8,rmf,W,AUS,seam,yes,19.76988823142669,5.1019066403681785
