innings,match_balls,inn_balls,bat_team,team_wkts,team_score,team_lead,batter,bowler,bat_position,bat_score,bat_balls,bat_avg,career_bat_balls,bat_sr,bat_arm,bowl_balls,bowl_runs,bowl_wkts,career_bowl_balls,bowl_avg,bowl_sr,bowl_type,outcome,host_country,bowl_class,bat_win_toss,seam_factor,spin_factor
2,1229,294,NZL,8,117,-350,N Wagner,PJ Cummins,10,0,0,12.59,1238,44.74,Left-hand bat,92,27,4,6558.5,21.92,47.2,rf,0,AUS,seam,yes,21.712653061224486,6.680816326530612
2,1230,295,NZL,8,117,-350,N Wagner,PJ Cummins,10,0,1,12.59,1238,44.74,Left-hand bat,93,27,4,6558.5,21.92,47.2,rf,0,AUS,seam,yes,21.712653061224486,6.680816326530612
2,1231,296,NZL,8,117,-350,N Wagner,PJ Cummins,10,0,2,12.59,1238,44.74,Left-hand bat,94,27,4,6558.5,21.92,47.2,rf,0,AUS,seam,yes,21.712653061224486,6.680816326530612
2,1232,297,NZL,8,117,-350,N Wagner,PJ Cummins,10,0,3,12.59,1238,44.74,Left-hand bat,95,27,4,6558.5,21.92,47.2,rf,0,AUS,seam,yes,21.712653061224486,6.680816326530612
2,1233,298,NZL,8,117,-350,N Wagner,PJ Cummins,10,0,4,12.59,1238,44.74,Left-hand bat,96,27,4,6558.5,21.92,47.2,rf,0,AUS,seam,yes,21.712653061224486,6.680816326530612
2,1240,305,NZL,8,123,-344,N Wagner,PJ Cummins,10,1,8,12.59,1238,44.74,Left-hand bat,97,27,4,6558.5,21.92,47.2,rf,0,AUS,seam,yes,21.712653061224486,6.680816326530612
2,1241,306,NZL,8,123,-344,N Wagner,PJ Cummins,10,1,9,12.59,1238,44.74,Left-hand bat,98,27,4,6558.5,21.92,47.2,rf,1,AUS,seam,yes,21.712653061224486,6.680816326530612
