innings,match_balls,inn_balls,bat_team,team_wkts,team_score,team_lead,batter,bowler,bat_position,bat_score,bat_balls,bat_avg,career_bat_balls,bat_sr,bat_arm,bowl_balls,bowl_runs,bowl_wkts,career_bowl_balls,bowl_avg,bowl_sr,bowl_type,outcome,host_country,bowl_class,bat_win_toss,seam_factor,spin_factor
2,1236,301,NZL,8,122,-345,N Wagner,JL Pattinson,10,0,5,12.59,1238,44.74,Left-hand bat,80,29,3,3828.3,25.51,47.2,rfm,0,AUS,seam,yes,21.712653061224486,6.680816326530612
2,1237,302,NZL,8,122,-345,N Wagner,JL Pattinson,10,0,6,12.59,1238,44.74,Left-hand bat,81,29,3,3828.3,25.51,47.2,rfm,0,AUS,seam,yes,21.712653061224486,6.680816326530612
2,1238,303,NZL,8,122,-345,N Wagner,JL Pattinson,10,0,7,12.59,1238,44.74,Left-hand bat,82,29,3,3828.3,25.51,47.2,rfm,1,AUS,seam,yes,21.712653061224486,6.680816326530612
2,1246,311,NZL,9,124,-343,N Wagner,JL Pattinson,10,2,10,12.59,1238,44.74,Left-hand bat,84,30,3,3828.3,25.51,47.2,rfm,0,AUS,seam,yes,21.712653061224486,6.680816326530612
2,1247,312,NZL,9,124,-343,N Wagner,JL Pattinson,10,2,11,12.59,1238,44.74,Left-hand bat,85,30,3,3828.3,25.51,47.2,rfm,4,AUS,seam,yes,21.712653061224486,6.680816326530612
2,1248,313,NZL,9,128,-339,N Wagner,JL Pattinson,10,6,12,12.59,1238,44.74,Left-hand bat,86,34,3,3828.3,25.51,47.2,rfm,0,AUS,seam,yes,21.712653061224486,6.680816326530612
2,1249,314,NZL,9,128,-339,N Wagner,JL Pattinson,10,6,13,12.59,1238,44.74,Left-hand bat,87,34,3,3828.3,25.51,47.2,rfm,0,AUS,seam,yes,21.712653061224486,6.680816326530612
2,1250,315,NZL,9,128,-339,N Wagner,JL Pattinson,10,6,14,12.59,1238,44.74,Left-hand bat,88,34,3,3828.3,25.51,47.2,rfm,0,AUS,seam,yes,21.712653061224486,6.680816326530612
2,1251,316,NZL,9,128,-339,N Wagner,JL Pattinson,10,6,15,12.59,1238,44.74,Left-hand bat,89,34,3,3828.3,25.51,47.2,rfm,0,AUS,seam,yes,21.712653061224486,6.680816326530612
