innings,match_balls,inn_balls,bat_team,team_wkts,team_score,team_lead,batter,bowler,bat_position,bat_score,bat_balls,bat_avg,career_bat_balls,bat_sr,bat_arm,bowl_balls,bowl_runs,bowl_wkts,career_bowl_balls,bowl_avg,bowl_sr,bowl_type,outcome,host_country,bowl_class,bat_win_toss,seam_factor,spin_factor
2,1003,184,RSA,4,73,-429,F du Plessis,Mohammed Shami,6,8,16,42.74,7963,46.16,Right-hand bat,22,1,0,8040.1,28.45,50.8,rf,4,IND,seam,no,13.551508844953174,33.125910509885536
2,1004,185,RSA,4,77,-425,F du Plessis,Mohammed Shami,6,12,17,42.74,7963,46.16,Right-hand bat,23,5,0,8040.1,28.45,50.8,rf,0,IND,seam,no,13.551508844953174,33.125910509885536
2,1011,192,RSA,4,81,-421,F du Plessis,Mohammed Shami,6,12,18,42.74,7963,46.16,Right-hand bat,24,5,0,8040.1,28.45,50.8,rf,0,IND,seam,no,13.551508844953174,33.125910509885536
2,1012,193,RSA,4,81,-421,F du Plessis,Mohammed Shami,6,12,19,42.74,7963,46.16,Right-hand bat,25,5,0,8040.1,28.45,50.8,rf,0,IND,seam,no,13.551508844953174,33.125910509885536
2,1013,194,RSA,4,81,-421,F du Plessis,Mohammed Shami,6,12,20,42.74,7963,46.16,Right-hand bat,26,5,0,8040.1,28.45,50.8,rf,1,IND,seam,no,13.551508844953174,33.125910509885536
2,1135,316,RSA,4,156,-346,F du Plessis,Mohammed Shami,6,48,90,42.74,7963,46.16,Right-hand bat,39,9,0,8040.1,28.45,50.8,rf,2,IND,seam,no,13.551508844953174,33.125910509885536
2,1136,317,RSA,4,158,-344,F du Plessis,Mohammed Shami,6,50,91,42.74,7963,46.16,Right-hand bat,40,11,0,8040.1,28.45,50.8,rf,0,IND,seam,no,13.551508844953174,33.125910509885536
2,1137,318,RSA,4,158,-344,F du Plessis,Mohammed Shami,6,50,92,42.74,7963,46.16,Right-hand bat,41,11,0,8040.1,28.45,50.8,rf,0,IND,seam,no,13.551508844953174,33.125910509885536
2,1144,325,RSA,4,164,-338,F du Plessis,Mohammed Shami,6,50,93,42.74,7963,46.16,Right-hand bat,42,11,0,8040.1,28.45,50.8,rf,1,IND,seam,no,13.551508844953174,33.125910509885536
