innings,match_balls,inn_balls,bat_team,team_wkts,team_score,team_lead,batter,bowler,bat_position,bat_score,bat_balls,bat_avg,career_bat_balls,bat_sr,bat_arm,bowl_balls,bowl_runs,bowl_wkts,career_bowl_balls,bowl_avg,bowl_sr,bowl_type,outcome,host_country,bowl_class,bat_win_toss,seam_factor,spin_factor
3,2380,413,ENG,5,121,-141,OJ Pope,TG Southee,7,0,0,17.8,179,49.72,Right-hand bat,76,37,1,15180.2,29.89,59.3,rmf,0,NZL,seam,yes,31.860879904875144,8.311533888228299
3,2381,414,ENG,5,121,-141,OJ Pope,TG Southee,7,0,1,17.8,179,49.72,Right-hand bat,77,37,1,15180.2,29.89,59.3,rmf,0,NZL,seam,yes,31.860879904875144,8.311533888228299
3,2388,421,ENG,5,121,-141,OJ Pope,TG Southee,7,0,2,17.8,179,49.72,Right-hand bat,78,37,1,15180.2,29.89,59.3,rmf,0,NZL,seam,yes,31.860879904875144,8.311533888228299
3,2389,422,ENG,5,121,-141,OJ Pope,TG Southee,7,0,3,17.8,179,49.72,Right-hand bat,79,37,1,15180.2,29.89,59.3,rmf,0,NZL,seam,yes,31.860879904875144,8.311533888228299
3,2390,423,ENG,5,121,-141,OJ Pope,TG Southee,7,0,4,17.8,179,49.72,Right-hand bat,80,37,1,15180.2,29.89,59.3,rmf,0,NZL,seam,yes,31.860879904875144,8.311533888228299
3,2391,424,ENG,5,121,-141,OJ Pope,TG Southee,7,0,5,17.8,179,49.72,Right-hand bat,81,37,1,15180.2,29.89,59.3,rmf,0,NZL,seam,yes,31.860879904875144,8.311533888228299
3,2392,425,ENG,5,121,-141,OJ Pope,TG Southee,7,0,6,17.8,179,49.72,Right-hand bat,82,37,1,15180.2,29.89,59.3,rmf,0,NZL,seam,yes,31.860879904875144,8.311533888228299
3,2393,426,ENG,5,121,-141,OJ Pope,TG Southee,7,0,7,17.8,179,49.72,Right-hand bat,83,37,1,15180.2,29.89,59.3,rmf,1,NZL,seam,yes,31.860879904875144,8.311533888228299
