innings,match_balls,inn_balls,bat_team,team_wkts,team_score,team_lead,batter,bowler,bat_position,bat_score,bat_balls,bat_avg,career_bat_balls,bat_sr,bat_arm,bowl_balls,bowl_runs,bowl_wkts,career_bowl_balls,bowl_avg,bowl_sr,bowl_type,outcome,host_country,bowl_class,bat_win_toss,seam_factor,spin_factor
1,271,271,ENG,2,113,113,JE Root,C de Grandhomme,4,0,0,47.35,12943,54.51,Right-hand bat,61,20,2,2766.5,29.63,72.9,rmf,0,NZL,seam,yes,31.860879904875144,8.311533888228299
1,272,272,ENG,2,113,113,JE Root,C de Grandhomme,4,0,1,47.35,12943,54.51,Right-hand bat,62,20,2,2766.5,29.63,72.9,rmf,0,NZL,seam,yes,31.860879904875144,8.311533888228299
1,273,273,ENG,2,113,113,JE Root,C de Grandhomme,4,0,2,47.35,12943,54.51,Right-hand bat,63,20,2,2766.5,29.63,72.9,rmf,0,NZL,seam,yes,31.860879904875144,8.311533888228299
1,274,274,ENG,2,113,113,JE Root,C de Grandhomme,4,0,3,47.35,12943,54.51,Right-hand bat,64,20,2,2766.5,29.63,72.9,rmf,0,NZL,seam,yes,31.860879904875144,8.311533888228299
1,275,275,ENG,2,113,113,JE Root,C de Grandhomme,4,0,4,47.35,12943,54.51,Right-hand bat,65,20,2,2766.5,29.63,72.9,rmf,0,NZL,seam,yes,31.860879904875144,8.311533888228299
1,299,299,ENG,2,115,115,JE Root,C de Grandhomme,4,0,15,47.35,12943,54.51,Right-hand bat,77,21,2,2766.5,29.63,72.9,rmf,0,NZL,seam,yes,31.860879904875144,8.311533888228299
1,309,309,ENG,2,117,117,JE Root,C de Grandhomme,4,0,16,47.35,12943,54.51,Right-hand bat,81,22,2,2766.5,29.63,72.9,rmf,0,NZL,seam,yes,31.860879904875144,8.311533888228299
1,310,310,ENG,2,117,117,JE Root,C de Grandhomme,4,0,17,47.35,12943,54.51,Right-hand bat,82,22,2,2766.5,29.63,72.9,rmf,0,NZL,seam,yes,31.860879904875144,8.311533888228299
1,311,311,ENG,2,117,117,JE Root,C de Grandhomme,4,0,18,47.35,12943,54.51,Right-hand bat,83,22,2,2766.5,29.63,72.9,rmf,0,NZL,seam,yes,31.860879904875144,8.311533888228299
