innings,match_balls,inn_balls,bat_team,team_wkts,team_score,team_lead,batter,bowler,bat_position,bat_score,bat_balls,bat_avg,career_bat_balls,bat_sr,bat_arm,bowl_balls,bowl_runs,bowl_wkts,career_bowl_balls,bowl_avg,bowl_sr,bowl_type,outcome,host_country,bowl_class,bat_win_toss,seam_factor,spin_factor
1,386,386,IND,6,197,197,RR Pant,RL Chase,7,15,27,45.43,1000,72.7,Left-hand bat,55,36,1,4206.2,43.08,75.1,rob,4,WIN,spin,no,20.37837837837838,5.621621621621622
1,387,387,IND,6,201,201,RR Pant,RL Chase,7,19,28,45.43,1000,72.7,Left-hand bat,56,40,1,4206.2,43.08,75.1,rob,1,WIN,spin,no,20.37837837837838,5.621621621621622
1,402,402,IND,6,203,203,RR Pant,RL Chase,7,20,35,45.43,1000,72.7,Left-hand bat,65,42,1,4206.2,43.08,75.1,rob,0,WIN,spin,no,20.37837837837838,5.621621621621622
1,409,409,IND,6,203,203,RR Pant,RL Chase,7,20,36,45.43,1000,72.7,Left-hand bat,66,42,1,4206.2,43.08,75.1,rob,0,WIN,spin,no,20.37837837837838,5.621621621621622
1,410,410,IND,6,203,203,RR Pant,RL Chase,7,20,37,45.43,1000,72.7,Left-hand bat,67,42,1,4206.2,43.08,75.1,rob,0,WIN,spin,no,20.37837837837838,5.621621621621622
1,411,411,IND,6,203,203,RR Pant,RL Chase,7,20,38,45.43,1000,72.7,Left-hand bat,68,42,1,4206.2,43.08,75.1,rob,0,WIN,spin,no,20.37837837837838,5.621621621621622
1,412,412,IND,6,203,203,RR Pant,RL Chase,7,20,39,45.43,1000,72.7,Left-hand bat,69,42,1,4206.2,43.08,75.1,rob,0,WIN,spin,no,20.37837837837838,5.621621621621622
1,413,413,IND,6,203,203,RR Pant,RL Chase,7,20,40,45.43,1000,72.7,Left-hand bat,70,42,1,4206.2,43.08,75.1,rob,0,WIN,spin,no,20.37837837837838,5.621621621621622
1,414,414,IND,6,203,203,RR Pant,RL Chase,7,20,41,45.43,1000,72.7,Left-hand bat,71,42,1,4206.2,43.08,75.1,rob,0,WIN,spin,no,20.37837837837838,5.621621621621622
