innings,match_balls,inn_balls,bat_team,team_wkts,team_score,team_lead,batter,bowler,bat_position,bat_score,bat_balls,bat_avg,career_bat_balls,bat_sr,bat_arm,bowl_balls,bowl_runs,bowl_wkts,career_bowl_balls,bowl_avg,bowl_sr,bowl_type,outcome,host_country,bowl_class,bat_win_toss,seam_factor,spin_factor
3,1120,89,IND,1,33,108,CA Pujara,JO Holder,3,1,2,50.49,11739,46.45,Right-hand bat,17,9,0,6138.1,27.96,64.6,rmf,0,WIN,seam,no,20.37837837837838,5.621621621621622
3,1128,97,IND,1,35,110,CA Pujara,JO Holder,3,1,7,50.49,11739,46.45,Right-hand bat,19,10,0,6138.1,27.96,64.6,rmf,0,WIN,seam,no,20.37837837837838,5.621621621621622
3,1129,98,IND,1,35,110,CA Pujara,JO Holder,3,1,8,50.49,11739,46.45,Right-hand bat,20,10,0,6138.1,27.96,64.6,rmf,0,WIN,seam,no,20.37837837837838,5.621621621621622
3,1130,99,IND,1,35,110,CA Pujara,JO Holder,3,1,9,50.49,11739,46.45,Right-hand bat,21,10,0,6138.1,27.96,64.6,rmf,0,WIN,seam,no,20.37837837837838,5.621621621621622
3,1131,100,IND,1,35,110,CA Pujara,JO Holder,3,1,10,50.49,11739,46.45,Right-hand bat,22,10,0,6138.1,27.96,64.6,rmf,0,WIN,seam,no,20.37837837837838,5.621621621621622
3,1132,101,IND,1,35,110,CA Pujara,JO Holder,3,1,11,50.49,11739,46.45,Right-hand bat,23,10,0,6138.1,27.96,64.6,rmf,1,WIN,seam,no,20.37837837837838,5.621621621621622
3,1139,108,IND,1,37,112,CA Pujara,JO Holder,3,3,13,50.49,11739,46.45,Right-hand bat,24,11,0,6138.1,27.96,64.6,rmf,0,WIN,seam,no,20.37837837837838,5.621621621621622
3,1140,109,IND,1,37,112,CA Pujara,JO Holder,3,3,14,50.49,11739,46.45,Right-hand bat,25,11,0,6138.1,27.96,64.6,rmf,1,WIN,seam,no,20.37837837837838,5.621621621621622
