innings,match_balls,inn_balls,bat_team,team_wkts,team_score,team_lead,batter,bowler,bat_position,bat_score,bat_balls,bat_avg,career_bat_balls,bat_sr,bat_arm,bowl_balls,bowl_runs,bowl_wkts,career_bowl_balls,bowl_avg,bowl_sr,bowl_type,outcome,host_country,bowl_class,bat_win_toss,seam_factor,spin_factor
3,1414,0,IND,0,0,128,KL Rahul,ST Gabriel,1,0,0,37.84,931,52.84,Right-hand bat,0,0,0,2640.3,38.74,67.7,rf,1,WIN,seam,no,17.809349890430973,6.596055514974434
3,1420,6,IND,0,5,133,KL Rahul,ST Gabriel,1,1,1,37.84,931,52.84,Right-hand bat,6,5,0,2640.3,38.74,67.7,rf,0,WIN,seam,no,17.809349890430973,6.596055514974434
3,1428,14,IND,0,8,136,KL Rahul,ST Gabriel,1,1,2,37.84,931,52.84,Right-hand bat,7,5,0,2640.3,38.74,67.7,rf,0,WIN,seam,no,17.809349890430973,6.596055514974434
3,1429,15,IND,0,8,136,KL Rahul,ST Gabriel,1,1,3,37.84,931,52.84,Right-hand bat,8,5,0,2640.3,38.74,67.7,rf,0,WIN,seam,no,17.809349890430973,6.596055514974434
3,1430,16,IND,0,8,136,KL Rahul,ST Gabriel,1,1,4,37.84,931,52.84,Right-hand bat,9,5,0,2640.3,38.74,67.7,rf,0,WIN,seam,no,17.809349890430973,6.596055514974434
3,1431,17,IND,0,8,136,KL Rahul,ST Gabriel,1,1,5,37.84,931,52.84,Right-hand bat,10,5,0,2640.3,38.74,67.7,rf,1,WIN,seam,no,17.809349890430973,6.596055514974434
3,1433,19,IND,0,12,140,KL Rahul,ST Gabriel,1,2,6,37.84,931,52.84,Right-hand bat,12,9,0,2640.3,38.74,67.7,rf,4,WIN,seam,no,17.809349890430973,6.596055514974434
3,1441,27,IND,0,25,153,KL Rahul,ST Gabriel,1,9,8,37.84,931,52.84,Right-hand bat,13,13,0,2640.3,38.74,67.7,rf,0,WIN,seam,no,17.809349890430973,6.596055514974434
3,1442,28,IND,0,25,153,KL Rahul,ST Gabriel,1,9,9,37.84,931,52.84,Right-hand bat,14,13,0,2640.3,38.74,67.7,rf,0,WIN,seam,no,17.809349890430973,6.596055514974434
3,1443,29,IND,0,25,153,KL Rahul,ST Gabriel,1,9,10,37.84,931,52.84,Right-hand bat,15,13,0,2640.3,38.74,67.7,rf,4,WIN,seam,no,17.809349890430973,6.596055514974434
3,1444,30,IND,0,29,157,KL Rahul,ST Gabriel,1,13,11,37.84,931,52.84,Right-hand bat,16,17,0,2640.3,38.74,67.7,rf,2,WIN,seam,no,17.809349890430973,6.596055514974434
3,1445,31,IND,0,31,159,KL Rahul,ST Gabriel,1,15,12,37.84,931,52.84,Right-hand bat,17,19,0,2640.3,38.74,67.7,rf,0,WIN,seam,no,17.809349890430973,6.596055514974434
3,1446,32,IND,0,31,159,KL Rahul,ST Gabriel,1,15,13,37.84,931,52.84,Right-hand bat,18,19,0,2640.3,38.74,67.7,rf,0,WIN,seam,no,17.809349890430973,6.596055514974434
