innings,match_balls,inn_balls,bat_team,team_wkts,team_score,team_lead,batter,bowler,bat_position,bat_score,bat_balls,bat_avg,career_bat_balls,bat_sr,bat_arm,bowl_balls,bowl_runs,bowl_wkts,career_bowl_balls,bowl_avg,bowl_sr,bowl_type,outcome,host_country,bowl_class,bat_win_toss,seam_factor,spin_factor
2,1997,1068,AUS,8,547,21,MG Johnson,Harbhajan Singh,10,5,16,56,187,59.89,Left-hand bat,270,121,0,16998.5,31.4,66.4,rob,0,AUS,spin,no,39.11934156378601,13.039780521262003
2,1998,1069,AUS,8,547,21,MG Johnson,Harbhajan Singh,10,5,17,56,187,59.89,Left-hand bat,271,121,0,16998.5,31.4,66.4,rob,0,AUS,spin,no,39.11934156378601,13.039780521262003
2,1999,1070,AUS,8,547,21,MG Johnson,Harbhajan Singh,10,5,18,56,187,59.89,Left-hand bat,272,121,0,16998.5,31.4,66.4,rob,0,AUS,spin,no,39.11934156378601,13.039780521262003
2,2000,1071,AUS,8,547,21,MG Johnson,Harbhajan Singh,10,5,19,56,187,59.89,Left-hand bat,273,121,0,16998.5,31.4,66.4,rob,0,AUS,spin,no,39.11934156378601,13.039780521262003
2,2001,1072,AUS,8,547,21,MG Johnson,Harbhajan Singh,10,5,20,56,187,59.89,Left-hand bat,274,121,0,16998.5,31.4,66.4,rob,0,AUS,spin,no,39.11934156378601,13.039780521262003
2,2002,1073,AUS,8,547,21,MG Johnson,Harbhajan Singh,10,5,21,56,187,59.89,Left-hand bat,275,121,0,16998.5,31.4,66.4,rob,1,AUS,spin,no,39.11934156378601,13.039780521262003
2,2011,1082,AUS,8,553,27,MG Johnson,Harbhajan Singh,10,9,24,56,187,59.89,Left-hand bat,278,123,0,16998.5,31.4,66.4,rob,0,AUS,spin,no,39.11934156378601,13.039780521262003
2,2012,1083,AUS,8,553,27,MG Johnson,Harbhajan Singh,10,9,25,56,187,59.89,Left-hand bat,279,123,0,16998.5,31.4,66.4,rob,0,AUS,spin,no,39.11934156378601,13.039780521262003
2,2013,1084,AUS,8,553,27,MG Johnson,Harbhajan Singh,10,9,26,56,187,59.89,Left-hand bat,280,123,0,16998.5,31.4,66.4,rob,4,AUS,spin,no,39.11934156378601,13.039780521262003
2,2014,1085,AUS,8,557,31,MG Johnson,Harbhajan Singh,10,13,27,56,187,59.89,Left-hand bat,281,127,0,16998.5,31.4,66.4,rob,W,AUS,spin,no,39.11934156378601,13.039780521262003
