innings,match_balls,inn_balls,bat_team,team_wkts,team_score,team_lead,batter,bowler,bat_position,bat_score,bat_balls,bat_avg,career_bat_balls,bat_sr,bat_arm,bowl_balls,bowl_runs,bowl_wkts,career_bowl_balls,bowl_avg,bowl_sr,bowl_type,outcome,host_country,bowl_class,bat_win_toss,seam_factor,spin_factor
3,1065,18,NZL,0,5,-236,JM How,JM Anderson,1,5,9,26.61,1093,51.14,Right-hand bat,6,0,0,4866,34.61,54.6,rfm,4,ENG,seam,yes,23.167777777777776,0.7988888888888889
3,1066,19,NZL,0,9,-232,JM How,JM Anderson,1,9,10,26.61,1093,51.14,Right-hand bat,7,4,0,4866,34.61,54.6,rfm,1,ENG,seam,yes,23.167777777777776,0.7988888888888889
3,1069,22,NZL,0,11,-230,JM How,JM Anderson,1,10,11,26.61,1093,51.14,Right-hand bat,10,6,0,4866,34.61,54.6,rfm,1,ENG,seam,yes,23.167777777777776,0.7988888888888889
3,1089,42,NZL,0,21,-220,JM How,JM Anderson,1,19,23,26.61,1093,51.14,Right-hand bat,18,7,0,4866,34.61,54.6,rfm,0,ENG,seam,yes,23.167777777777776,0.7988888888888889
3,1090,43,NZL,0,21,-220,JM How,JM Anderson,1,19,24,26.61,1093,51.14,Right-hand bat,19,7,0,4866,34.61,54.6,rfm,0,ENG,seam,yes,23.167777777777776,0.7988888888888889
3,1091,44,NZL,0,21,-220,JM How,JM Anderson,1,19,25,26.61,1093,51.14,Right-hand bat,20,7,0,4866,34.61,54.6,rfm,0,ENG,seam,yes,23.167777777777776,0.7988888888888889
3,1092,45,NZL,0,21,-220,JM How,JM Anderson,1,19,26,26.61,1093,51.14,Right-hand bat,21,7,0,4866,34.61,54.6,rfm,0,ENG,seam,yes,23.167777777777776,0.7988888888888889
3,1093,46,NZL,0,21,-220,JM How,JM Anderson,1,19,27,26.61,1093,51.14,Right-hand bat,22,7,0,4866,34.61,54.6,rfm,0,ENG,seam,yes,23.167777777777776,0.7988888888888889
3,1094,47,NZL,0,21,-220,JM How,JM Anderson,1,19,28,26.61,1093,51.14,Right-hand bat,23,7,0,4866,34.61,54.6,rfm,0,ENG,seam,yes,23.167777777777776,0.7988888888888889
