innings,match_balls,inn_balls,bat_team,team_wkts,team_score,team_lead,batter,bowler,bat_position,bat_score,bat_balls,bat_avg,career_bat_balls,bat_sr,bat_arm,bowl_balls,bowl_runs,bowl_wkts,career_bowl_balls,bowl_avg,bowl_sr,bowl_type,outcome,host_country,bowl_class,bat_win_toss,seam_factor,spin_factor
3,1157,140,ENG,3,75,-8,IR Bell,PL Harris,5,4,5,43.2,5707,50.72,Right-hand bat,7,1,0,3168.1,32.97,73.6,lo,0,ENG,spin,yes,30.139591836734695,3.888979591836735
3,1158,141,ENG,3,75,-8,IR Bell,PL Harris,5,4,6,43.2,5707,50.72,Right-hand bat,8,1,0,3168.1,32.97,73.6,lo,0,ENG,spin,yes,30.139591836734695,3.888979591836735
3,1159,142,ENG,3,75,-8,IR Bell,PL Harris,5,4,7,43.2,5707,50.72,Right-hand bat,9,1,0,3168.1,32.97,73.6,lo,0,ENG,spin,yes,30.139591836734695,3.888979591836735
3,1160,143,ENG,3,75,-8,IR Bell,PL Harris,5,4,8,43.2,5707,50.72,Right-hand bat,10,1,0,3168.1,32.97,73.6,lo,4,ENG,spin,yes,30.139591836734695,3.888979591836735
3,1161,144,ENG,3,79,-4,IR Bell,PL Harris,5,8,9,43.2,5707,50.72,Right-hand bat,11,5,0,3168.1,32.97,73.6,lo,0,ENG,spin,yes,30.139591836734695,3.888979591836735
3,1185,168,ENG,3,95,12,IR Bell,PL Harris,5,16,19,43.2,5707,50.72,Right-hand bat,23,8,0,3168.1,32.97,73.6,lo,0,ENG,spin,yes,30.139591836734695,3.888979591836735
3,1193,176,ENG,3,101,18,IR Bell,PL Harris,5,18,24,43.2,5707,50.72,Right-hand bat,25,9,0,3168.1,32.97,73.6,lo,1,ENG,spin,yes,30.139591836734695,3.888979591836735
3,1195,178,ENG,3,103,20,IR Bell,PL Harris,5,19,25,43.2,5707,50.72,Right-hand bat,27,11,0,3168.1,32.97,73.6,lo,1,ENG,spin,yes,30.139591836734695,3.888979591836735
