innings,match_balls,inn_balls,bat_team,team_wkts,team_score,team_lead,batter,bowler,bat_position,bat_score,bat_balls,bat_avg,career_bat_balls,bat_sr,bat_arm,bowl_balls,bowl_runs,bowl_wkts,career_bowl_balls,bowl_avg,bowl_sr,bowl_type,outcome,host_country,bowl_class,bat_win_toss,seam_factor,spin_factor
3,1381,412,RSA,6,201,79,M Morkel,JM Anderson,8,0,0,14.81,297,54.88,Left-hand bat,98,53,2,5904.2,34.51,56.7,rfm,0,ENG,seam,yes,23.963667820069205,6.21280276816609
3,1382,413,RSA,6,201,79,M Morkel,JM Anderson,8,0,1,14.81,297,54.88,Left-hand bat,99,53,2,5904.2,34.51,56.7,rfm,0,ENG,seam,yes,23.963667820069205,6.21280276816609
3,1383,414,RSA,6,201,79,M Morkel,JM Anderson,8,0,2,14.81,297,54.88,Left-hand bat,100,53,2,5904.2,34.51,56.7,rfm,0,ENG,seam,yes,23.963667820069205,6.21280276816609
3,1384,415,RSA,6,201,79,M Morkel,JM Anderson,8,0,3,14.81,297,54.88,Left-hand bat,101,53,2,5904.2,34.51,56.7,rfm,2,ENG,seam,yes,23.963667820069205,6.21280276816609
3,1385,416,RSA,6,203,81,M Morkel,JM Anderson,8,2,4,14.81,297,54.88,Left-hand bat,102,55,2,5904.2,34.51,56.7,rfm,2,ENG,seam,yes,23.963667820069205,6.21280276816609
3,1394,425,RSA,6,211,89,M Morkel,JM Anderson,8,4,8,14.81,297,54.88,Left-hand bat,105,60,2,5904.2,34.51,56.7,rfm,4,ENG,seam,yes,23.963667820069205,6.21280276816609
3,1395,426,RSA,6,215,93,M Morkel,JM Anderson,8,8,9,14.81,297,54.88,Left-hand bat,106,64,2,5904.2,34.51,56.7,rfm,0,ENG,seam,yes,23.963667820069205,6.21280276816609
3,1396,427,RSA,6,215,93,M Morkel,JM Anderson,8,8,10,14.81,297,54.88,Left-hand bat,107,64,2,5904.2,34.51,56.7,rfm,0,ENG,seam,yes,23.963667820069205,6.21280276816609
3,1397,428,RSA,6,215,93,M Morkel,JM Anderson,8,8,11,14.81,297,54.88,Left-hand bat,108,64,2,5904.2,34.51,56.7,rfm,0,ENG,seam,yes,23.963667820069205,6.21280276816609
