innings,match_balls,inn_balls,bat_team,team_wkts,team_score,team_lead,batter,bowler,bat_position,bat_score,bat_balls,bat_avg,career_bat_balls,bat_sr,bat_arm,bowl_balls,bowl_runs,bowl_wkts,career_bowl_balls,bowl_avg,bowl_sr,bowl_type,outcome,host_country,bowl_class,bat_win_toss,seam_factor,spin_factor
1,130,130,WIN,7,74,74,JE Taylor,A Nel,9,0,0,12.09,503,52.88,Right-hand bat,10,8,1,7260.2,31.22,61,rfm,4,RSA,seam,no,38.65277777777778,1.7569444444444444
1,131,131,WIN,7,78,78,JE Taylor,A Nel,9,4,1,12.09,503,52.88,Right-hand bat,11,12,1,7260.2,31.22,61,rfm,2,RSA,seam,no,38.65277777777778,1.7569444444444444
1,138,138,WIN,7,84,84,JE Taylor,A Nel,9,6,2,12.09,503,52.88,Right-hand bat,12,14,1,7260.2,31.22,61,rfm,1lb,RSA,seam,no,38.65277777777778,1.7569444444444444
1,140,140,WIN,7,86,86,JE Taylor,A Nel,9,6,3,12.09,503,52.88,Right-hand bat,14,15,1,7260.2,31.22,61,rfm,4,RSA,seam,no,38.65277777777778,1.7569444444444444
1,141,141,WIN,7,90,90,JE Taylor,A Nel,9,10,4,12.09,503,52.88,Right-hand bat,15,19,1,7260.2,31.22,61,rfm,4,RSA,seam,no,38.65277777777778,1.7569444444444444
1,142,142,WIN,7,94,94,JE Taylor,A Nel,9,14,5,12.09,503,52.88,Right-hand bat,16,23,1,7260.2,31.22,61,rfm,1,RSA,seam,no,38.65277777777778,1.7569444444444444
1,153,153,WIN,7,100,100,JE Taylor,A Nel,9,15,12,12.09,503,52.88,Right-hand bat,21,29,1,7260.2,31.22,61,rfm,0,RSA,seam,no,38.65277777777778,1.7569444444444444
1,154,154,WIN,7,100,100,JE Taylor,A Nel,9,15,13,12.09,503,52.88,Right-hand bat,22,29,1,7260.2,31.22,61,rfm,0,RSA,seam,no,38.65277777777778,1.7569444444444444
1,155,155,WIN,7,100,100,JE Taylor,A Nel,9,15,14,12.09,503,52.88,Right-hand bat,23,29,1,7260.2,31.22,61,rfm,0,RSA,seam,no,38.65277777777778,1.7569444444444444
