innings,match_balls,inn_balls,bat_team,team_wkts,team_score,team_lead,batter,bowler,bat_position,bat_score,bat_balls,bat_avg,career_bat_balls,bat_sr,bat_arm,bowl_balls,bowl_runs,bowl_wkts,career_bowl_balls,bowl_avg,bowl_sr,bowl_type,outcome,host_country,bowl_class,bat_win_toss,seam_factor,spin_factor
1,135,135,BAN,4,71,71,Aftab Ahmed,KD Mills,6,0,4,19.31,810,52.46,Right-hand bat,45,17,1,1272.4,28.91,55.4,rfm,0,NZL,seam,no,18.74888888888889,2.1633333333333336
1,136,136,BAN,4,71,71,Aftab Ahmed,KD Mills,6,0,5,19.31,810,52.46,Right-hand bat,46,17,1,1272.4,28.91,55.4,rfm,0,NZL,seam,no,18.74888888888889,2.1633333333333336
1,137,137,BAN,4,71,71,Aftab Ahmed,KD Mills,6,0,6,19.31,810,52.46,Right-hand bat,47,17,1,1272.4,28.91,55.4,rfm,0,NZL,seam,no,18.74888888888889,2.1633333333333336
1,144,144,BAN,5,71,71,Aftab Ahmed,KD Mills,6,0,7,19.31,810,52.46,Right-hand bat,48,17,1,1272.4,28.91,55.4,rfm,0,NZL,seam,no,18.74888888888889,2.1633333333333336
1,145,145,BAN,5,71,71,Aftab Ahmed,KD Mills,6,0,8,19.31,810,52.46,Right-hand bat,49,17,1,1272.4,28.91,55.4,rfm,0,NZL,seam,no,18.74888888888889,2.1633333333333336
1,146,146,BAN,5,71,71,Aftab Ahmed,KD Mills,6,0,9,19.31,810,52.46,Right-hand bat,50,17,1,1272.4,28.91,55.4,rfm,0,NZL,seam,no,18.74888888888889,2.1633333333333336
1,147,147,BAN,5,71,71,Aftab Ahmed,KD Mills,6,0,10,19.31,810,52.46,Right-hand bat,51,17,1,1272.4,28.91,55.4,rfm,0,NZL,seam,no,18.74888888888889,2.1633333333333336
1,148,148,BAN,5,71,71,Aftab Ahmed,KD Mills,6,0,11,19.31,810,52.46,Right-hand bat,52,17,1,1272.4,28.91,55.4,rfm,2,NZL,seam,no,18.74888888888889,2.1633333333333336
1,149,149,BAN,5,73,73,Aftab Ahmed,KD Mills,6,2,12,19.31,810,52.46,Right-hand bat,53,19,1,1272.4,28.91,55.4,rfm,0,NZL,seam,no,18.74888888888889,2.1633333333333336
