innings,match_balls,inn_balls,bat_team,team_wkts,team_score,team_lead,batter,bowler,bat_position,bat_score,bat_balls,bat_avg,career_bat_balls,bat_sr,bat_arm,bowl_balls,bowl_runs,bowl_wkts,career_bowl_balls,bowl_avg,bowl_sr,bowl_type,outcome,host_country,bowl_class,bat_win_toss,seam_factor,spin_factor
4,1849,192,WIN,1,139,-335,RR Sarwan,MJ Clarke,3,37,45,40.4,10738,45.52,Right-hand bat,0,0,0,768.1,21.31,48,lo,1,WIN,spin,yes,27.44326530612245,9.499591836734693
4,1861,204,WIN,1,151,-323,RR Sarwan,MJ Clarke,3,38,48,40.4,10738,45.52,Right-hand bat,6,7,0,768.1,21.31,48,lo,1,WIN,spin,yes,27.44326530612245,9.499591836734693
4,1863,206,WIN,1,153,-321,RR Sarwan,MJ Clarke,3,39,49,40.4,10738,45.52,Right-hand bat,8,9,0,768.1,21.31,48,lo,0,WIN,spin,yes,27.44326530612245,9.499591836734693
4,1864,207,WIN,1,153,-321,RR Sarwan,MJ Clarke,3,39,50,40.4,10738,45.52,Right-hand bat,9,9,0,768.1,21.31,48,lo,0,WIN,spin,yes,27.44326530612245,9.499591836734693
4,1865,208,WIN,1,153,-321,RR Sarwan,MJ Clarke,3,39,51,40.4,10738,45.52,Right-hand bat,10,9,0,768.1,21.31,48,lo,0,WIN,spin,yes,27.44326530612245,9.499591836734693
4,1866,209,WIN,1,153,-321,RR Sarwan,MJ Clarke,3,39,52,40.4,10738,45.52,Right-hand bat,11,9,0,768.1,21.31,48,lo,2,WIN,spin,yes,27.44326530612245,9.499591836734693
4,1873,216,WIN,1,157,-317,RR Sarwan,MJ Clarke,3,42,54,40.4,10738,45.52,Right-hand bat,12,11,0,768.1,21.31,48,lo,1,WIN,spin,yes,27.44326530612245,9.499591836734693
4,1877,220,WIN,1,159,-315,RR Sarwan,MJ Clarke,3,43,55,40.4,10738,45.52,Right-hand bat,16,13,0,768.1,21.31,48,lo,W,WIN,spin,yes,27.44326530612245,9.499591836734693
