innings,match_balls,inn_balls,bat_team,team_wkts,team_score,team_lead,batter,bowler,bat_position,bat_score,bat_balls,bat_avg,career_bat_balls,bat_sr,bat_arm,bowl_balls,bowl_runs,bowl_wkts,career_bowl_balls,bowl_avg,bowl_sr,bowl_type,outcome,host_country,bowl_class,bat_win_toss,seam_factor,spin_factor
3,700,0,BAN,0,0,22,Tamim Iqbal,DW Steyn,1,0,0,30.8,255,60.39,Left-hand bat,0,0,0,3588.5,22.32,36.6,rf,2,BAN,seam,yes,17.119999999999997,4.279999999999999
3,701,1,BAN,0,2,24,Tamim Iqbal,DW Steyn,1,2,1,30.8,255,60.39,Left-hand bat,1,2,0,3588.5,22.32,36.6,rf,0,BAN,seam,yes,17.119999999999997,4.279999999999999
3,702,2,BAN,0,2,24,Tamim Iqbal,DW Steyn,1,2,2,30.8,255,60.39,Left-hand bat,2,2,0,3588.5,22.32,36.6,rf,0,BAN,seam,yes,17.119999999999997,4.279999999999999
3,703,3,BAN,0,2,24,Tamim Iqbal,DW Steyn,1,2,3,30.8,255,60.39,Left-hand bat,3,2,0,3588.5,22.32,36.6,rf,0,BAN,seam,yes,17.119999999999997,4.279999999999999
3,704,4,BAN,0,2,24,Tamim Iqbal,DW Steyn,1,2,4,30.8,255,60.39,Left-hand bat,4,2,0,3588.5,22.32,36.6,rf,0,BAN,seam,yes,17.119999999999997,4.279999999999999
3,705,5,BAN,0,2,24,Tamim Iqbal,DW Steyn,1,2,5,30.8,255,60.39,Left-hand bat,5,2,0,3588.5,22.32,36.6,rf,0,BAN,seam,yes,17.119999999999997,4.279999999999999
3,712,12,BAN,0,2,24,Tamim Iqbal,DW Steyn,1,2,6,30.8,255,60.39,Left-hand bat,6,2,0,3588.5,22.32,36.6,rf,0,BAN,seam,yes,17.119999999999997,4.279999999999999
3,713,13,BAN,0,2,24,Tamim Iqbal,DW Steyn,1,2,7,30.8,255,60.39,Left-hand bat,7,2,0,3588.5,22.32,36.6,rf,0,BAN,seam,yes,17.119999999999997,4.279999999999999
3,714,14,BAN,0,2,24,Tamim Iqbal,DW Steyn,1,2,8,30.8,255,60.39,Left-hand bat,8,2,0,3588.5,22.32,36.6,rf,0,BAN,seam,yes,17.119999999999997,4.279999999999999
3,715,15,BAN,0,2,24,Tamim Iqbal,DW Steyn,1,2,9,30.8,255,60.39,Left-hand bat,9,2,0,3588.5,22.32,36.6,rf,0,BAN,seam,yes,17.119999999999997,4.279999999999999
3,716,16,BAN,0,2,24,Tamim Iqbal,DW Steyn,1,2,10,30.8,255,60.39,Left-hand bat,10,2,0,3588.5,22.32,36.6,rf,1wd,BAN,seam,yes,17.119999999999997,4.279999999999999
3,717,17,BAN,0,3,25,Tamim Iqbal,DW Steyn,1,2,10,30.8,255,60.39,Left-hand bat,11,3,0,3588.5,22.32,36.6,rf,W,BAN,seam,yes,17.119999999999997,4.279999999999999
