innings,match_balls,inn_balls,bat_team,team_wkts,team_score,team_lead,batter,bowler,bat_position,bat_score,bat_balls,bat_avg,career_bat_balls,bat_sr,bat_arm,bowl_balls,bowl_runs,bowl_wkts,career_bowl_balls,bowl_avg,bowl_sr,bowl_type,outcome,host_country,bowl_class,bat_win_toss,seam_factor,spin_factor
1,627,627,RSA,5,376,376,MV Boucher,SC Ganguly,7,9,13,30.28,8357,50,Right-hand bat,8,3,0,3030.2,50.93,94.7,rm,0,IND,seam,yes,19.174400000000002,40.745599999999996
1,628,628,RSA,5,376,376,MV Boucher,SC Ganguly,7,9,14,30.28,8357,50,Right-hand bat,9,3,0,3030.2,50.93,94.7,rm,0,IND,seam,yes,19.174400000000002,40.745599999999996
1,629,629,RSA,5,376,376,MV Boucher,SC Ganguly,7,9,15,30.28,8357,50,Right-hand bat,10,3,0,3030.2,50.93,94.7,rm,1,IND,seam,yes,19.174400000000002,40.745599999999996
1,637,637,RSA,5,382,382,MV Boucher,SC Ganguly,7,11,22,30.28,8357,50,Right-hand bat,12,8,0,3030.2,50.93,94.7,rm,0,IND,seam,yes,19.174400000000002,40.745599999999996
1,638,638,RSA,5,382,382,MV Boucher,SC Ganguly,7,11,23,30.28,8357,50,Right-hand bat,13,8,0,3030.2,50.93,94.7,rm,0,IND,seam,yes,19.174400000000002,40.745599999999996
1,639,639,RSA,5,382,382,MV Boucher,SC Ganguly,7,11,24,30.28,8357,50,Right-hand bat,14,8,0,3030.2,50.93,94.7,rm,0,IND,seam,yes,19.174400000000002,40.745599999999996
1,640,640,RSA,5,382,382,MV Boucher,SC Ganguly,7,11,25,30.28,8357,50,Right-hand bat,15,8,0,3030.2,50.93,94.7,rm,0,IND,seam,yes,19.174400000000002,40.745599999999996
1,641,641,RSA,5,382,382,MV Boucher,SC Ganguly,7,11,26,30.28,8357,50,Right-hand bat,16,8,0,3030.2,50.93,94.7,rm,0,IND,seam,yes,19.174400000000002,40.745599999999996
1,642,642,RSA,5,382,382,MV Boucher,SC Ganguly,7,11,27,30.28,8357,50,Right-hand bat,17,8,0,3030.2,50.93,94.7,rm,4,IND,seam,yes,19.174400000000002,40.745599999999996
