innings,match_balls,inn_balls,bat_team,team_wkts,team_score,team_lead,batter,bowler,bat_position,bat_score,bat_balls,bat_avg,career_bat_balls,bat_sr,bat_arm,bowl_balls,bowl_runs,bowl_wkts,career_bowl_balls,bowl_avg,bowl_sr,bowl_type,outcome,host_country,bowl_class,bat_win_toss,seam_factor,spin_factor
3,1287,311,IND,4,178,-240,MS Dhoni,JH Kallis,6,23,60,33.8,2196,63.11,Right-hand bat,42,16,1,15354.5,31.2,66.7,rfm,0,IND,seam,yes,25.868312757201647,7.390946502057613
3,1288,312,IND,4,178,-240,MS Dhoni,JH Kallis,6,23,61,33.8,2196,63.11,Right-hand bat,43,16,1,15354.5,31.2,66.7,rfm,0,IND,seam,yes,25.868312757201647,7.390946502057613
3,1289,313,IND,4,178,-240,MS Dhoni,JH Kallis,6,23,62,33.8,2196,63.11,Right-hand bat,44,16,1,15354.5,31.2,66.7,rfm,1,IND,seam,yes,25.868312757201647,7.390946502057613
3,1300,324,IND,4,184,-234,MS Dhoni,JH Kallis,6,24,67,33.8,2196,63.11,Right-hand bat,49,20,1,15354.5,31.2,66.7,rfm,0,IND,seam,yes,25.868312757201647,7.390946502057613
3,1301,325,IND,4,184,-234,MS Dhoni,JH Kallis,6,24,68,33.8,2196,63.11,Right-hand bat,50,20,1,15354.5,31.2,66.7,rfm,0,IND,seam,yes,25.868312757201647,7.390946502057613
3,1302,326,IND,4,184,-234,MS Dhoni,JH Kallis,6,24,69,33.8,2196,63.11,Right-hand bat,51,20,1,15354.5,31.2,66.7,rfm,1,IND,seam,yes,25.868312757201647,7.390946502057613
3,1311,335,IND,4,186,-232,MS Dhoni,JH Kallis,6,26,75,33.8,2196,63.11,Right-hand bat,54,21,1,15354.5,31.2,66.7,rfm,0,IND,seam,yes,25.868312757201647,7.390946502057613
3,1312,336,IND,4,186,-232,MS Dhoni,JH Kallis,6,26,76,33.8,2196,63.11,Right-hand bat,55,21,1,15354.5,31.2,66.7,rfm,1,IND,seam,yes,25.868312757201647,7.390946502057613
3,1314,338,IND,4,188,-230,MS Dhoni,JH Kallis,6,27,77,33.8,2196,63.11,Right-hand bat,57,23,1,15354.5,31.2,66.7,rfm,1,IND,seam,yes,25.868312757201647,7.390946502057613
