innings,match_balls,inn_balls,bat_team,team_wkts,team_score,team_lead,batter,bowler,bat_position,bat_score,bat_balls,bat_avg,career_bat_balls,bat_sr,bat_arm,bowl_balls,bowl_runs,bowl_wkts,career_bowl_balls,bowl_avg,bowl_sr,bowl_type,outcome,host_country,bowl_class,bat_win_toss,seam_factor,spin_factor
1,678,678,SRL,4,392,392,TM Dilshan,SC Ganguly,6,5,21,39.23,4226,58.49,Right-hand bat,31,15,0,3096.2,52.06,96.8,rm,0,SRL,seam,yes,7.107988165680473,29.853550295857985
1,679,679,SRL,4,392,392,TM Dilshan,SC Ganguly,6,5,22,39.23,4226,58.49,Right-hand bat,32,15,0,3096.2,52.06,96.8,rm,0,SRL,seam,yes,7.107988165680473,29.853550295857985
1,680,680,SRL,4,392,392,TM Dilshan,SC Ganguly,6,5,23,39.23,4226,58.49,Right-hand bat,33,15,0,3096.2,52.06,96.8,rm,0,SRL,seam,yes,7.107988165680473,29.853550295857985
1,681,681,SRL,4,392,392,TM Dilshan,SC Ganguly,6,5,24,39.23,4226,58.49,Right-hand bat,34,15,0,3096.2,52.06,96.8,rm,0,SRL,seam,yes,7.107988165680473,29.853550295857985
1,682,682,SRL,4,392,392,TM Dilshan,SC Ganguly,6,5,25,39.23,4226,58.49,Right-hand bat,35,15,0,3096.2,52.06,96.8,rm,0,SRL,seam,yes,7.107988165680473,29.853550295857985
1,691,691,SRL,4,394,394,TM Dilshan,SC Ganguly,6,5,31,39.23,4226,58.49,Right-hand bat,38,16,0,3096.2,52.06,96.8,rm,0,SRL,seam,yes,7.107988165680473,29.853550295857985
1,692,692,SRL,4,394,394,TM Dilshan,SC Ganguly,6,5,32,39.23,4226,58.49,Right-hand bat,39,16,0,3096.2,52.06,96.8,rm,0,SRL,seam,yes,7.107988165680473,29.853550295857985
1,693,693,SRL,4,394,394,TM Dilshan,SC Ganguly,6,5,33,39.23,4226,58.49,Right-hand bat,40,16,0,3096.2,52.06,96.8,rm,0,SRL,seam,yes,7.107988165680473,29.853550295857985
1,694,694,SRL,4,394,394,TM Dilshan,SC Ganguly,6,5,34,39.23,4226,58.49,Right-hand bat,41,16,0,3096.2,52.06,96.8,rm,0,SRL,seam,yes,7.107988165680473,29.853550295857985
