innings,match_balls,inn_balls,bat_team,team_wkts,team_score,team_lead,batter,bowler,bat_position,bat_score,bat_balls,bat_avg,career_bat_balls,bat_sr,bat_arm,bowl_balls,bowl_runs,bowl_wkts,career_bowl_balls,bowl_avg,bowl_sr,bowl_type,outcome,host_country,bowl_class,bat_win_toss,seam_factor,spin_factor
4,2098,31,IND,1,16,-282,R Dravid,SR Clark,3,0,0,53.65,24550,41.96,Right-hand bat,13,6,1,4218.4,22.06,51.4,rfm,0,IND,seam,no,31.866666666666667,7.966666666666667
4,2099,32,IND,1,16,-282,R Dravid,SR Clark,3,0,1,53.65,24550,41.96,Right-hand bat,14,6,1,4218.4,22.06,51.4,rfm,0,IND,seam,no,31.866666666666667,7.966666666666667
4,2100,33,IND,1,16,-282,R Dravid,SR Clark,3,0,2,53.65,24550,41.96,Right-hand bat,15,6,1,4218.4,22.06,51.4,rfm,0,IND,seam,no,31.866666666666667,7.966666666666667
4,2101,34,IND,1,16,-282,R Dravid,SR Clark,3,0,3,53.65,24550,41.96,Right-hand bat,16,6,1,4218.4,22.06,51.4,rfm,0,IND,seam,no,31.866666666666667,7.966666666666667
4,2102,35,IND,1,16,-282,R Dravid,SR Clark,3,0,4,53.65,24550,41.96,Right-hand bat,17,6,1,4218.4,22.06,51.4,rfm,0,IND,seam,no,31.866666666666667,7.966666666666667
4,2112,45,IND,1,23,-275,R Dravid,SR Clark,3,4,6,53.65,24550,41.96,Right-hand bat,20,6,1,4218.4,22.06,51.4,rfm,0,IND,seam,no,31.866666666666667,7.966666666666667
4,2113,46,IND,1,23,-275,R Dravid,SR Clark,3,4,7,53.65,24550,41.96,Right-hand bat,21,6,1,4218.4,22.06,51.4,rfm,0,IND,seam,no,31.866666666666667,7.966666666666667
4,2114,47,IND,1,23,-275,R Dravid,SR Clark,3,4,8,53.65,24550,41.96,Right-hand bat,22,6,1,4218.4,22.06,51.4,rfm,0,IND,seam,no,31.866666666666667,7.966666666666667
4,2115,48,IND,1,23,-275,R Dravid,SR Clark,3,4,9,53.65,24550,41.96,Right-hand bat,23,6,1,4218.4,22.06,51.4,rfm,1,IND,seam,no,31.866666666666667,7.966666666666667
