innings,match_balls,inn_balls,bat_team,team_wkts,team_score,team_lead,batter,bowler,bat_position,bat_score,bat_balls,bat_avg,career_bat_balls,bat_sr,bat_arm,bowl_balls,bowl_runs,bowl_wkts,career_bowl_balls,bowl_avg,bowl_sr,bowl_type,outcome,host_country,bowl_class,bat_win_toss,seam_factor,spin_factor
2,956,178,AUS,3,70,-399,MJ Clarke,Z Khan,5,3,25,45.5,4208,55.15,Right-hand bat,57,16,1,11478.5,33.65,61,lfm,0,IND,seam,no,19.45087235996327,18.306703397612488
2,957,179,AUS,3,70,-399,MJ Clarke,Z Khan,5,3,26,45.5,4208,55.15,Right-hand bat,58,16,1,11478.5,33.65,61,lfm,0,IND,seam,no,19.45087235996327,18.306703397612488
2,958,180,AUS,3,70,-399,MJ Clarke,Z Khan,5,3,27,45.5,4208,55.15,Right-hand bat,59,16,1,11478.5,33.65,61,lfm,0,IND,seam,no,19.45087235996327,18.306703397612488
2,959,181,AUS,3,70,-399,MJ Clarke,Z Khan,5,3,28,45.5,4208,55.15,Right-hand bat,60,16,1,11478.5,33.65,61,lfm,0,IND,seam,no,19.45087235996327,18.306703397612488
2,971,193,AUS,3,73,-396,MJ Clarke,Z Khan,5,3,34,45.5,4208,55.15,Right-hand bat,65,17,1,11478.5,33.65,61,lfm,0,IND,seam,no,19.45087235996327,18.306703397612488
2,972,194,AUS,3,73,-396,MJ Clarke,Z Khan,5,3,35,45.5,4208,55.15,Right-hand bat,66,17,1,11478.5,33.65,61,lfm,4,IND,seam,no,19.45087235996327,18.306703397612488
2,979,201,AUS,3,83,-386,MJ Clarke,Z Khan,5,12,38,45.5,4208,55.15,Right-hand bat,67,21,1,11478.5,33.65,61,lfm,0,IND,seam,no,19.45087235996327,18.306703397612488
2,980,202,AUS,3,83,-386,MJ Clarke,Z Khan,5,12,39,45.5,4208,55.15,Right-hand bat,68,21,1,11478.5,33.65,61,lfm,3,IND,seam,no,19.45087235996327,18.306703397612488
