innings,match_balls,inn_balls,bat_team,team_wkts,team_score,team_lead,batter,bowler,bat_position,bat_score,bat_balls,bat_avg,career_bat_balls,bat_sr,bat_arm,bowl_balls,bowl_runs,bowl_wkts,career_bowl_balls,bowl_avg,bowl_sr,bowl_type,outcome,host_country,bowl_class,bat_win_toss,seam_factor,spin_factor
3,1382,384,ENG,5,260,470,A Flintoff,BW Hilfenhaus,7,0,0,31.71,6081,61.53,Right-hand bat,99,42,1,1302,40.75,81.3,rfm,0,ENG,seam,yes,29.3179012345679,8.376543209876543
3,1383,385,ENG,5,260,470,A Flintoff,BW Hilfenhaus,7,0,1,31.71,6081,61.53,Right-hand bat,100,42,1,1302,40.75,81.3,rfm,0,ENG,seam,yes,29.3179012345679,8.376543209876543
3,1384,386,ENG,5,260,470,A Flintoff,BW Hilfenhaus,7,0,2,31.71,6081,61.53,Right-hand bat,101,42,1,1302,40.75,81.3,rfm,4,ENG,seam,yes,29.3179012345679,8.376543209876543
3,1385,387,ENG,5,264,474,A Flintoff,BW Hilfenhaus,7,4,3,31.71,6081,61.53,Right-hand bat,102,46,1,1302,40.75,81.3,rfm,0,ENG,seam,yes,29.3179012345679,8.376543209876543
3,1395,397,ENG,5,274,484,A Flintoff,BW Hilfenhaus,7,5,5,31.71,6081,61.53,Right-hand bat,106,49,1,1302,40.75,81.3,rfm,0,ENG,seam,yes,29.3179012345679,8.376543209876543
3,1396,398,ENG,5,274,484,A Flintoff,BW Hilfenhaus,7,5,6,31.71,6081,61.53,Right-hand bat,107,49,1,1302,40.75,81.3,rfm,0,ENG,seam,yes,29.3179012345679,8.376543209876543
3,1397,399,ENG,5,274,484,A Flintoff,BW Hilfenhaus,7,5,7,31.71,6081,61.53,Right-hand bat,108,49,1,1302,40.75,81.3,rfm,1nb,ENG,seam,yes,29.3179012345679,8.376543209876543
3,1398,400,ENG,5,275,485,A Flintoff,BW Hilfenhaus,7,5,8,31.71,6081,61.53,Right-hand bat,109,50,1,1302,40.75,81.3,rfm,1,ENG,seam,yes,29.3179012345679,8.376543209876543
3,1406,408,ENG,5,283,493,A Flintoff,BW Hilfenhaus,7,11,13,31.71,6081,61.53,Right-hand bat,111,52,1,1302,40.75,81.3,rfm,1nb,ENG,seam,yes,29.3179012345679,8.376543209876543
