innings,match_balls,inn_balls,bat_team,team_wkts,team_score,team_lead,batter,bowler,bat_position,bat_score,bat_balls,bat_avg,career_bat_balls,bat_sr,bat_arm,bowl_balls,bowl_runs,bowl_wkts,career_bowl_balls,bowl_avg,bowl_sr,bowl_type,outcome,host_country,bowl_class,bat_win_toss,seam_factor,spin_factor
1,544,544,ENG,9,309,309,SJ Harmison,PM Siddle,11,0,0,11.79,1299,57.19,Right-hand bat,119,63,4,2832.5,28.93,57.8,rfm,0,ENG,seam,yes,19.937541091387246,11.165023011176858
1,545,545,ENG,9,309,309,SJ Harmison,PM Siddle,11,0,1,11.79,1299,57.19,Right-hand bat,120,63,4,2832.5,28.93,57.8,rfm,1lb,ENG,seam,yes,19.937541091387246,11.165023011176858
1,555,555,ENG,9,319,319,SJ Harmison,PM Siddle,11,4,6,11.79,1299,57.19,Right-hand bat,124,65,4,2832.5,28.93,57.8,rfm,0,ENG,seam,yes,19.937541091387246,11.165023011176858
1,556,556,ENG,9,319,319,SJ Harmison,PM Siddle,11,4,7,11.79,1299,57.19,Right-hand bat,125,65,4,2832.5,28.93,57.8,rfm,0,ENG,seam,yes,19.937541091387246,11.165023011176858
1,557,557,ENG,9,319,319,SJ Harmison,PM Siddle,11,4,8,11.79,1299,57.19,Right-hand bat,126,65,4,2832.5,28.93,57.8,rfm,1nb,ENG,seam,yes,19.937541091387246,11.165023011176858
1,558,558,ENG,9,324,324,SJ Harmison,PM Siddle,11,8,9,11.79,1299,57.19,Right-hand bat,127,66,4,2832.5,28.93,57.8,rfm,0,ENG,seam,yes,19.937541091387246,11.165023011176858
1,559,559,ENG,9,324,324,SJ Harmison,PM Siddle,11,8,10,11.79,1299,57.19,Right-hand bat,128,66,4,2832.5,28.93,57.8,rfm,4,ENG,seam,yes,19.937541091387246,11.165023011176858
1,560,560,ENG,9,328,328,SJ Harmison,PM Siddle,11,12,11,11.79,1299,57.19,Right-hand bat,129,70,4,2832.5,28.93,57.8,rfm,0,ENG,seam,yes,19.937541091387246,11.165023011176858
