innings,match_balls,inn_balls,bat_team,team_wkts,team_score,team_lead,batter,bowler,bat_position,bat_score,bat_balls,bat_avg,career_bat_balls,bat_sr,bat_arm,bowl_balls,bowl_runs,bowl_wkts,career_bowl_balls,bowl_avg,bowl_sr,bowl_type,outcome,host_country,bowl_class,bat_win_toss,seam_factor,spin_factor
4,2049,581,AUS,7,328,-217,PM Siddle,GP Swann,9,1,1,14.07,364,54.12,Right-hand bat,222,111,4,2940.1,30.39,61.2,rob,0,ENG,spin,no,19.937541091387246,11.165023011176858
4,2050,582,AUS,7,328,-217,PM Siddle,GP Swann,9,1,2,14.07,364,54.12,Right-hand bat,223,111,4,2940.1,30.39,61.2,rob,0,ENG,spin,no,19.937541091387246,11.165023011176858
4,2051,583,AUS,7,328,-217,PM Siddle,GP Swann,9,1,3,14.07,364,54.12,Right-hand bat,224,111,4,2940.1,30.39,61.2,rob,0,ENG,spin,no,19.937541091387246,11.165023011176858
4,2052,584,AUS,7,328,-217,PM Siddle,GP Swann,9,1,4,14.07,364,54.12,Right-hand bat,225,111,4,2940.1,30.39,61.2,rob,4,ENG,spin,no,19.937541091387246,11.165023011176858
4,2053,585,AUS,7,332,-213,PM Siddle,GP Swann,9,5,5,14.07,364,54.12,Right-hand bat,226,115,4,2940.1,30.39,61.2,rob,0,ENG,spin,no,19.937541091387246,11.165023011176858
4,2054,586,AUS,7,332,-213,PM Siddle,GP Swann,9,5,6,14.07,364,54.12,Right-hand bat,227,115,4,2940.1,30.39,61.2,rob,2,ENG,spin,no,19.937541091387246,11.165023011176858
4,2061,593,AUS,7,340,-205,PM Siddle,GP Swann,9,7,7,14.07,364,54.12,Right-hand bat,228,117,4,2940.1,30.39,61.2,rob,2,ENG,spin,no,19.937541091387246,11.165023011176858
4,2062,594,AUS,7,342,-203,PM Siddle,GP Swann,9,9,8,14.07,364,54.12,Right-hand bat,229,119,4,2940.1,30.39,61.2,rob,0,ENG,spin,no,19.937541091387246,11.165023011176858
4,2063,595,AUS,7,342,-203,PM Siddle,GP Swann,9,9,9,14.07,364,54.12,Right-hand bat,230,119,4,2940.1,30.39,61.2,rob,1,ENG,spin,no,19.937541091387246,11.165023011176858
