innings,match_balls,inn_balls,bat_team,team_wkts,team_score,team_lead,batter,bowler,bat_position,bat_score,bat_balls,bat_avg,career_bat_balls,bat_sr,bat_arm,bowl_balls,bowl_runs,bowl_wkts,career_bowl_balls,bowl_avg,bowl_sr,bowl_type,outcome,host_country,bowl_class,bat_win_toss,seam_factor,spin_factor
3,2113,491,AUS,9,240,175,PM Siddle,M Ntini,11,1,3,13,131,39.69,Right-hand bat,72,24,1,19518.2,27.85,51.7,rf,0,AUS,seam,yes,34.7117585848075,6.675338189386056
3,2114,492,AUS,9,240,175,PM Siddle,M Ntini,11,1,4,13,131,39.69,Right-hand bat,73,24,1,19518.2,27.85,51.7,rf,0,AUS,seam,yes,34.7117585848075,6.675338189386056
3,2115,493,AUS,9,240,175,PM Siddle,M Ntini,11,1,5,13,131,39.69,Right-hand bat,74,24,1,19518.2,27.85,51.7,rf,1,AUS,seam,yes,34.7117585848075,6.675338189386056
3,2118,496,AUS,9,242,177,PM Siddle,M Ntini,11,2,6,13,131,39.69,Right-hand bat,77,25,1,19518.2,27.85,51.7,rf,0,AUS,seam,yes,34.7117585848075,6.675338189386056
3,2125,503,AUS,9,246,181,PM Siddle,M Ntini,11,5,11,13,131,39.69,Right-hand bat,78,25,1,19518.2,27.85,51.7,rf,0,AUS,seam,yes,34.7117585848075,6.675338189386056
3,2126,504,AUS,9,246,181,PM Siddle,M Ntini,11,5,12,13,131,39.69,Right-hand bat,79,25,1,19518.2,27.85,51.7,rf,0,AUS,seam,yes,34.7117585848075,6.675338189386056
3,2127,505,AUS,9,246,181,PM Siddle,M Ntini,11,5,13,13,131,39.69,Right-hand bat,80,25,1,19518.2,27.85,51.7,rf,0,AUS,seam,yes,34.7117585848075,6.675338189386056
3,2128,506,AUS,9,246,181,PM Siddle,M Ntini,11,5,14,13,131,39.69,Right-hand bat,81,25,1,19518.2,27.85,51.7,rf,0,AUS,seam,yes,34.7117585848075,6.675338189386056
3,2129,507,AUS,9,246,181,PM Siddle,M Ntini,11,5,15,13,131,39.69,Right-hand bat,82,25,1,19518.2,27.85,51.7,rf,1,AUS,seam,yes,34.7117585848075,6.675338189386056
