innings,match_balls,inn_balls,bat_team,team_wkts,team_score,team_lead,batter,bowler,bat_position,bat_score,bat_balls,bat_avg,career_bat_balls,bat_sr,bat_arm,bowl_balls,bowl_runs,bowl_wkts,career_bowl_balls,bowl_avg,bowl_sr,bowl_type,outcome,host_country,bowl_class,bat_win_toss,seam_factor,spin_factor
1,397,397,AUS,5,179,179,BJ Haddin,M Morkel,7,6,21,38.73,1431,51.43,Right-hand bat,88,39,1,2640.1,33.08,53.8,rf,0,AUS,seam,yes,31.512110726643602,6.752595155709343
1,398,398,AUS,5,179,179,BJ Haddin,M Morkel,7,6,22,38.73,1431,51.43,Right-hand bat,89,39,1,2640.1,33.08,53.8,rf,0,AUS,seam,yes,31.512110726643602,6.752595155709343
1,399,399,AUS,5,179,179,BJ Haddin,M Morkel,7,6,23,38.73,1431,51.43,Right-hand bat,90,39,1,2640.1,33.08,53.8,rf,1nb,AUS,seam,yes,31.512110726643602,6.752595155709343
1,400,400,AUS,5,180,180,BJ Haddin,M Morkel,7,6,24,38.73,1431,51.43,Right-hand bat,91,40,1,2640.1,33.08,53.8,rf,0,AUS,seam,yes,31.512110726643602,6.752595155709343
1,401,401,AUS,5,180,180,BJ Haddin,M Morkel,7,6,25,38.73,1431,51.43,Right-hand bat,92,40,1,2640.1,33.08,53.8,rf,0,AUS,seam,yes,31.512110726643602,6.752595155709343
1,402,402,AUS,5,180,180,BJ Haddin,M Morkel,7,6,26,38.73,1431,51.43,Right-hand bat,93,40,1,2640.1,33.08,53.8,rf,0,AUS,seam,yes,31.512110726643602,6.752595155709343
1,403,403,AUS,5,180,180,BJ Haddin,M Morkel,7,6,27,38.73,1431,51.43,Right-hand bat,94,40,1,2640.1,33.08,53.8,rf,1,AUS,seam,yes,31.512110726643602,6.752595155709343
