innings,match_balls,inn_balls,bat_team,team_wkts,team_score,team_lead,batter,bowler,bat_position,bat_score,bat_balls,bat_avg,career_bat_balls,bat_sr,bat_arm,bowl_balls,bowl_runs,bowl_wkts,career_bowl_balls,bowl_avg,bowl_sr,bowl_type,outcome,host_country,bowl_class,bat_win_toss,seam_factor,spin_factor
2,1139,366,IND,7,212,-104,Z Khan,MS Panesar,9,0,0,12.57,1551,49.45,Right-hand bat,91,55,2,7974.1,32.58,68.1,lo,0,IND,spin,no,18.43893480257117,19.591368227731863
2,1140,367,IND,7,212,-104,Z Khan,MS Panesar,9,0,1,12.57,1551,49.45,Right-hand bat,92,55,2,7974.1,32.58,68.1,lo,0,IND,spin,no,18.43893480257117,19.591368227731863
2,1141,368,IND,7,212,-104,Z Khan,MS Panesar,9,0,2,12.57,1551,49.45,Right-hand bat,93,55,2,7974.1,32.58,68.1,lo,0,IND,spin,no,18.43893480257117,19.591368227731863
2,1142,369,IND,7,212,-104,Z Khan,MS Panesar,9,0,3,12.57,1551,49.45,Right-hand bat,94,55,2,7974.1,32.58,68.1,lo,0,IND,spin,no,18.43893480257117,19.591368227731863
2,1143,370,IND,7,212,-104,Z Khan,MS Panesar,9,0,4,12.57,1551,49.45,Right-hand bat,95,55,2,7974.1,32.58,68.1,lo,0,IND,spin,no,18.43893480257117,19.591368227731863
2,1152,379,IND,7,216,-100,Z Khan,MS Panesar,9,1,9,12.57,1551,49.45,Right-hand bat,98,56,2,7974.1,32.58,68.1,lo,0,IND,spin,no,18.43893480257117,19.591368227731863
2,1153,380,IND,7,216,-100,Z Khan,MS Panesar,9,1,10,12.57,1551,49.45,Right-hand bat,99,56,2,7974.1,32.58,68.1,lo,0,IND,spin,no,18.43893480257117,19.591368227731863
2,1154,381,IND,7,216,-100,Z Khan,MS Panesar,9,1,11,12.57,1551,49.45,Right-hand bat,100,56,2,7974.1,32.58,68.1,lo,0,IND,spin,no,18.43893480257117,19.591368227731863
2,1155,382,IND,7,216,-100,Z Khan,MS Panesar,9,1,12,12.57,1551,49.45,Right-hand bat,101,56,2,7974.1,32.58,68.1,lo,0,IND,spin,no,18.43893480257117,19.591368227731863
