innings,match_balls,inn_balls,bat_team,team_wkts,team_score,team_lead,batter,bowler,bat_position,bat_score,bat_balls,bat_avg,career_bat_balls,bat_sr,bat_arm,bowl_balls,bowl_runs,bowl_wkts,career_bowl_balls,bowl_avg,bowl_sr,bowl_type,outcome,host_country,bowl_class,bat_win_toss,seam_factor,spin_factor
1,519,519,ENG,5,223,223,A Flintoff,Z Khan,6,13,53,31.96,5586,62.94,Right-hand bat,93,32,2,12120.5,34.12,62.5,lfm,0,IND,seam,yes,18.43893480257117,19.591368227731863
1,520,520,ENG,5,223,223,A Flintoff,Z Khan,6,13,54,31.96,5586,62.94,Right-hand bat,94,32,2,12120.5,34.12,62.5,lfm,4,IND,seam,yes,18.43893480257117,19.591368227731863
1,521,521,ENG,5,227,227,A Flintoff,Z Khan,6,17,55,31.96,5586,62.94,Right-hand bat,95,36,2,12120.5,34.12,62.5,lfm,0,IND,seam,yes,18.43893480257117,19.591368227731863
1,528,528,ENG,5,229,229,A Flintoff,Z Khan,6,18,58,31.96,5586,62.94,Right-hand bat,96,36,2,12120.5,34.12,62.5,lfm,0,IND,seam,yes,18.43893480257117,19.591368227731863
1,529,529,ENG,5,229,229,A Flintoff,Z Khan,6,18,59,31.96,5586,62.94,Right-hand bat,97,36,2,12120.5,34.12,62.5,lfm,0,IND,seam,yes,18.43893480257117,19.591368227731863
1,530,530,ENG,5,229,229,A Flintoff,Z Khan,6,18,60,31.96,5586,62.94,Right-hand bat,98,36,2,12120.5,34.12,62.5,lfm,0,IND,seam,yes,18.43893480257117,19.591368227731863
1,531,531,ENG,5,229,229,A Flintoff,Z Khan,6,18,61,31.96,5586,62.94,Right-hand bat,99,36,2,12120.5,34.12,62.5,lfm,0,IND,seam,yes,18.43893480257117,19.591368227731863
1,532,532,ENG,5,229,229,A Flintoff,Z Khan,6,18,62,31.96,5586,62.94,Right-hand bat,100,36,2,12120.5,34.12,62.5,lfm,0,IND,seam,yes,18.43893480257117,19.591368227731863
1,533,533,ENG,5,229,229,A Flintoff,Z Khan,6,18,63,31.96,5586,62.94,Right-hand bat,101,36,2,12120.5,34.12,62.5,lfm,0,IND,seam,yes,18.43893480257117,19.591368227731863
