innings,match_balls,inn_balls,bat_team,team_wkts,team_score,team_lead,batter,bowler,bat_position,bat_score,bat_balls,bat_avg,career_bat_balls,bat_sr,bat_arm,bowl_balls,bowl_runs,bowl_wkts,career_bowl_balls,bowl_avg,bowl_sr,bowl_type,outcome,host_country,bowl_class,bat_win_toss,seam_factor,spin_factor
3,1139,259,WIN,5,122,-103,BP Nash,RS Bopara,7,17,44,44.18,1157,42,Left-hand bat,0,0,0,246,155,246,rm,0,ENG,seam,yes,19.97111111111111,7.262222222222222
3,1140,260,WIN,5,122,-103,BP Nash,RS Bopara,7,17,45,44.18,1157,42,Left-hand bat,1,0,0,246,155,246,rm,1,ENG,seam,yes,19.97111111111111,7.262222222222222
3,1143,263,WIN,5,128,-97,BP Nash,RS Bopara,7,18,46,44.18,1157,42,Left-hand bat,4,2,0,246,155,246,rm,4,ENG,seam,yes,19.97111111111111,7.262222222222222
3,1144,264,WIN,5,132,-93,BP Nash,RS Bopara,7,22,47,44.18,1157,42,Left-hand bat,5,6,0,246,155,246,rm,0,ENG,seam,yes,19.97111111111111,7.262222222222222
3,1152,272,WIN,5,142,-83,BP Nash,RS Bopara,7,30,52,44.18,1157,42,Left-hand bat,7,7,0,246,155,246,rm,0,ENG,seam,yes,19.97111111111111,7.262222222222222
3,1153,273,WIN,5,142,-83,BP Nash,RS Bopara,7,30,53,44.18,1157,42,Left-hand bat,8,7,0,246,155,246,rm,0,ENG,seam,yes,19.97111111111111,7.262222222222222
3,1154,274,WIN,5,142,-83,BP Nash,RS Bopara,7,30,54,44.18,1157,42,Left-hand bat,9,7,0,246,155,246,rm,0,ENG,seam,yes,19.97111111111111,7.262222222222222
3,1155,275,WIN,5,142,-83,BP Nash,RS Bopara,7,30,55,44.18,1157,42,Left-hand bat,10,7,0,246,155,246,rm,0,ENG,seam,yes,19.97111111111111,7.262222222222222
3,1156,276,WIN,5,142,-83,BP Nash,RS Bopara,7,30,56,44.18,1157,42,Left-hand bat,11,7,0,246,155,246,rm,1,ENG,seam,yes,19.97111111111111,7.262222222222222
