innings,match_balls,inn_balls,bat_team,team_wkts,team_score,team_lead,batter,bowler,bat_position,bat_score,bat_balls,bat_avg,career_bat_balls,bat_sr,bat_arm,bowl_balls,bowl_runs,bowl_wkts,career_bowl_balls,bowl_avg,bowl_sr,bowl_type,outcome,host_country,bowl_class,bat_win_toss,seam_factor,spin_factor
3,1501,80,WIN,1,56,-203,RR Sarwan,G Onions,3,1,2,42.32,12105,46.84,Right-hand bat,8,12,0,270.3,20,27.3,rmf,0,ENG,seam,no,32.773668639053255,7.803254437869824
3,1502,81,WIN,1,56,-203,RR Sarwan,G Onions,3,1,3,42.32,12105,46.84,Right-hand bat,9,12,0,270.3,20,27.3,rmf,4,ENG,seam,no,32.773668639053255,7.803254437869824
3,1503,82,WIN,1,60,-199,RR Sarwan,G Onions,3,5,4,42.32,12105,46.84,Right-hand bat,10,16,0,270.3,20,27.3,rmf,0,ENG,seam,no,32.773668639053255,7.803254437869824
3,1504,83,WIN,1,60,-199,RR Sarwan,G Onions,3,5,5,42.32,12105,46.84,Right-hand bat,11,16,0,270.3,20,27.3,rmf,1,ENG,seam,no,32.773668639053255,7.803254437869824
3,1514,93,WIN,1,80,-179,RR Sarwan,G Onions,3,15,11,42.32,12105,46.84,Right-hand bat,15,26,0,270.3,20,27.3,rmf,0,ENG,seam,no,32.773668639053255,7.803254437869824
3,1515,94,WIN,1,80,-179,RR Sarwan,G Onions,3,15,12,42.32,12105,46.84,Right-hand bat,16,26,0,270.3,20,27.3,rmf,0,ENG,seam,no,32.773668639053255,7.803254437869824
3,1516,95,WIN,1,80,-179,RR Sarwan,G Onions,3,15,13,42.32,12105,46.84,Right-hand bat,17,26,0,270.3,20,27.3,rmf,1,ENG,seam,no,32.773668639053255,7.803254437869824
3,1525,104,WIN,1,88,-171,RR Sarwan,G Onions,3,22,20,42.32,12105,46.84,Right-hand bat,20,28,0,270.3,20,27.3,rmf,W,ENG,seam,no,32.773668639053255,7.803254437869824
