innings,match_balls,inn_balls,bat_team,team_wkts,team_score,team_lead,batter,bowler,bat_position,bat_score,bat_balls,bat_avg,career_bat_balls,bat_sr,bat_arm,bowl_balls,bowl_runs,bowl_wkts,career_bowl_balls,bowl_avg,bowl_sr,bowl_type,outcome,host_country,bowl_class,bat_win_toss,seam_factor,spin_factor
2,1466,531,IND,6,263,-356,KD Karthik,IE O'Brien,8,0,17,28.61,1955,49.76,Right-hand bat,62,48,0,2850.3,30.66,59.4,rfm,0,NZL,seam,no,34.40453686200378,26.46502835538752
2,1467,532,IND,6,263,-356,KD Karthik,IE O'Brien,8,0,18,28.61,1955,49.76,Right-hand bat,63,48,0,2850.3,30.66,59.4,rfm,0,NZL,seam,no,34.40453686200378,26.46502835538752
2,1468,533,IND,6,263,-356,KD Karthik,IE O'Brien,8,0,19,28.61,1955,49.76,Right-hand bat,64,48,0,2850.3,30.66,59.4,rfm,0,NZL,seam,no,34.40453686200378,26.46502835538752
2,1469,534,IND,6,263,-356,KD Karthik,IE O'Brien,8,0,20,28.61,1955,49.76,Right-hand bat,65,48,0,2850.3,30.66,59.4,rfm,0,NZL,seam,no,34.40453686200378,26.46502835538752
2,1476,541,IND,6,269,-350,KD Karthik,IE O'Brien,8,5,25,28.61,1955,49.76,Right-hand bat,66,48,0,2850.3,30.66,59.4,rfm,0,NZL,seam,no,34.40453686200378,26.46502835538752
2,1477,542,IND,6,269,-350,KD Karthik,IE O'Brien,8,5,26,28.61,1955,49.76,Right-hand bat,67,48,0,2850.3,30.66,59.4,rfm,0,NZL,seam,no,34.40453686200378,26.46502835538752
2,1478,543,IND,6,269,-350,KD Karthik,IE O'Brien,8,5,27,28.61,1955,49.76,Right-hand bat,68,48,0,2850.3,30.66,59.4,rfm,0,NZL,seam,no,34.40453686200378,26.46502835538752
2,1479,544,IND,6,269,-350,KD Karthik,IE O'Brien,8,5,28,28.61,1955,49.76,Right-hand bat,69,48,0,2850.3,30.66,59.4,rfm,0,NZL,seam,no,34.40453686200378,26.46502835538752
2,1480,545,IND,6,269,-350,KD Karthik,IE O'Brien,8,5,29,28.61,1955,49.76,Right-hand bat,70,48,0,2850.3,30.66,59.4,rfm,1,NZL,seam,no,34.40453686200378,26.46502835538752
