innings,match_balls,inn_balls,bat_team,team_wkts,team_score,team_lead,batter,bowler,bat_position,bat_score,bat_balls,bat_avg,career_bat_balls,bat_sr,bat_arm,bowl_balls,bowl_runs,bowl_wkts,career_bowl_balls,bowl_avg,bowl_sr,bowl_type,outcome,host_country,bowl_class,bat_win_toss,seam_factor,spin_factor
3,1732,56,RSA,1,27,-204,HM Amla,GP Swann,3,0,0,39.8,5311,48.71,Right-hand bat,2,0,1,3708.3,29.41,59.8,rob,0,RSA,spin,yes,19.976218787158142,16.230677764565993
3,1733,57,RSA,1,27,-204,HM Amla,GP Swann,3,0,1,39.8,5311,48.71,Right-hand bat,3,0,1,3708.3,29.41,59.8,rob,4,RSA,spin,yes,19.976218787158142,16.230677764565993
3,1734,58,RSA,1,31,-200,HM Amla,GP Swann,3,4,2,39.8,5311,48.71,Right-hand bat,4,4,1,3708.3,29.41,59.8,rob,0,RSA,spin,yes,19.976218787158142,16.230677764565993
3,1735,59,RSA,1,31,-200,HM Amla,GP Swann,3,4,3,39.8,5311,48.71,Right-hand bat,5,4,1,3708.3,29.41,59.8,rob,0,RSA,spin,yes,19.976218787158142,16.230677764565993
3,1742,66,RSA,1,33,-198,HM Amla,GP Swann,3,5,8,39.8,5311,48.71,Right-hand bat,6,4,1,3708.3,29.41,59.8,rob,1,RSA,spin,yes,19.976218787158142,16.230677764565993
3,1746,70,RSA,1,35,-196,HM Amla,GP Swann,3,6,9,39.8,5311,48.71,Right-hand bat,10,6,1,3708.3,29.41,59.8,rob,0,RSA,spin,yes,19.976218787158142,16.230677764565993
3,1747,71,RSA,1,35,-196,HM Amla,GP Swann,3,6,10,39.8,5311,48.71,Right-hand bat,11,6,1,3708.3,29.41,59.8,rob,0,RSA,spin,yes,19.976218787158142,16.230677764565993
3,1754,78,RSA,1,37,-194,HM Amla,GP Swann,3,6,11,39.8,5311,48.71,Right-hand bat,12,6,1,3708.3,29.41,59.8,rob,0,RSA,spin,yes,19.976218787158142,16.230677764565993
3,1755,79,RSA,1,37,-194,HM Amla,GP Swann,3,6,12,39.8,5311,48.71,Right-hand bat,13,6,1,3708.3,29.41,59.8,rob,W,RSA,spin,yes,19.976218787158142,16.230677764565993
