innings,match_balls,inn_balls,bat_team,team_wkts,team_score,team_lead,batter,bowler,bat_position,bat_score,bat_balls,bat_avg,career_bat_balls,bat_sr,bat_arm,bowl_balls,bowl_runs,bowl_wkts,career_bowl_balls,bowl_avg,bowl_sr,bowl_type,outcome,host_country,bowl_class,bat_win_toss,seam_factor,spin_factor
2,1490,492,WIN,7,263,-303,JE Taylor,JM Anderson,9,7,11,16.3,971,55.4,Right-hand bat,93,49,0,6606.2,35.7,60,rfm,0,WIN,seam,yes,22.253086419753085,17.80246913580247
2,1491,493,WIN,7,263,-303,JE Taylor,JM Anderson,9,7,12,16.3,971,55.4,Right-hand bat,94,49,0,6606.2,35.7,60,rfm,0,WIN,seam,yes,22.253086419753085,17.80246913580247
2,1492,494,WIN,7,263,-303,JE Taylor,JM Anderson,9,7,13,16.3,971,55.4,Right-hand bat,95,49,0,6606.2,35.7,60,rfm,0,WIN,seam,yes,22.253086419753085,17.80246913580247
2,1493,495,WIN,7,263,-303,JE Taylor,JM Anderson,9,7,14,16.3,971,55.4,Right-hand bat,96,49,0,6606.2,35.7,60,rfm,0,WIN,seam,yes,22.253086419753085,17.80246913580247
2,1494,496,WIN,7,263,-303,JE Taylor,JM Anderson,9,7,15,16.3,971,55.4,Right-hand bat,97,49,0,6606.2,35.7,60,rfm,0,WIN,seam,yes,22.253086419753085,17.80246913580247
2,1495,497,WIN,7,263,-303,JE Taylor,JM Anderson,9,7,16,16.3,971,55.4,Right-hand bat,98,49,0,6606.2,35.7,60,rfm,0,WIN,seam,yes,22.253086419753085,17.80246913580247
2,1507,509,WIN,7,265,-301,JE Taylor,JM Anderson,9,7,21,16.3,971,55.4,Right-hand bat,104,50,0,6606.2,35.7,60,rfm,0,WIN,seam,yes,22.253086419753085,17.80246913580247
2,1529,531,WIN,7,276,-290,JE Taylor,JM Anderson,9,13,30,16.3,971,55.4,Right-hand bat,114,53,0,6606.2,35.7,60,rfm,0,WIN,seam,yes,22.253086419753085,17.80246913580247
2,1530,532,WIN,7,276,-290,JE Taylor,JM Anderson,9,13,31,16.3,971,55.4,Right-hand bat,115,53,0,6606.2,35.7,60,rfm,1,WIN,seam,yes,22.253086419753085,17.80246913580247
