innings,match_balls,inn_balls,bat_team,team_wkts,team_score,team_lead,batter,bowler,bat_position,bat_score,bat_balls,bat_avg,career_bat_balls,bat_sr,bat_arm,bowl_balls,bowl_runs,bowl_wkts,career_bowl_balls,bowl_avg,bowl_sr,bowl_type,outcome,host_country,bowl_class,bat_win_toss,seam_factor,spin_factor
4,2247,393,WIN,3,200,-302,S Chanderpaul,A Flintoff,5,41,98,49.27,19233,43.04,Left-hand bat,20,13,0,14178,32.07,65,rfm,0,WIN,seam,yes,22.253086419753085,17.80246913580247
4,2248,394,WIN,3,200,-302,S Chanderpaul,A Flintoff,5,41,99,49.27,19233,43.04,Left-hand bat,21,13,0,14178,32.07,65,rfm,0,WIN,seam,yes,22.253086419753085,17.80246913580247
4,2249,395,WIN,3,200,-302,S Chanderpaul,A Flintoff,5,41,100,49.27,19233,43.04,Left-hand bat,22,13,0,14178,32.07,65,rfm,1,WIN,seam,yes,22.253086419753085,17.80246913580247
4,2260,406,WIN,3,202,-300,S Chanderpaul,A Flintoff,5,42,107,49.27,19233,43.04,Left-hand bat,27,15,0,14178,32.07,65,rfm,0,WIN,seam,yes,22.253086419753085,17.80246913580247
4,2261,407,WIN,3,202,-300,S Chanderpaul,A Flintoff,5,42,108,49.27,19233,43.04,Left-hand bat,28,15,0,14178,32.07,65,rfm,0,WIN,seam,yes,22.253086419753085,17.80246913580247
4,2262,408,WIN,3,202,-300,S Chanderpaul,A Flintoff,5,42,109,49.27,19233,43.04,Left-hand bat,29,15,0,14178,32.07,65,rfm,0,WIN,seam,yes,22.253086419753085,17.80246913580247
4,2294,440,WIN,3,214,-288,S Chanderpaul,A Flintoff,5,42,125,49.27,19233,43.04,Left-hand bat,43,21,0,14178,32.07,65,rfm,0,WIN,seam,yes,22.253086419753085,17.80246913580247
4,2295,441,WIN,3,214,-288,S Chanderpaul,A Flintoff,5,42,126,49.27,19233,43.04,Left-hand bat,44,21,0,14178,32.07,65,rfm,0,WIN,seam,yes,22.253086419753085,17.80246913580247
4,2296,442,WIN,3,214,-288,S Chanderpaul,A Flintoff,5,42,127,49.27,19233,43.04,Left-hand bat,45,21,0,14178,32.07,65,rfm,0,WIN,seam,yes,22.253086419753085,17.80246913580247
4,2297,443,WIN,3,214,-288,S Chanderpaul,A Flintoff,5,42,128,49.27,19233,43.04,Left-hand bat,46,21,0,14178,32.07,65,rfm,0,WIN,seam,yes,22.253086419753085,17.80246913580247
4,2298,444,WIN,3,214,-288,S Chanderpaul,A Flintoff,5,42,129,49.27,19233,43.04,Left-hand bat,47,21,0,14178,32.07,65,rfm,0,WIN,seam,yes,22.253086419753085,17.80246913580247
