innings,match_balls,inn_balls,bat_team,team_wkts,team_score,team_lead,batter,bowler,bat_position,bat_score,bat_balls,bat_avg,career_bat_balls,bat_sr,bat_arm,bowl_balls,bowl_runs,bowl_wkts,career_bowl_balls,bowl_avg,bowl_sr,bowl_type,outcome,host_country,bowl_class,bat_win_toss,seam_factor,spin_factor
4,2514,352,AUS,5,140,-189,BJ Haddin,SJ Benn,7,0,9,41.7,2306,56.07,Right-hand bat,141,31,0,2958.4,47.41,95.5,lo,0,AUS,spin,no,31.27591836734694,9.266938775510205
4,2515,353,AUS,5,140,-189,BJ Haddin,SJ Benn,7,0,10,41.7,2306,56.07,Right-hand bat,142,31,0,2958.4,47.41,95.5,lo,2,AUS,spin,no,31.27591836734694,9.266938775510205
4,2516,354,AUS,5,142,-187,BJ Haddin,SJ Benn,7,2,11,41.7,2306,56.07,Right-hand bat,143,33,0,2958.4,47.41,95.5,lo,0,AUS,spin,no,31.27591836734694,9.266938775510205
4,2581,419,AUS,5,175,-154,BJ Haddin,SJ Benn,7,15,42,41.7,2306,56.07,Right-hand bat,144,33,0,2958.4,47.41,95.5,lo,0,AUS,spin,no,31.27591836734694,9.266938775510205
4,2582,420,AUS,5,175,-154,BJ Haddin,SJ Benn,7,15,43,41.7,2306,56.07,Right-hand bat,145,33,0,2958.4,47.41,95.5,lo,0,AUS,spin,no,31.27591836734694,9.266938775510205
4,2583,421,AUS,5,175,-154,BJ Haddin,SJ Benn,7,15,44,41.7,2306,56.07,Right-hand bat,146,33,0,2958.4,47.41,95.5,lo,0,AUS,spin,no,31.27591836734694,9.266938775510205
4,2584,422,AUS,5,175,-154,BJ Haddin,SJ Benn,7,15,45,41.7,2306,56.07,Right-hand bat,147,33,0,2958.4,47.41,95.5,lo,0,AUS,spin,no,31.27591836734694,9.266938775510205
4,2585,423,AUS,5,175,-154,BJ Haddin,SJ Benn,7,15,46,41.7,2306,56.07,Right-hand bat,148,33,0,2958.4,47.41,95.5,lo,0,AUS,spin,no,31.27591836734694,9.266938775510205
4,2586,424,AUS,5,175,-154,BJ Haddin,SJ Benn,7,15,47,41.7,2306,56.07,Right-hand bat,149,33,0,2958.4,47.41,95.5,lo,4,AUS,spin,no,31.27591836734694,9.266938775510205
4,2616,454,AUS,5,207,-122,BJ Haddin,SJ Benn,7,20,53,41.7,2306,56.07,Right-hand bat,160,50,0,2958.4,47.41,95.5,lo,1nb,AUS,spin,no,31.27591836734694,9.266938775510205
4,2617,455,AUS,5,208,-121,BJ Haddin,SJ Benn,7,20,54,41.7,2306,56.07,Right-hand bat,161,51,0,2958.4,47.41,95.5,lo,0,AUS,spin,no,31.27591836734694,9.266938775510205
4,2618,456,AUS,5,208,-121,BJ Haddin,SJ Benn,7,20,55,41.7,2306,56.07,Right-hand bat,162,51,0,2958.4,47.41,95.5,lo,0,AUS,spin,no,31.27591836734694,9.266938775510205
