innings,match_balls,inn_balls,bat_team,team_wkts,team_score,team_lead,batter,bowler,bat_position,bat_score,bat_balls,bat_avg,career_bat_balls,bat_sr,bat_arm,bowl_balls,bowl_runs,bowl_wkts,career_bowl_balls,bowl_avg,bowl_sr,bowl_type,outcome,host_country,bowl_class,bat_win_toss,seam_factor,spin_factor
4,1647,43,WIN,0,30,-328,CH Gayle,CJ McKay,1,8,18,40.61,10034,58.28,Left-hand bat,0,0,0,168,101,168,rfm,1,AUS,seam,no,26.69101533966399,9.532505478451425
4,1651,47,WIN,0,33,-325,CH Gayle,CJ McKay,1,9,19,40.61,10034,58.28,Left-hand bat,4,2,0,168,101,168,rfm,0,AUS,seam,no,26.69101533966399,9.532505478451425
4,1652,48,WIN,0,33,-325,CH Gayle,CJ McKay,1,9,20,40.61,10034,58.28,Left-hand bat,5,2,0,168,101,168,rfm,1,AUS,seam,no,26.69101533966399,9.532505478451425
4,1660,56,WIN,1,35,-323,CH Gayle,CJ McKay,1,11,23,40.61,10034,58.28,Left-hand bat,7,3,0,168,101,168,rfm,0,AUS,seam,no,26.69101533966399,9.532505478451425
4,1661,57,WIN,1,35,-323,CH Gayle,CJ McKay,1,11,24,40.61,10034,58.28,Left-hand bat,8,3,0,168,101,168,rfm,4,AUS,seam,no,26.69101533966399,9.532505478451425
4,1662,58,WIN,1,39,-319,CH Gayle,CJ McKay,1,15,25,40.61,10034,58.28,Left-hand bat,9,7,0,168,101,168,rfm,0,AUS,seam,no,26.69101533966399,9.532505478451425
4,1663,59,WIN,1,39,-319,CH Gayle,CJ McKay,1,15,26,40.61,10034,58.28,Left-hand bat,10,7,0,168,101,168,rfm,1,AUS,seam,no,26.69101533966399,9.532505478451425
4,1673,69,WIN,1,49,-309,CH Gayle,CJ McKay,1,20,29,40.61,10034,58.28,Left-hand bat,14,10,0,168,101,168,rfm,0,AUS,seam,no,26.69101533966399,9.532505478451425
4,1674,70,WIN,1,49,-309,CH Gayle,CJ McKay,1,20,30,40.61,10034,58.28,Left-hand bat,15,10,0,168,101,168,rfm,1,AUS,seam,no,26.69101533966399,9.532505478451425
