innings,match_balls,inn_balls,bat_team,team_wkts,team_score,team_lead,batter,bowler,bat_position,bat_score,bat_balls,bat_avg,career_bat_balls,bat_sr,bat_arm,bowl_balls,bowl_runs,bowl_wkts,career_bowl_balls,bowl_avg,bowl_sr,bowl_type,outcome,host_country,bowl_class,bat_win_toss,seam_factor,spin_factor
1,770,770,AUS,7,510,510,NM Hauritz,KAJ Roach,9,0,0,19.7,391,50.38,Right-hand bat,124,94,2,1080.4,29.3,54.2,rfm,1,AUS,seam,yes,26.69101533966399,9.532505478451425
1,781,781,AUS,7,516,516,NM Hauritz,KAJ Roach,9,1,7,19.7,391,50.38,Right-hand bat,129,100,2,1080.4,29.3,54.2,rfm,0,AUS,seam,yes,26.69101533966399,9.532505478451425
1,782,782,AUS,7,516,516,NM Hauritz,KAJ Roach,9,1,8,19.7,391,50.38,Right-hand bat,130,100,2,1080.4,29.3,54.2,rfm,0,AUS,seam,yes,26.69101533966399,9.532505478451425
1,783,783,AUS,7,516,516,NM Hauritz,KAJ Roach,9,1,9,19.7,391,50.38,Right-hand bat,131,100,2,1080.4,29.3,54.2,rfm,0,AUS,seam,yes,26.69101533966399,9.532505478451425
1,791,791,AUS,7,518,518,NM Hauritz,KAJ Roach,9,1,15,19.7,391,50.38,Right-hand bat,133,101,2,1080.4,29.3,54.2,rfm,0,AUS,seam,yes,26.69101533966399,9.532505478451425
1,792,792,AUS,7,518,518,NM Hauritz,KAJ Roach,9,1,16,19.7,391,50.38,Right-hand bat,134,101,2,1080.4,29.3,54.2,rfm,0,AUS,seam,yes,26.69101533966399,9.532505478451425
1,793,793,AUS,7,518,518,NM Hauritz,KAJ Roach,9,1,17,19.7,391,50.38,Right-hand bat,135,101,2,1080.4,29.3,54.2,rfm,0,AUS,seam,yes,26.69101533966399,9.532505478451425
1,794,794,AUS,7,518,518,NM Hauritz,KAJ Roach,9,1,18,19.7,391,50.38,Right-hand bat,136,101,2,1080.4,29.3,54.2,rfm,0,AUS,seam,yes,26.69101533966399,9.532505478451425
1,795,795,AUS,7,518,518,NM Hauritz,KAJ Roach,9,1,19,19.7,391,50.38,Right-hand bat,137,101,2,1080.4,29.3,54.2,rfm,0,AUS,seam,yes,26.69101533966399,9.532505478451425
