innings,match_balls,inn_balls,bat_team,team_wkts,team_score,team_lead,batter,bowler,bat_position,bat_score,bat_balls,bat_avg,career_bat_balls,bat_sr,bat_arm,bowl_balls,bowl_runs,bowl_wkts,career_bowl_balls,bowl_avg,bowl_sr,bowl_type,outcome,host_country,bowl_class,bat_win_toss,seam_factor,spin_factor
4,1445,263,PAK,5,153,-26,Shoaib Malik,BW Hilfenhaus,6,3,11,35.29,3511,44.23,Right-hand bat,55,22,2,2340.4,29.28,55.8,rfm,0,AUS,seam,no,22.37034331628926,1.2783053323593865
4,1446,264,PAK,5,153,-26,Shoaib Malik,BW Hilfenhaus,6,3,12,35.29,3511,44.23,Right-hand bat,56,22,2,2340.4,29.28,55.8,rfm,0,AUS,seam,no,22.37034331628926,1.2783053323593865
4,1447,265,PAK,5,153,-26,Shoaib Malik,BW Hilfenhaus,6,3,13,35.29,3511,44.23,Right-hand bat,57,22,2,2340.4,29.28,55.8,rfm,0,AUS,seam,no,22.37034331628926,1.2783053323593865
4,1448,266,PAK,5,153,-26,Shoaib Malik,BW Hilfenhaus,6,3,14,35.29,3511,44.23,Right-hand bat,58,22,2,2340.4,29.28,55.8,rfm,0,AUS,seam,no,22.37034331628926,1.2783053323593865
4,1449,267,PAK,5,153,-26,Shoaib Malik,BW Hilfenhaus,6,3,15,35.29,3511,44.23,Right-hand bat,59,22,2,2340.4,29.28,55.8,rfm,0,AUS,seam,no,22.37034331628926,1.2783053323593865
4,1450,268,PAK,5,153,-26,Shoaib Malik,BW Hilfenhaus,6,3,16,35.29,3511,44.23,Right-hand bat,60,22,2,2340.4,29.28,55.8,rfm,1,AUS,seam,no,22.37034331628926,1.2783053323593865
4,1457,275,PAK,5,157,-22,Shoaib Malik,BW Hilfenhaus,6,7,21,35.29,3511,44.23,Right-hand bat,61,23,2,2340.4,29.28,55.8,rfm,0,AUS,seam,no,22.37034331628926,1.2783053323593865
4,1458,276,PAK,5,157,-22,Shoaib Malik,BW Hilfenhaus,6,7,22,35.29,3511,44.23,Right-hand bat,62,23,2,2340.4,29.28,55.8,rfm,3,AUS,seam,no,22.37034331628926,1.2783053323593865
4,1460,278,PAK,5,161,-18,Shoaib Malik,BW Hilfenhaus,6,10,23,35.29,3511,44.23,Right-hand bat,64,27,2,2340.4,29.28,55.8,rfm,W,AUS,seam,no,22.37034331628926,1.2783053323593865
