innings,match_balls,inn_balls,bat_team,team_wkts,team_score,team_lead,batter,bowler,bat_position,bat_score,bat_balls,bat_avg,career_bat_balls,bat_sr,bat_arm,bowl_balls,bowl_runs,bowl_wkts,career_bowl_balls,bowl_avg,bowl_sr,bowl_type,outcome,host_country,bowl_class,bat_win_toss,seam_factor,spin_factor
3,1333,376,ENG,9,213,385,ST Finn,Umar Amin,11,0,0,12,70,17.14,Right-hand bat,18,6,0,84,17.5,42,rm,0,ENG,seam,yes,20.781065088757398,1.7317554240631166
3,1334,377,ENG,9,213,385,ST Finn,Umar Amin,11,0,1,12,70,17.14,Right-hand bat,19,6,0,84,17.5,42,rm,0,ENG,seam,yes,20.781065088757398,1.7317554240631166
3,1335,378,ENG,9,213,385,ST Finn,Umar Amin,11,0,2,12,70,17.14,Right-hand bat,20,6,0,84,17.5,42,rm,0,ENG,seam,yes,20.781065088757398,1.7317554240631166
3,1336,379,ENG,9,213,385,ST Finn,Umar Amin,11,0,3,12,70,17.14,Right-hand bat,21,6,0,84,17.5,42,rm,4,ENG,seam,yes,20.781065088757398,1.7317554240631166
3,1337,380,ENG,9,217,389,ST Finn,Umar Amin,11,4,4,12,70,17.14,Right-hand bat,22,10,0,84,17.5,42,rm,0,ENG,seam,yes,20.781065088757398,1.7317554240631166
3,1338,381,ENG,9,217,389,ST Finn,Umar Amin,11,4,5,12,70,17.14,Right-hand bat,23,10,0,84,17.5,42,rm,0,ENG,seam,yes,20.781065088757398,1.7317554240631166
3,1348,391,ENG,9,223,395,ST Finn,Umar Amin,11,4,8,12,70,17.14,Right-hand bat,27,13,0,84,17.5,42,rm,0,ENG,seam,yes,20.781065088757398,1.7317554240631166
3,1349,392,ENG,9,223,395,ST Finn,Umar Amin,11,4,9,12,70,17.14,Right-hand bat,28,13,0,84,17.5,42,rm,0,ENG,seam,yes,20.781065088757398,1.7317554240631166
3,1350,393,ENG,9,223,395,ST Finn,Umar Amin,11,4,10,12,70,17.14,Right-hand bat,29,13,0,84,17.5,42,rm,0,ENG,seam,yes,20.781065088757398,1.7317554240631166
