innings,match_balls,inn_balls,bat_team,team_wkts,team_score,team_lead,batter,bowler,bat_position,bat_score,bat_balls,bat_avg,career_bat_balls,bat_sr,bat_arm,bowl_balls,bowl_runs,bowl_wkts,career_bowl_balls,bowl_avg,bowl_sr,bowl_type,outcome,host_country,bowl_class,bat_win_toss,seam_factor,spin_factor
1,458,458,ENG,8,249,249,JM Anderson,XJ Doherty,10,5,12,12.51,1420,36.12,Left-hand bat,74,35,0,288.5,74,146.5,lo,0,AUS,spin,yes,47.94421487603306,14.101239669421489
1,459,459,ENG,8,249,249,JM Anderson,XJ Doherty,10,5,13,12.51,1420,36.12,Left-hand bat,75,35,0,288.5,74,146.5,lo,0,AUS,spin,yes,47.94421487603306,14.101239669421489
1,460,460,ENG,8,249,249,JM Anderson,XJ Doherty,10,5,14,12.51,1420,36.12,Left-hand bat,76,35,0,288.5,74,146.5,lo,0,AUS,spin,yes,47.94421487603306,14.101239669421489
1,461,461,ENG,8,249,249,JM Anderson,XJ Doherty,10,5,15,12.51,1420,36.12,Left-hand bat,77,35,0,288.5,74,146.5,lo,0,AUS,spin,yes,47.94421487603306,14.101239669421489
1,469,469,ENG,9,254,254,JM Anderson,XJ Doherty,10,5,18,12.51,1420,36.12,Left-hand bat,79,35,1,288.5,74,146.5,lo,4,AUS,spin,yes,47.94421487603306,14.101239669421489
1,470,470,ENG,9,258,258,JM Anderson,XJ Doherty,10,9,19,12.51,1420,36.12,Left-hand bat,80,39,1,288.5,74,146.5,lo,2,AUS,spin,yes,47.94421487603306,14.101239669421489
1,471,471,ENG,9,260,260,JM Anderson,XJ Doherty,10,11,20,12.51,1420,36.12,Left-hand bat,81,41,1,288.5,74,146.5,lo,0,AUS,spin,yes,47.94421487603306,14.101239669421489
1,472,472,ENG,9,260,260,JM Anderson,XJ Doherty,10,11,21,12.51,1420,36.12,Left-hand bat,82,41,1,288.5,74,146.5,lo,W,AUS,spin,yes,47.94421487603306,14.101239669421489
