innings,match_balls,inn_balls,bat_team,team_wkts,team_score,team_lead,batter,bowler,bat_position,bat_score,bat_balls,bat_avg,career_bat_balls,bat_sr,bat_arm,bowl_balls,bowl_runs,bowl_wkts,career_bowl_balls,bowl_avg,bowl_sr,bowl_type,outcome,host_country,bowl_class,bat_win_toss,seam_factor,spin_factor
4,2387,33,AUS,1,5,-291,RT Ponting,SCJ Broad,3,0,0,54.71,20677,59.53,Right-hand bat,15,4,1,6510.4,34.87,66.4,rfm,0,AUS,seam,no,47.94421487603306,14.101239669421489
4,2388,34,AUS,1,5,-291,RT Ponting,SCJ Broad,3,0,1,54.71,20677,59.53,Right-hand bat,16,4,1,6510.4,34.87,66.4,rfm,0,AUS,seam,no,47.94421487603306,14.101239669421489
4,2389,35,AUS,1,5,-291,RT Ponting,SCJ Broad,3,0,2,54.71,20677,59.53,Right-hand bat,17,4,1,6510.4,34.87,66.4,rfm,1,AUS,seam,no,47.94421487603306,14.101239669421489
4,2397,43,AUS,1,11,-285,RT Ponting,SCJ Broad,3,6,5,54.71,20677,59.53,Right-hand bat,19,5,1,6510.4,34.87,66.4,rfm,1,AUS,seam,no,47.94421487603306,14.101239669421489
4,2402,48,AUS,1,17,-279,RT Ponting,SCJ Broad,3,7,6,54.71,20677,59.53,Right-hand bat,24,11,1,6510.4,34.87,66.4,rfm,0,AUS,seam,no,47.94421487603306,14.101239669421489
4,2412,58,AUS,1,29,-267,RT Ponting,SCJ Broad,3,7,7,54.71,20677,59.53,Right-hand bat,28,14,1,6510.4,34.87,66.4,rfm,0,AUS,seam,no,47.94421487603306,14.101239669421489
4,2413,59,AUS,1,29,-267,RT Ponting,SCJ Broad,3,7,8,54.71,20677,59.53,Right-hand bat,29,14,1,6510.4,34.87,66.4,rfm,1,AUS,seam,no,47.94421487603306,14.101239669421489
4,2433,79,AUS,1,37,-259,RT Ponting,SCJ Broad,3,14,13,54.71,20677,59.53,Right-hand bat,37,15,1,6510.4,34.87,66.4,rfm,1,AUS,seam,no,47.94421487603306,14.101239669421489
