innings,match_balls,inn_balls,bat_team,team_wkts,team_score,team_lead,batter,bowler,bat_position,bat_score,bat_balls,bat_avg,career_bat_balls,bat_sr,bat_arm,bowl_balls,bowl_runs,bowl_wkts,career_bowl_balls,bowl_avg,bowl_sr,bowl_type,outcome,host_country,bowl_class,bat_win_toss,seam_factor,spin_factor
2,1399,882,ENG,5,568,323,MJ Prior,XJ Doherty,7,0,0,41.8,3056,62.92,Right-hand bat,146,124,1,450.5,102,151.6,lo,0,AUS,spin,no,28.055999999999997,18.703999999999997
2,1400,883,ENG,5,568,323,MJ Prior,XJ Doherty,7,0,1,41.8,3056,62.92,Right-hand bat,147,124,1,450.5,102,151.6,lo,3,AUS,spin,no,28.055999999999997,18.703999999999997
2,1409,892,ENG,5,578,333,MJ Prior,XJ Doherty,7,4,8,41.8,3056,62.92,Right-hand bat,150,133,1,450.5,102,151.6,lo,3,AUS,spin,no,28.055999999999997,18.703999999999997
2,1411,894,ENG,5,582,337,MJ Prior,XJ Doherty,7,7,9,41.8,3056,62.92,Right-hand bat,152,137,1,450.5,102,151.6,lo,2,AUS,spin,no,28.055999999999997,18.703999999999997
2,1412,895,ENG,5,584,339,MJ Prior,XJ Doherty,7,9,10,41.8,3056,62.92,Right-hand bat,153,139,1,450.5,102,151.6,lo,1,AUS,spin,no,28.055999999999997,18.703999999999997
2,1421,904,ENG,5,596,351,MJ Prior,XJ Doherty,7,13,15,41.8,3056,62.92,Right-hand bat,156,144,1,450.5,102,151.6,lo,2,AUS,spin,no,28.055999999999997,18.703999999999997
2,1422,905,ENG,5,598,353,MJ Prior,XJ Doherty,7,15,16,41.8,3056,62.92,Right-hand bat,157,146,1,450.5,102,151.6,lo,1,AUS,spin,no,28.055999999999997,18.703999999999997
2,1425,908,ENG,5,604,359,MJ Prior,XJ Doherty,7,16,17,41.8,3056,62.92,Right-hand bat,160,152,1,450.5,102,151.6,lo,2,AUS,spin,no,28.055999999999997,18.703999999999997
2,1426,909,ENG,5,606,361,MJ Prior,XJ Doherty,7,18,18,41.8,3056,62.92,Right-hand bat,161,154,1,450.5,102,151.6,lo,4,AUS,spin,no,28.055999999999997,18.703999999999997
