innings,match_balls,inn_balls,bat_team,team_wkts,team_score,team_lead,batter,bowler,bat_position,bat_score,bat_balls,bat_avg,career_bat_balls,bat_sr,bat_arm,bowl_balls,bowl_runs,bowl_wkts,career_bowl_balls,bowl_avg,bowl_sr,bowl_type,outcome,host_country,bowl_class,bat_win_toss,seam_factor,spin_factor
2,812,554,ENG,4,282,184,IR Bell,MG Johnson,6,0,0,43.37,8051,50.63,Right-hand bat,78,55,1,9468.5,29.43,53.5,lf,1,AUS,seam,yes,25.104444444444443,2.8966666666666665
2,823,565,ENG,4,284,186,IR Bell,MG Johnson,6,1,7,43.37,8051,50.63,Right-hand bat,83,57,1,9468.5,29.43,53.5,lf,0,AUS,seam,yes,25.104444444444443,2.8966666666666665
2,824,566,ENG,4,284,186,IR Bell,MG Johnson,6,1,8,43.37,8051,50.63,Right-hand bat,84,57,1,9468.5,29.43,53.5,lf,0,AUS,seam,yes,25.104444444444443,2.8966666666666665
2,825,567,ENG,4,284,186,IR Bell,MG Johnson,6,1,9,43.37,8051,50.63,Right-hand bat,85,57,1,9468.5,29.43,53.5,lf,0,AUS,seam,yes,25.104444444444443,2.8966666666666665
2,832,574,ENG,4,286,188,IR Bell,MG Johnson,6,1,10,43.37,8051,50.63,Right-hand bat,86,57,1,9468.5,29.43,53.5,lf,0,AUS,seam,yes,25.104444444444443,2.8966666666666665
2,833,575,ENG,4,286,188,IR Bell,MG Johnson,6,1,11,43.37,8051,50.63,Right-hand bat,87,57,1,9468.5,29.43,53.5,lf,0,AUS,seam,yes,25.104444444444443,2.8966666666666665
2,834,576,ENG,4,286,188,IR Bell,MG Johnson,6,1,12,43.37,8051,50.63,Right-hand bat,88,57,1,9468.5,29.43,53.5,lf,W,AUS,seam,yes,25.104444444444443,2.8966666666666665
