innings,match_balls,inn_balls,bat_team,team_wkts,team_score,team_lead,batter,bowler,bat_position,bat_score,bat_balls,bat_avg,career_bat_balls,bat_sr,bat_arm,bowl_balls,bowl_runs,bowl_wkts,career_bowl_balls,bowl_avg,bowl_sr,bowl_type,outcome,host_country,bowl_class,bat_win_toss,seam_factor,spin_factor
3,1588,151,SRL,5,79,-334,HAPW Jayawardene,Z Khan,7,0,0,30.28,2069,46.83,Right-hand bat,37,29,1,13344.2,34.25,62.3,lfm,0,IND,seam,no,10.133333333333333,27.866666666666667
3,1589,152,SRL,5,79,-334,HAPW Jayawardene,Z Khan,7,0,1,30.28,2069,46.83,Right-hand bat,38,29,1,13344.2,34.25,62.3,lfm,3b,IND,seam,no,10.133333333333333,27.866666666666667
3,1609,172,SRL,5,92,-321,HAPW Jayawardene,Z Khan,7,1,10,30.28,2069,46.83,Right-hand bat,46,33,1,13344.2,34.25,62.3,lfm,0,IND,seam,no,10.133333333333333,27.866666666666667
3,1610,173,SRL,5,92,-321,HAPW Jayawardene,Z Khan,7,1,11,30.28,2069,46.83,Right-hand bat,47,33,1,13344.2,34.25,62.3,lfm,4,IND,seam,no,10.133333333333333,27.866666666666667
3,1611,174,SRL,5,96,-317,HAPW Jayawardene,Z Khan,7,5,12,30.28,2069,46.83,Right-hand bat,48,37,1,13344.2,34.25,62.3,lfm,0,IND,seam,no,10.133333333333333,27.866666666666667
3,1612,175,SRL,5,96,-317,HAPW Jayawardene,Z Khan,7,5,13,30.28,2069,46.83,Right-hand bat,49,37,1,13344.2,34.25,62.3,lfm,0,IND,seam,no,10.133333333333333,27.866666666666667
3,1613,176,SRL,5,96,-317,HAPW Jayawardene,Z Khan,7,5,14,30.28,2069,46.83,Right-hand bat,50,37,1,13344.2,34.25,62.3,lfm,0,IND,seam,no,10.133333333333333,27.866666666666667
3,1614,177,SRL,5,96,-317,HAPW Jayawardene,Z Khan,7,5,15,30.28,2069,46.83,Right-hand bat,51,37,1,13344.2,34.25,62.3,lfm,0,IND,seam,no,10.133333333333333,27.866666666666667
