innings,match_balls,inn_balls,bat_team,team_wkts,team_score,team_lead,batter,bowler,bat_position,bat_score,bat_balls,bat_avg,career_bat_balls,bat_sr,bat_arm,bowl_balls,bowl_runs,bowl_wkts,career_bowl_balls,bowl_avg,bowl_sr,bowl_type,outcome,host_country,bowl_class,bat_win_toss,seam_factor,spin_factor
3,1432,162,WIN,4,71,-44,DJ Bravo,PL Harris,6,1,2,32.46,4474,48.61,Right-hand bat,48,16,0,7386.1,37.1,80.2,lo,0,WIN,spin,yes,13.730945821854913,10.117539026629936
3,1433,163,WIN,4,71,-44,DJ Bravo,PL Harris,6,1,3,32.46,4474,48.61,Right-hand bat,49,16,0,7386.1,37.1,80.2,lo,0,WIN,spin,yes,13.730945821854913,10.117539026629936
3,1434,164,WIN,4,71,-44,DJ Bravo,PL Harris,6,1,4,32.46,4474,48.61,Right-hand bat,50,16,0,7386.1,37.1,80.2,lo,0,WIN,spin,yes,13.730945821854913,10.117539026629936
3,1435,165,WIN,4,71,-44,DJ Bravo,PL Harris,6,1,5,32.46,4474,48.61,Right-hand bat,51,16,0,7386.1,37.1,80.2,lo,0,WIN,spin,yes,13.730945821854913,10.117539026629936
3,1436,166,WIN,4,71,-44,DJ Bravo,PL Harris,6,1,6,32.46,4474,48.61,Right-hand bat,52,16,0,7386.1,37.1,80.2,lo,0,WIN,spin,yes,13.730945821854913,10.117539026629936
3,1437,167,WIN,4,71,-44,DJ Bravo,PL Harris,6,1,7,32.46,4474,48.61,Right-hand bat,53,16,0,7386.1,37.1,80.2,lo,0,WIN,spin,yes,13.730945821854913,10.117539026629936
3,1445,175,WIN,4,74,-41,DJ Bravo,PL Harris,6,2,9,32.46,4474,48.61,Right-hand bat,54,16,0,7386.1,37.1,80.2,lo,0,WIN,spin,yes,13.730945821854913,10.117539026629936
3,1446,176,WIN,4,74,-41,DJ Bravo,PL Harris,6,2,10,32.46,4474,48.61,Right-hand bat,55,16,0,7386.1,37.1,80.2,lo,0,WIN,spin,yes,13.730945821854913,10.117539026629936
3,1447,177,WIN,4,74,-41,DJ Bravo,PL Harris,6,2,11,32.46,4474,48.61,Right-hand bat,56,16,0,7386.1,37.1,80.2,lo,W,WIN,spin,yes,13.730945821854913,10.117539026629936
