innings,match_balls,inn_balls,bat_team,team_wkts,team_score,team_lead,batter,bowler,bat_position,bat_score,bat_balls,bat_avg,career_bat_balls,bat_sr,bat_arm,bowl_balls,bowl_runs,bowl_wkts,career_bowl_balls,bowl_avg,bowl_sr,bowl_type,outcome,host_country,bowl_class,bat_win_toss,seam_factor,spin_factor
1,1035,1035,RSA,5,539,539,MV Boucher,I Sharma,7,32,61,30.9,10091,50.22,Right-hand bat,150,71,0,3966,34.2,62.9,rfm,0,IND,seam,yes,31.198224852071007,11.494082840236688
1,1036,1036,RSA,5,539,539,MV Boucher,I Sharma,7,32,62,30.9,10091,50.22,Right-hand bat,151,71,0,3966,34.2,62.9,rfm,0,IND,seam,yes,31.198224852071007,11.494082840236688
1,1037,1037,RSA,5,539,539,MV Boucher,I Sharma,7,32,63,30.9,10091,50.22,Right-hand bat,152,71,0,3966,34.2,62.9,rfm,1,IND,seam,yes,31.198224852071007,11.494082840236688
1,1040,1040,RSA,5,545,545,MV Boucher,I Sharma,7,33,64,30.9,10091,50.22,Right-hand bat,155,77,0,3966,34.2,62.9,rfm,0,IND,seam,yes,31.198224852071007,11.494082840236688
1,1048,1048,RSA,5,547,547,MV Boucher,I Sharma,7,33,70,30.9,10091,50.22,Right-hand bat,157,78,0,3966,34.2,62.9,rfm,1,IND,seam,yes,31.198224852071007,11.494082840236688
1,1050,1050,RSA,5,549,549,MV Boucher,I Sharma,7,34,71,30.9,10091,50.22,Right-hand bat,159,80,0,3966,34.2,62.9,rfm,4,IND,seam,yes,31.198224852071007,11.494082840236688
1,1051,1051,RSA,5,553,553,MV Boucher,I Sharma,7,38,72,30.9,10091,50.22,Right-hand bat,160,84,0,3966,34.2,62.9,rfm,1,IND,seam,yes,31.198224852071007,11.494082840236688
