innings,match_balls,inn_balls,bat_team,team_wkts,team_score,team_lead,batter,bowler,bat_position,bat_score,bat_balls,bat_avg,career_bat_balls,bat_sr,bat_arm,bowl_balls,bowl_runs,bowl_wkts,career_bowl_balls,bowl_avg,bowl_sr,bowl_type,outcome,host_country,bowl_class,bat_win_toss,seam_factor,spin_factor
3,1027,395,IND,8,219,293,I Sharma,JH Kallis,10,0,2,13.82,1077,29.52,Right-hand bat,64,28,0,18336.1,32.01,67.9,rfm,0,RSA,seam,no,16.066875000000003,3.4081250000000005
3,1028,396,IND,8,219,293,I Sharma,JH Kallis,10,0,3,13.82,1077,29.52,Right-hand bat,65,28,0,18336.1,32.01,67.9,rfm,0,RSA,seam,no,16.066875000000003,3.4081250000000005
3,1029,397,IND,8,219,293,I Sharma,JH Kallis,10,0,4,13.82,1077,29.52,Right-hand bat,66,28,0,18336.1,32.01,67.9,rfm,0,RSA,seam,no,16.066875000000003,3.4081250000000005
3,1040,408,IND,8,221,295,I Sharma,JH Kallis,10,0,7,13.82,1077,29.52,Right-hand bat,71,29,0,18336.1,32.01,67.9,rfm,0,RSA,seam,no,16.066875000000003,3.4081250000000005
3,1041,409,IND,8,221,295,I Sharma,JH Kallis,10,0,8,13.82,1077,29.52,Right-hand bat,72,29,0,18336.1,32.01,67.9,rfm,0,RSA,seam,no,16.066875000000003,3.4081250000000005
3,1050,418,IND,8,223,297,I Sharma,JH Kallis,10,0,13,13.82,1077,29.52,Right-hand bat,75,30,0,18336.1,32.01,67.9,rfm,0,RSA,seam,no,16.066875000000003,3.4081250000000005
3,1051,419,IND,8,223,297,I Sharma,JH Kallis,10,0,14,13.82,1077,29.52,Right-hand bat,76,30,0,18336.1,32.01,67.9,rfm,0,RSA,seam,no,16.066875000000003,3.4081250000000005
3,1052,420,IND,8,223,297,I Sharma,JH Kallis,10,0,15,13.82,1077,29.52,Right-hand bat,77,30,0,18336.1,32.01,67.9,rfm,W,RSA,seam,no,16.066875000000003,3.4081250000000005
