innings,match_balls,inn_balls,bat_team,team_wkts,team_score,team_lead,batter,bowler,bat_position,bat_score,bat_balls,bat_avg,career_bat_balls,bat_sr,bat_arm,bowl_balls,bowl_runs,bowl_wkts,career_bowl_balls,bowl_avg,bowl_sr,bowl_type,outcome,host_country,bowl_class,bat_win_toss,seam_factor,spin_factor
2,1369,967,IND,7,552,359,I Sharma,CS Martin,9,0,7,14.7,999,29.42,Right-hand bat,155,77,1,11712.5,34.98,61.6,rfm,0,IND,seam,no,15.487244897959183,17.86989795918367
2,1370,968,IND,7,552,359,I Sharma,CS Martin,9,0,8,14.7,999,29.42,Right-hand bat,156,77,1,11712.5,34.98,61.6,rfm,0,IND,seam,no,15.487244897959183,17.86989795918367
2,1371,969,IND,7,552,359,I Sharma,CS Martin,9,0,9,14.7,999,29.42,Right-hand bat,157,77,1,11712.5,34.98,61.6,rfm,0,IND,seam,no,15.487244897959183,17.86989795918367
2,1392,990,IND,8,562,369,I Sharma,CS Martin,9,3,17,14.7,999,29.42,Right-hand bat,166,78,2,11712.5,34.98,61.6,rfm,0,IND,seam,no,15.487244897959183,17.86989795918367
2,1393,991,IND,8,562,369,I Sharma,CS Martin,9,3,18,14.7,999,29.42,Right-hand bat,167,78,2,11712.5,34.98,61.6,rfm,0,IND,seam,no,15.487244897959183,17.86989795918367
2,1394,992,IND,8,562,369,I Sharma,CS Martin,9,3,19,14.7,999,29.42,Right-hand bat,168,78,2,11712.5,34.98,61.6,rfm,0,IND,seam,no,15.487244897959183,17.86989795918367
2,1395,993,IND,8,562,369,I Sharma,CS Martin,9,3,20,14.7,999,29.42,Right-hand bat,169,78,2,11712.5,34.98,61.6,rfm,4,IND,seam,no,15.487244897959183,17.86989795918367
2,1396,994,IND,8,566,373,I Sharma,CS Martin,9,7,21,14.7,999,29.42,Right-hand bat,170,82,2,11712.5,34.98,61.6,rfm,0,IND,seam,no,15.487244897959183,17.86989795918367
