innings,match_balls,inn_balls,bat_team,team_wkts,team_score,team_lead,batter,bowler,bat_position,bat_score,bat_balls,bat_avg,career_bat_balls,bat_sr,bat_arm,bowl_balls,bowl_runs,bowl_wkts,career_bowl_balls,bowl_avg,bowl_sr,bowl_type,outcome,host_country,bowl_class,bat_win_toss,seam_factor,spin_factor
2,1348,657,SRL,4,394,-92,HAPW Jayawardene,ST Finn,6,0,0,31.88,2640,50.71,Right-hand bat,170,94,3,2070.4,26.92,41.4,rfm,0,ENG,seam,yes,33.29666666666667,14.270000000000001
2,1355,664,SRL,5,394,-92,HAPW Jayawardene,ST Finn,6,0,1,31.88,2640,50.71,Right-hand bat,171,94,3,2070.4,26.92,41.4,rfm,0,ENG,seam,yes,33.29666666666667,14.270000000000001
2,1356,665,SRL,5,394,-92,HAPW Jayawardene,ST Finn,6,0,2,31.88,2640,50.71,Right-hand bat,172,94,3,2070.4,26.92,41.4,rfm,1,ENG,seam,yes,33.29666666666667,14.270000000000001
2,1367,676,SRL,5,400,-86,HAPW Jayawardene,ST Finn,6,4,8,31.88,2640,50.71,Right-hand bat,177,97,3,2070.4,26.92,41.4,rfm,0,ENG,seam,yes,33.29666666666667,14.270000000000001
2,1368,677,SRL,5,400,-86,HAPW Jayawardene,ST Finn,6,4,9,31.88,2640,50.71,Right-hand bat,178,97,3,2070.4,26.92,41.4,rfm,0,ENG,seam,yes,33.29666666666667,14.270000000000001
2,1369,678,SRL,5,400,-86,HAPW Jayawardene,ST Finn,6,4,10,31.88,2640,50.71,Right-hand bat,179,97,3,2070.4,26.92,41.4,rfm,1,ENG,seam,yes,33.29666666666667,14.270000000000001
2,1372,681,SRL,5,402,-84,HAPW Jayawardene,ST Finn,6,5,11,31.88,2640,50.71,Right-hand bat,182,98,3,2070.4,26.92,41.4,rfm,1,ENG,seam,yes,33.29666666666667,14.270000000000001
2,1456,765,SRL,6,466,-20,HAPW Jayawardene,ST Finn,6,39,61,31.88,2640,50.71,Right-hand bat,188,104,3,2070.4,26.92,41.4,rfm,0,ENG,seam,yes,33.29666666666667,14.270000000000001
2,1463,772,SRL,7,472,-14,HAPW Jayawardene,ST Finn,6,40,63,31.88,2640,50.71,Right-hand bat,189,104,3,2070.4,26.92,41.4,rfm,W,ENG,seam,yes,33.29666666666667,14.270000000000001
