innings,match_balls,inn_balls,bat_team,team_wkts,team_score,team_lead,batter,bowler,bat_position,bat_score,bat_balls,bat_avg,career_bat_balls,bat_sr,bat_arm,bowl_balls,bowl_runs,bowl_wkts,career_bowl_balls,bowl_avg,bowl_sr,bowl_type,outcome,host_country,bowl_class,bat_win_toss,seam_factor,spin_factor
3,1812,293,IND,8,205,-281,I Sharma,SCJ Broad,10,0,0,11.43,1178,29.11,Right-hand bat,52,19,1,8064.5,32.26,63,rfm,0,ENG,seam,no,32.318244170096015,11.311385459533607
3,1813,294,IND,8,205,-281,I Sharma,SCJ Broad,10,0,1,11.43,1178,29.11,Right-hand bat,53,19,1,8064.5,32.26,63,rfm,0,ENG,seam,no,32.318244170096015,11.311385459533607
3,1814,295,IND,8,205,-281,I Sharma,SCJ Broad,10,0,2,11.43,1178,29.11,Right-hand bat,54,19,1,8064.5,32.26,63,rfm,4b,ENG,seam,no,32.318244170096015,11.311385459533607
3,1815,296,IND,8,209,-277,I Sharma,SCJ Broad,10,0,3,11.43,1178,29.11,Right-hand bat,55,19,1,8064.5,32.26,63,rfm,0,ENG,seam,no,32.318244170096015,11.311385459533607
3,1822,303,IND,8,221,-265,I Sharma,SCJ Broad,10,0,4,11.43,1178,29.11,Right-hand bat,56,19,1,8064.5,32.26,63,rfm,0,ENG,seam,no,32.318244170096015,11.311385459533607
3,1823,304,IND,8,221,-265,I Sharma,SCJ Broad,10,0,5,11.43,1178,29.11,Right-hand bat,57,19,1,8064.5,32.26,63,rfm,0,ENG,seam,no,32.318244170096015,11.311385459533607
3,1824,305,IND,8,221,-265,I Sharma,SCJ Broad,10,0,6,11.43,1178,29.11,Right-hand bat,58,19,1,8064.5,32.26,63,rfm,0,ENG,seam,no,32.318244170096015,11.311385459533607
3,1825,306,IND,8,221,-265,I Sharma,SCJ Broad,10,0,7,11.43,1178,29.11,Right-hand bat,59,19,1,8064.5,32.26,63,rfm,W,ENG,seam,no,32.318244170096015,11.311385459533607
