innings,match_balls,inn_balls,bat_team,team_wkts,team_score,team_lead,batter,bowler,bat_position,bat_score,bat_balls,bat_avg,career_bat_balls,bat_sr,bat_arm,bowl_balls,bowl_runs,bowl_wkts,career_bowl_balls,bowl_avg,bowl_sr,bowl_type,outcome,host_country,bowl_class,bat_win_toss,seam_factor,spin_factor
3,1525,6,IND,1,3,-483,G Gambhir,SCJ Broad,1,3,1,49.59,6298,52.76,Left-hand bat,0,0,0,8064.5,32.26,63,rfm,1wd,ENG,seam,no,32.318244170096015,11.311385459533607
3,1526,7,IND,1,4,-482,G Gambhir,SCJ Broad,1,3,1,49.59,6298,52.76,Left-hand bat,1,1,0,8064.5,32.26,63,rfm,0,ENG,seam,no,32.318244170096015,11.311385459533607
3,1527,8,IND,1,4,-482,G Gambhir,SCJ Broad,1,3,2,49.59,6298,52.76,Left-hand bat,2,1,0,8064.5,32.26,63,rfm,1wd,ENG,seam,no,32.318244170096015,11.311385459533607
3,1528,9,IND,1,5,-481,G Gambhir,SCJ Broad,1,3,2,49.59,6298,52.76,Left-hand bat,3,2,0,8064.5,32.26,63,rfm,0,ENG,seam,no,32.318244170096015,11.311385459533607
3,1529,10,IND,1,5,-481,G Gambhir,SCJ Broad,1,3,3,49.59,6298,52.76,Left-hand bat,4,2,0,8064.5,32.26,63,rfm,0,ENG,seam,no,32.318244170096015,11.311385459533607
3,1530,11,IND,1,5,-481,G Gambhir,SCJ Broad,1,3,4,49.59,6298,52.76,Left-hand bat,5,2,0,8064.5,32.26,63,rfm,0,ENG,seam,no,32.318244170096015,11.311385459533607
3,1531,12,IND,1,5,-481,G Gambhir,SCJ Broad,1,3,5,49.59,6298,52.76,Left-hand bat,6,2,0,8064.5,32.26,63,rfm,0,ENG,seam,no,32.318244170096015,11.311385459533607
3,1532,13,IND,1,5,-481,G Gambhir,SCJ Broad,1,3,6,49.59,6298,52.76,Left-hand bat,7,2,0,8064.5,32.26,63,rfm,0,ENG,seam,no,32.318244170096015,11.311385459533607
3,1542,23,IND,1,15,-471,G Gambhir,SCJ Broad,1,3,10,49.59,6298,52.76,Left-hand bat,11,7,0,8064.5,32.26,63,rfm,1lb,ENG,seam,no,32.318244170096015,11.311385459533607
