innings,match_balls,inn_balls,bat_team,team_wkts,team_score,team_lead,batter,bowler,bat_position,bat_score,bat_balls,bat_avg,career_bat_balls,bat_sr,bat_arm,bowl_balls,bowl_runs,bowl_wkts,career_bowl_balls,bowl_avg,bowl_sr,bowl_type,outcome,host_country,bowl_class,bat_win_toss,seam_factor,spin_factor
3,1978,480,IND,6,266,-25,MS Dhoni,JM Anderson,7,2,9,38.14,5433,59.67,Right-hand bat,84,53,1,13542.3,30.57,56.4,rfm,0,ENG,seam,no,26.050295857988164,19.10355029585799
3,1979,481,IND,6,266,-25,MS Dhoni,JM Anderson,7,2,10,38.14,5433,59.67,Right-hand bat,85,53,1,13542.3,30.57,56.4,rfm,0,ENG,seam,no,26.050295857988164,19.10355029585799
3,1980,482,IND,6,266,-25,MS Dhoni,JM Anderson,7,2,11,38.14,5433,59.67,Right-hand bat,86,53,1,13542.3,30.57,56.4,rfm,0,ENG,seam,no,26.050295857988164,19.10355029585799
3,1981,483,IND,6,266,-25,MS Dhoni,JM Anderson,7,2,12,38.14,5433,59.67,Right-hand bat,87,53,1,13542.3,30.57,56.4,rfm,0,ENG,seam,no,26.050295857988164,19.10355029585799
3,1982,484,IND,6,266,-25,MS Dhoni,JM Anderson,7,2,13,38.14,5433,59.67,Right-hand bat,88,53,1,13542.3,30.57,56.4,rfm,0,ENG,seam,no,26.050295857988164,19.10355029585799
3,1983,485,IND,6,266,-25,MS Dhoni,JM Anderson,7,2,14,38.14,5433,59.67,Right-hand bat,89,53,1,13542.3,30.57,56.4,rfm,0,ENG,seam,no,26.050295857988164,19.10355029585799
3,1990,492,IND,6,268,-23,MS Dhoni,JM Anderson,7,2,15,38.14,5433,59.67,Right-hand bat,90,53,1,13542.3,30.57,56.4,rfm,0,ENG,seam,no,26.050295857988164,19.10355029585799
3,1991,493,IND,6,268,-23,MS Dhoni,JM Anderson,7,2,16,38.14,5433,59.67,Right-hand bat,91,53,1,13542.3,30.57,56.4,rfm,1,ENG,seam,no,26.050295857988164,19.10355029585799
