innings,match_balls,inn_balls,bat_team,team_wkts,team_score,team_lead,batter,bowler,bat_position,bat_score,bat_balls,bat_avg,career_bat_balls,bat_sr,bat_arm,bowl_balls,bowl_runs,bowl_wkts,career_bowl_balls,bowl_avg,bowl_sr,bowl_type,outcome,host_country,bowl_class,bat_win_toss,seam_factor,spin_factor
3,2029,531,IND,9,275,-16,S Sreesanth,GP Swann,11,0,0,10.4,539,52.13,Right-hand bat,219,100,5,8898.5,28.82,58.1,rob,0,ENG,spin,no,26.050295857988164,19.10355029585799
3,2030,532,IND,9,275,-16,S Sreesanth,GP Swann,11,0,1,10.4,539,52.13,Right-hand bat,220,100,5,8898.5,28.82,58.1,rob,2,ENG,spin,no,26.050295857988164,19.10355029585799
3,2031,533,IND,9,277,-14,S Sreesanth,GP Swann,11,2,2,10.4,539,52.13,Right-hand bat,221,102,5,8898.5,28.82,58.1,rob,0,ENG,spin,no,26.050295857988164,19.10355029585799
3,2038,540,IND,9,279,-12,S Sreesanth,GP Swann,11,2,3,10.4,539,52.13,Right-hand bat,222,102,5,8898.5,28.82,58.1,rob,0,ENG,spin,no,26.050295857988164,19.10355029585799
3,2039,541,IND,9,279,-12,S Sreesanth,GP Swann,11,2,4,10.4,539,52.13,Right-hand bat,223,102,5,8898.5,28.82,58.1,rob,0,ENG,spin,no,26.050295857988164,19.10355029585799
3,2040,542,IND,9,279,-12,S Sreesanth,GP Swann,11,2,5,10.4,539,52.13,Right-hand bat,224,102,5,8898.5,28.82,58.1,rob,0,ENG,spin,no,26.050295857988164,19.10355029585799
3,2041,543,IND,9,279,-12,S Sreesanth,GP Swann,11,2,6,10.4,539,52.13,Right-hand bat,225,102,5,8898.5,28.82,58.1,rob,4,ENG,spin,no,26.050295857988164,19.10355029585799
3,2042,544,IND,9,283,-8,S Sreesanth,GP Swann,11,6,7,10.4,539,52.13,Right-hand bat,226,106,5,8898.5,28.82,58.1,rob,0,ENG,spin,no,26.050295857988164,19.10355029585799
3,2043,545,IND,9,283,-8,S Sreesanth,GP Swann,11,6,8,10.4,539,52.13,Right-hand bat,227,106,5,8898.5,28.82,58.1,rob,W,ENG,spin,no,26.050295857988164,19.10355029585799
