innings,match_balls,inn_balls,bat_team,team_wkts,team_score,team_lead,batter,bowler,bat_position,bat_score,bat_balls,bat_avg,career_bat_balls,bat_sr,bat_arm,bowl_balls,bowl_runs,bowl_wkts,career_bowl_balls,bowl_avg,bowl_sr,bowl_type,outcome,host_country,bowl_class,bat_win_toss,seam_factor,spin_factor
3,1161,39,WIN,2,10,-133,DM Bravo,P Kumar,4,0,0,39.84,1281,40.43,Left-hand bat,21,5,1,660,21.16,55,rm,0,WIN,seam,no,18.647382920110193,10.65564738292011
3,1162,40,WIN,2,10,-133,DM Bravo,P Kumar,4,0,1,39.84,1281,40.43,Left-hand bat,22,5,1,660,21.16,55,rm,0,WIN,seam,no,18.647382920110193,10.65564738292011
3,1163,41,WIN,2,10,-133,DM Bravo,P Kumar,4,0,2,39.84,1281,40.43,Left-hand bat,23,5,1,660,21.16,55,rm,0,WIN,seam,no,18.647382920110193,10.65564738292011
3,1170,48,WIN,2,12,-131,DM Bravo,P Kumar,4,1,8,39.84,1281,40.43,Left-hand bat,24,5,1,660,21.16,55,rm,0,WIN,seam,no,18.647382920110193,10.65564738292011
3,1171,49,WIN,2,12,-131,DM Bravo,P Kumar,4,1,9,39.84,1281,40.43,Left-hand bat,25,5,1,660,21.16,55,rm,0,WIN,seam,no,18.647382920110193,10.65564738292011
3,1172,50,WIN,2,12,-131,DM Bravo,P Kumar,4,1,10,39.84,1281,40.43,Left-hand bat,26,5,1,660,21.16,55,rm,0,WIN,seam,no,18.647382920110193,10.65564738292011
3,1173,51,WIN,2,12,-131,DM Bravo,P Kumar,4,1,11,39.84,1281,40.43,Left-hand bat,27,5,1,660,21.16,55,rm,0,WIN,seam,no,18.647382920110193,10.65564738292011
3,1174,52,WIN,2,12,-131,DM Bravo,P Kumar,4,1,12,39.84,1281,40.43,Left-hand bat,28,5,1,660,21.16,55,rm,0,WIN,seam,no,18.647382920110193,10.65564738292011
3,1175,53,WIN,2,12,-131,DM Bravo,P Kumar,4,1,13,39.84,1281,40.43,Left-hand bat,29,5,1,660,21.16,55,rm,0,WIN,seam,no,18.647382920110193,10.65564738292011
