innings,match_balls,inn_balls,bat_team,team_wkts,team_score,team_lead,batter,bowler,bat_position,bat_score,bat_balls,bat_avg,career_bat_balls,bat_sr,bat_arm,bowl_balls,bowl_runs,bowl_wkts,career_bowl_balls,bowl_avg,bowl_sr,bowl_type,outcome,host_country,bowl_class,bat_win_toss,seam_factor,spin_factor
4,2421,36,IND,1,13,-296,CA Pujara,ZS Ansari,3,5,7,49.95,6134,48.85,Right-hand bat,0,0,0,336,46,67.2,lo,4,IND,spin,no,12.127229488703923,38.1141498216409
4,2422,37,IND,1,17,-292,CA Pujara,ZS Ansari,3,9,8,49.95,6134,48.85,Right-hand bat,1,4,0,336,46,67.2,lo,0,IND,spin,no,12.127229488703923,38.1141498216409
4,2423,38,IND,1,17,-292,CA Pujara,ZS Ansari,3,9,9,49.95,6134,48.85,Right-hand bat,2,4,0,336,46,67.2,lo,0,IND,spin,no,12.127229488703923,38.1141498216409
4,2424,39,IND,1,17,-292,CA Pujara,ZS Ansari,3,9,10,49.95,6134,48.85,Right-hand bat,3,4,0,336,46,67.2,lo,0,IND,spin,no,12.127229488703923,38.1141498216409
4,2425,40,IND,1,17,-292,CA Pujara,ZS Ansari,3,9,11,49.95,6134,48.85,Right-hand bat,4,4,0,336,46,67.2,lo,0,IND,spin,no,12.127229488703923,38.1141498216409
4,2426,41,IND,1,17,-292,CA Pujara,ZS Ansari,3,9,12,49.95,6134,48.85,Right-hand bat,5,4,0,336,46,67.2,lo,0,IND,spin,no,12.127229488703923,38.1141498216409
4,2445,60,IND,1,31,-278,CA Pujara,ZS Ansari,3,10,17,49.95,6134,48.85,Right-hand bat,12,12,0,336,46,67.2,lo,0,IND,spin,no,12.127229488703923,38.1141498216409
4,2446,61,IND,1,31,-278,CA Pujara,ZS Ansari,3,10,18,49.95,6134,48.85,Right-hand bat,13,12,0,336,46,67.2,lo,0,IND,spin,no,12.127229488703923,38.1141498216409
4,2447,62,IND,1,31,-278,CA Pujara,ZS Ansari,3,10,19,49.95,6134,48.85,Right-hand bat,14,12,0,336,46,67.2,lo,0,IND,spin,no,12.127229488703923,38.1141498216409
4,2448,63,IND,1,31,-278,CA Pujara,ZS Ansari,3,10,20,49.95,6134,48.85,Right-hand bat,15,12,0,336,46,67.2,lo,0,IND,spin,no,12.127229488703923,38.1141498216409
4,2449,64,IND,1,31,-278,CA Pujara,ZS Ansari,3,10,21,49.95,6134,48.85,Right-hand bat,16,12,0,336,46,67.2,lo,0,IND,spin,no,12.127229488703923,38.1141498216409
4,2450,65,IND,1,31,-278,CA Pujara,ZS Ansari,3,10,22,49.95,6134,48.85,Right-hand bat,17,12,0,336,46,67.2,lo,0,IND,spin,no,12.127229488703923,38.1141498216409
4,2457,72,IND,1,33,-276,CA Pujara,ZS Ansari,3,11,25,49.95,6134,48.85,Right-hand bat,18,12,0,336,46,67.2,lo,1,IND,spin,no,12.127229488703923,38.1141498216409
4,2460,75,IND,1,35,-274,CA Pujara,ZS Ansari,3,12,26,49.95,6134,48.85,Right-hand bat,21,14,0,336,46,67.2,lo,1,IND,spin,no,12.127229488703923,38.1141498216409
