innings,match_balls,inn_balls,bat_team,team_wkts,team_score,team_lead,batter,bowler,bat_position,bat_score,bat_balls,bat_avg,career_bat_balls,bat_sr,bat_arm,bowl_balls,bowl_runs,bowl_wkts,career_bowl_balls,bowl_avg,bowl_sr,bowl_type,outcome,host_country,bowl_class,bat_win_toss,seam_factor,spin_factor
1,313,313,IND,5,135,135,MS Dhoni,PM Siddle,7,0,0,37.32,5852,59.96,Right-hand bat,60,33,2,6240.4,29.75,57.8,rfm,0,AUS,seam,no,22.587777777777777,0.7788888888888889
1,314,314,IND,5,135,135,MS Dhoni,PM Siddle,7,0,1,37.32,5852,59.96,Right-hand bat,61,33,2,6240.4,29.75,57.8,rfm,2,AUS,seam,no,22.587777777777777,0.7788888888888889
1,315,315,IND,5,137,137,MS Dhoni,PM Siddle,7,2,2,37.32,5852,59.96,Right-hand bat,62,35,2,6240.4,29.75,57.8,rfm,0,AUS,seam,no,22.587777777777777,0.7788888888888889
1,316,316,IND,5,137,137,MS Dhoni,PM Siddle,7,2,3,37.32,5852,59.96,Right-hand bat,63,35,2,6240.4,29.75,57.8,rfm,1,AUS,seam,no,22.587777777777777,0.7788888888888889
1,327,327,IND,6,143,143,MS Dhoni,PM Siddle,7,3,10,37.32,5852,59.96,Right-hand bat,68,41,3,6240.4,29.75,57.8,rfm,0,AUS,seam,no,22.587777777777777,0.7788888888888889
1,328,328,IND,6,143,143,MS Dhoni,PM Siddle,7,3,11,37.32,5852,59.96,Right-hand bat,69,41,3,6240.4,29.75,57.8,rfm,0,AUS,seam,no,22.587777777777777,0.7788888888888889
1,329,329,IND,6,143,143,MS Dhoni,PM Siddle,7,3,12,37.32,5852,59.96,Right-hand bat,70,41,3,6240.4,29.75,57.8,rfm,0,AUS,seam,no,22.587777777777777,0.7788888888888889
1,330,330,IND,6,143,143,MS Dhoni,PM Siddle,7,3,13,37.32,5852,59.96,Right-hand bat,71,41,3,6240.4,29.75,57.8,rfm,1,AUS,seam,no,22.587777777777777,0.7788888888888889
