innings,match_balls,inn_balls,bat_team,team_wkts,team_score,team_lead,batter,bowler,bat_position,bat_score,bat_balls,bat_avg,career_bat_balls,bat_sr,bat_arm,bowl_balls,bowl_runs,bowl_wkts,career_bowl_balls,bowl_avg,bowl_sr,bowl_type,outcome,host_country,bowl_class,bat_win_toss,seam_factor,spin_factor
1,760,760,RSA,6,391,391,DW Steyn,DL Vettori,8,0,5,15.09,1764,43.65,Right-hand bat,203,69,0,28350.5,34.16,78.9,lo,0,NZL,spin,no,37.73979591836735,2.903061224489796
1,769,769,RSA,6,393,393,DW Steyn,DL Vettori,8,0,7,15.09,1764,43.65,Right-hand bat,206,70,0,28350.5,34.16,78.9,lo,0,NZL,spin,no,37.73979591836735,2.903061224489796
1,770,770,RSA,6,393,393,DW Steyn,DL Vettori,8,0,8,15.09,1764,43.65,Right-hand bat,207,70,0,28350.5,34.16,78.9,lo,0,NZL,spin,no,37.73979591836735,2.903061224489796
1,771,771,RSA,6,393,393,DW Steyn,DL Vettori,8,0,9,15.09,1764,43.65,Right-hand bat,208,70,0,28350.5,34.16,78.9,lo,0,NZL,spin,no,37.73979591836735,2.903061224489796
1,772,772,RSA,6,393,393,DW Steyn,DL Vettori,8,0,10,15.09,1764,43.65,Right-hand bat,209,70,0,28350.5,34.16,78.9,lo,0,NZL,spin,no,37.73979591836735,2.903061224489796
1,782,782,RSA,6,403,403,DW Steyn,DL Vettori,8,0,11,15.09,1764,43.65,Right-hand bat,213,71,0,28350.5,34.16,78.9,lo,0,NZL,spin,no,37.73979591836735,2.903061224489796
1,783,783,RSA,6,403,403,DW Steyn,DL Vettori,8,0,12,15.09,1764,43.65,Right-hand bat,214,71,0,28350.5,34.16,78.9,lo,1lb,NZL,spin,no,37.73979591836735,2.903061224489796
