innings,match_balls,inn_balls,bat_team,team_wkts,team_score,team_lead,batter,bowler,bat_position,bat_score,bat_balls,bat_avg,career_bat_balls,bat_sr,bat_arm,bowl_balls,bowl_runs,bowl_wkts,career_bowl_balls,bowl_avg,bowl_sr,bowl_type,outcome,host_country,bowl_class,bat_win_toss,seam_factor,spin_factor
2,1199,302,NZL,1,130,-344,BB McCullum,DW Steyn,3,27,46,36.53,6186,60.83,Right-hand bat,78,16,0,11130.5,23.18,40.9,rf,0,NZL,seam,yes,37.73979591836735,2.903061224489796
2,1200,303,NZL,1,130,-344,BB McCullum,DW Steyn,3,27,47,36.53,6186,60.83,Right-hand bat,79,16,0,11130.5,23.18,40.9,rf,2,NZL,seam,yes,37.73979591836735,2.903061224489796
2,1201,304,NZL,1,132,-342,BB McCullum,DW Steyn,3,29,48,36.53,6186,60.83,Right-hand bat,80,18,0,11130.5,23.18,40.9,rf,0,NZL,seam,yes,37.73979591836735,2.903061224489796
2,1202,305,NZL,1,132,-342,BB McCullum,DW Steyn,3,29,49,36.53,6186,60.83,Right-hand bat,81,18,0,11130.5,23.18,40.9,rf,0,NZL,seam,yes,37.73979591836735,2.903061224489796
2,1203,306,NZL,1,132,-342,BB McCullum,DW Steyn,3,29,50,36.53,6186,60.83,Right-hand bat,82,18,0,11130.5,23.18,40.9,rf,0,NZL,seam,yes,37.73979591836735,2.903061224489796
2,1204,307,NZL,1,132,-342,BB McCullum,DW Steyn,3,29,51,36.53,6186,60.83,Right-hand bat,83,18,0,11130.5,23.18,40.9,rf,0,NZL,seam,yes,37.73979591836735,2.903061224489796
2,1211,314,NZL,1,136,-338,BB McCullum,DW Steyn,3,31,55,36.53,6186,60.83,Right-hand bat,84,18,0,11130.5,23.18,40.9,rf,W,NZL,seam,yes,37.73979591836735,2.903061224489796
