innings,match_balls,inn_balls,bat_team,team_wkts,team_score,team_lead,batter,bowler,bat_position,bat_score,bat_balls,bat_avg,career_bat_balls,bat_sr,bat_arm,bowl_balls,bowl_runs,bowl_wkts,career_bowl_balls,bowl_avg,bowl_sr,bowl_type,outcome,host_country,bowl_class,bat_win_toss,seam_factor,spin_factor
2,1430,533,NZL,6,244,-230,DL Vettori,M Morkel,7,16,23,30.31,7717,58.13,Left-hand bat,110,39,1,7560,30.02,54.3,rf,1,NZL,seam,yes,37.73979591836735,2.903061224489796
2,1433,536,NZL,6,248,-226,DL Vettori,M Morkel,7,17,24,30.31,7717,58.13,Left-hand bat,113,43,1,7560,30.02,54.3,rf,1,NZL,seam,yes,37.73979591836735,2.903061224489796
2,1440,543,NZL,6,254,-220,DL Vettori,M Morkel,7,23,28,30.31,7717,58.13,Left-hand bat,114,44,1,7560,30.02,54.3,rf,4,NZL,seam,yes,37.73979591836735,2.903061224489796
2,1441,544,NZL,6,258,-216,DL Vettori,M Morkel,7,27,29,30.31,7717,58.13,Left-hand bat,115,48,1,7560,30.02,54.3,rf,0,NZL,seam,yes,37.73979591836735,2.903061224489796
2,1442,545,NZL,6,258,-216,DL Vettori,M Morkel,7,27,30,30.31,7717,58.13,Left-hand bat,116,48,1,7560,30.02,54.3,rf,2,NZL,seam,yes,37.73979591836735,2.903061224489796
2,1443,546,NZL,6,260,-214,DL Vettori,M Morkel,7,29,31,30.31,7717,58.13,Left-hand bat,117,50,1,7560,30.02,54.3,rf,0,NZL,seam,yes,37.73979591836735,2.903061224489796
2,1444,547,NZL,6,260,-214,DL Vettori,M Morkel,7,29,32,30.31,7717,58.13,Left-hand bat,118,50,1,7560,30.02,54.3,rf,1,NZL,seam,yes,37.73979591836735,2.903061224489796
