innings,match_balls,inn_balls,bat_team,team_wkts,team_score,team_lead,batter,bowler,bat_position,bat_score,bat_balls,bat_avg,career_bat_balls,bat_sr,bat_arm,bowl_balls,bowl_runs,bowl_wkts,career_bowl_balls,bowl_avg,bowl_sr,bowl_type,outcome,host_country,bowl_class,bat_win_toss,seam_factor,spin_factor
1,333,333,WIN,4,134,134,S Chanderpaul,IJL Trott,5,39,73,50.65,23986,42.66,Left-hand bat,0,0,0,384,82.66,128,rm,1,ENG,seam,no,28.873469387755097,4.812244897959183
1,336,336,WIN,4,136,136,S Chanderpaul,IJL Trott,5,40,74,50.65,23986,42.66,Left-hand bat,3,1,0,384,82.66,128,rm,0,ENG,seam,no,28.873469387755097,4.812244897959183
1,337,337,WIN,4,136,136,S Chanderpaul,IJL Trott,5,40,75,50.65,23986,42.66,Left-hand bat,4,1,0,384,82.66,128,rm,0,ENG,seam,no,28.873469387755097,4.812244897959183
1,338,338,WIN,4,136,136,S Chanderpaul,IJL Trott,5,40,76,50.65,23986,42.66,Left-hand bat,5,1,0,384,82.66,128,rm,0,ENG,seam,no,28.873469387755097,4.812244897959183
1,345,345,WIN,4,140,140,S Chanderpaul,IJL Trott,5,40,77,50.65,23986,42.66,Left-hand bat,6,1,0,384,82.66,128,rm,0,ENG,seam,no,28.873469387755097,4.812244897959183
1,346,346,WIN,4,140,140,S Chanderpaul,IJL Trott,5,40,78,50.65,23986,42.66,Left-hand bat,7,1,0,384,82.66,128,rm,1,ENG,seam,no,28.873469387755097,4.812244897959183
1,348,348,WIN,4,142,142,S Chanderpaul,IJL Trott,5,41,79,50.65,23986,42.66,Left-hand bat,9,3,0,384,82.66,128,rm,1,ENG,seam,no,28.873469387755097,4.812244897959183
1,350,350,WIN,4,146,146,S Chanderpaul,IJL Trott,5,42,80,50.65,23986,42.66,Left-hand bat,11,7,0,384,82.66,128,rm,0,ENG,seam,no,28.873469387755097,4.812244897959183
