innings,match_balls,inn_balls,bat_team,team_wkts,team_score,team_lead,batter,bowler,bat_position,bat_score,bat_balls,bat_avg,career_bat_balls,bat_sr,bat_arm,bowl_balls,bowl_runs,bowl_wkts,career_bowl_balls,bowl_avg,bowl_sr,bowl_type,outcome,host_country,bowl_class,bat_win_toss,seam_factor,spin_factor
2,1090,548,ENG,5,292,49,MJ Prior,KAJ Roach,7,0,0,42.72,4255,65.26,Right-hand bat,125,78,3,3540.4,28.61,52.1,rfm,0,ENG,seam,yes,28.873469387755097,4.812244897959183
2,1097,555,ENG,5,302,59,MJ Prior,KAJ Roach,7,9,5,42.72,4255,65.26,Right-hand bat,126,78,3,3540.4,28.61,52.1,rfm,1,ENG,seam,yes,28.873469387755097,4.812244897959183
2,1109,567,ENG,5,306,63,MJ Prior,KAJ Roach,7,11,7,42.72,4255,65.26,Right-hand bat,132,79,3,3540.4,28.61,52.1,rfm,0,ENG,seam,yes,28.873469387755097,4.812244897959183
2,1110,568,ENG,5,306,63,MJ Prior,KAJ Roach,7,11,8,42.72,4255,65.26,Right-hand bat,133,79,3,3540.4,28.61,52.1,rfm,0,ENG,seam,yes,28.873469387755097,4.812244897959183
2,1111,569,ENG,5,306,63,MJ Prior,KAJ Roach,7,11,9,42.72,4255,65.26,Right-hand bat,134,79,3,3540.4,28.61,52.1,rfm,1nb,ENG,seam,yes,28.873469387755097,4.812244897959183
2,1112,570,ENG,5,307,64,MJ Prior,KAJ Roach,7,11,10,42.72,4255,65.26,Right-hand bat,135,80,3,3540.4,28.61,52.1,rfm,4,ENG,seam,yes,28.873469387755097,4.812244897959183
2,1113,571,ENG,5,311,68,MJ Prior,KAJ Roach,7,15,11,42.72,4255,65.26,Right-hand bat,136,84,3,3540.4,28.61,52.1,rfm,2,ENG,seam,yes,28.873469387755097,4.812244897959183
2,1114,572,ENG,5,313,70,MJ Prior,KAJ Roach,7,17,12,42.72,4255,65.26,Right-hand bat,137,86,3,3540.4,28.61,52.1,rfm,0,ENG,seam,yes,28.873469387755097,4.812244897959183
2,1115,573,ENG,5,313,70,MJ Prior,KAJ Roach,7,17,13,42.72,4255,65.26,Right-hand bat,138,86,3,3540.4,28.61,52.1,rfm,0,ENG,seam,yes,28.873469387755097,4.812244897959183
