innings,match_balls,inn_balls,bat_team,team_wkts,team_score,team_lead,batter,bowler,bat_position,bat_score,bat_balls,bat_avg,career_bat_balls,bat_sr,bat_arm,bowl_balls,bowl_runs,bowl_wkts,career_bowl_balls,bowl_avg,bowl_sr,bowl_type,outcome,host_country,bowl_class,bat_win_toss,seam_factor,spin_factor
1,713,713,ENG,7,331,331,SCJ Broad,DW Steyn,9,8,18,27.21,2378,64.08,Left-hand bat,156,70,2,11436.5,23.16,41,rf,1,ENG,seam,yes,46.933884297520656,10.429752066115704
1,717,717,ENG,7,339,339,SCJ Broad,DW Steyn,9,9,19,27.21,2378,64.08,Left-hand bat,160,77,2,11436.5,23.16,41,rf,0,ENG,seam,yes,46.933884297520656,10.429752066115704
1,718,718,ENG,7,339,339,SCJ Broad,DW Steyn,9,9,20,27.21,2378,64.08,Left-hand bat,161,77,2,11436.5,23.16,41,rf,0,ENG,seam,yes,46.933884297520656,10.429752066115704
1,726,726,ENG,7,345,345,SCJ Broad,DW Steyn,9,9,23,27.21,2378,64.08,Left-hand bat,163,78,2,11436.5,23.16,41,rf,0,ENG,seam,yes,46.933884297520656,10.429752066115704
1,727,727,ENG,7,345,345,SCJ Broad,DW Steyn,9,9,24,27.21,2378,64.08,Left-hand bat,164,78,2,11436.5,23.16,41,rf,0,ENG,seam,yes,46.933884297520656,10.429752066115704
1,728,728,ENG,7,345,345,SCJ Broad,DW Steyn,9,9,25,27.21,2378,64.08,Left-hand bat,165,78,2,11436.5,23.16,41,rf,3,ENG,seam,yes,46.933884297520656,10.429752066115704
1,730,730,ENG,7,349,349,SCJ Broad,DW Steyn,9,12,26,27.21,2378,64.08,Left-hand bat,167,82,2,11436.5,23.16,41,rf,4,ENG,seam,yes,46.933884297520656,10.429752066115704
