innings,match_balls,inn_balls,bat_team,team_wkts,team_score,team_lead,batter,bowler,bat_position,bat_score,bat_balls,bat_avg,career_bat_balls,bat_sr,bat_arm,bowl_balls,bowl_runs,bowl_wkts,career_bowl_balls,bowl_avg,bowl_sr,bowl_type,outcome,host_country,bowl_class,bat_win_toss,seam_factor,spin_factor
2,1452,616,ENG,5,334,-85,MJ Prior,DW Steyn,7,8,13,42.4,4545,65.3,Right-hand bat,132,82,2,11646.5,23.36,41.3,rf,1,ENG,seam,yes,28.282828282828284,9.050505050505052
2,1467,631,ENG,5,340,-79,MJ Prior,DW Steyn,7,10,21,42.4,4545,65.3,Right-hand bat,139,84,2,11646.5,23.36,41.3,rf,0,ENG,seam,yes,28.282828282828284,9.050505050505052
2,1468,632,ENG,5,340,-79,MJ Prior,DW Steyn,7,10,22,42.4,4545,65.3,Right-hand bat,140,84,2,11646.5,23.36,41.3,rf,0,ENG,seam,yes,28.282828282828284,9.050505050505052
2,1469,633,ENG,5,340,-79,MJ Prior,DW Steyn,7,10,23,42.4,4545,65.3,Right-hand bat,141,84,2,11646.5,23.36,41.3,rf,0,ENG,seam,yes,28.282828282828284,9.050505050505052
2,1470,634,ENG,5,340,-79,MJ Prior,DW Steyn,7,10,24,42.4,4545,65.3,Right-hand bat,142,84,2,11646.5,23.36,41.3,rf,4,ENG,seam,yes,28.282828282828284,9.050505050505052
2,1471,635,ENG,5,344,-75,MJ Prior,DW Steyn,7,14,25,42.4,4545,65.3,Right-hand bat,143,88,2,11646.5,23.36,41.3,rf,4,ENG,seam,yes,28.282828282828284,9.050505050505052
2,1488,652,ENG,6,355,-64,MJ Prior,DW Steyn,7,22,33,42.4,4545,65.3,Right-hand bat,148,93,2,11646.5,23.36,41.3,rf,0,ENG,seam,yes,28.282828282828284,9.050505050505052
2,1489,653,ENG,6,355,-64,MJ Prior,DW Steyn,7,22,34,42.4,4545,65.3,Right-hand bat,149,93,2,11646.5,23.36,41.3,rf,4,ENG,seam,yes,28.282828282828284,9.050505050505052
2,1602,766,ENG,8,415,-4,MJ Prior,DW Steyn,7,67,87,42.4,4545,65.3,Right-hand bat,162,97,2,11646.5,23.36,41.3,rf,1,ENG,seam,yes,28.282828282828284,9.050505050505052
