innings,match_balls,inn_balls,bat_team,team_wkts,team_score,team_lead,batter,bowler,bat_position,bat_score,bat_balls,bat_avg,career_bat_balls,bat_sr,bat_arm,bowl_balls,bowl_runs,bowl_wkts,career_bowl_balls,bowl_avg,bowl_sr,bowl_type,outcome,host_country,bowl_class,bat_win_toss,seam_factor,spin_factor
2,935,99,ENG,0,48,-371,AJ Strauss,JH Kallis,1,19,49,41.27,14339,48.92,Left-hand bat,10,1,0,19206,32.46,68.8,rfm,0,ENG,seam,yes,28.282828282828284,9.050505050505052
2,936,100,ENG,0,48,-371,AJ Strauss,JH Kallis,1,19,50,41.27,14339,48.92,Left-hand bat,11,1,0,19206,32.46,68.8,rfm,0,ENG,seam,yes,28.282828282828284,9.050505050505052
2,943,107,ENG,0,48,-371,AJ Strauss,JH Kallis,1,19,51,41.27,14339,48.92,Left-hand bat,12,1,0,19206,32.46,68.8,rfm,0,ENG,seam,yes,28.282828282828284,9.050505050505052
2,944,108,ENG,0,48,-371,AJ Strauss,JH Kallis,1,19,52,41.27,14339,48.92,Left-hand bat,13,1,0,19206,32.46,68.8,rfm,0,ENG,seam,yes,28.282828282828284,9.050505050505052
2,945,109,ENG,0,48,-371,AJ Strauss,JH Kallis,1,19,53,41.27,14339,48.92,Left-hand bat,14,1,0,19206,32.46,68.8,rfm,0,ENG,seam,yes,28.282828282828284,9.050505050505052
2,946,110,ENG,0,48,-371,AJ Strauss,JH Kallis,1,19,54,41.27,14339,48.92,Left-hand bat,15,1,0,19206,32.46,68.8,rfm,0,ENG,seam,yes,28.282828282828284,9.050505050505052
2,947,111,ENG,0,48,-371,AJ Strauss,JH Kallis,1,19,55,41.27,14339,48.92,Left-hand bat,16,1,0,19206,32.46,68.8,rfm,0,ENG,seam,yes,28.282828282828284,9.050505050505052
2,948,112,ENG,0,48,-371,AJ Strauss,JH Kallis,1,19,56,41.27,14339,48.92,Left-hand bat,17,1,0,19206,32.46,68.8,rfm,0,ENG,seam,yes,28.282828282828284,9.050505050505052
