innings,match_balls,inn_balls,bat_team,team_wkts,team_score,team_lead,batter,bowler,bat_position,bat_score,bat_balls,bat_avg,career_bat_balls,bat_sr,bat_arm,bowl_balls,bowl_runs,bowl_wkts,career_bowl_balls,bowl_avg,bowl_sr,bowl_type,outcome,host_country,bowl_class,bat_win_toss,seam_factor,spin_factor
1,224,224,RSA,1,120,120,HM Amla,TT Bresnan,3,0,0,49.6,9343,51.5,Right-hand bat,38,26,1,3480.3,30.05,61.1,rmf,0,ENG,seam,no,28.282828282828284,9.050505050505052
1,225,225,RSA,1,120,120,HM Amla,TT Bresnan,3,0,1,49.6,9343,51.5,Right-hand bat,39,26,1,3480.3,30.05,61.1,rmf,0,ENG,seam,no,28.282828282828284,9.050505050505052
1,226,226,RSA,1,120,120,HM Amla,TT Bresnan,3,0,2,49.6,9343,51.5,Right-hand bat,40,26,1,3480.3,30.05,61.1,rmf,1,ENG,seam,no,28.282828282828284,9.050505050505052
1,235,235,RSA,1,130,130,HM Amla,TT Bresnan,3,9,9,49.6,9343,51.5,Right-hand bat,43,28,1,3480.3,30.05,61.1,rmf,0,ENG,seam,no,28.282828282828284,9.050505050505052
1,236,236,RSA,1,130,130,HM Amla,TT Bresnan,3,9,10,49.6,9343,51.5,Right-hand bat,44,28,1,3480.3,30.05,61.1,rmf,0,ENG,seam,no,28.282828282828284,9.050505050505052
1,237,237,RSA,1,130,130,HM Amla,TT Bresnan,3,9,11,49.6,9343,51.5,Right-hand bat,45,28,1,3480.3,30.05,61.1,rmf,0,ENG,seam,no,28.282828282828284,9.050505050505052
1,238,238,RSA,1,130,130,HM Amla,TT Bresnan,3,9,12,49.6,9343,51.5,Right-hand bat,46,28,1,3480.3,30.05,61.1,rmf,0,ENG,seam,no,28.282828282828284,9.050505050505052
1,239,239,RSA,1,130,130,HM Amla,TT Bresnan,3,9,13,49.6,9343,51.5,Right-hand bat,47,28,1,3480.3,30.05,61.1,rmf,0,ENG,seam,no,28.282828282828284,9.050505050505052
