innings,match_balls,inn_balls,bat_team,team_wkts,team_score,team_lead,batter,bowler,bat_position,bat_score,bat_balls,bat_avg,career_bat_balls,bat_sr,bat_arm,bowl_balls,bowl_runs,bowl_wkts,career_bowl_balls,bowl_avg,bowl_sr,bowl_type,outcome,host_country,bowl_class,bat_win_toss,seam_factor,spin_factor
1,609,609,WIN,8,281,281,FH Edwards,I Sharma,10,0,0,5.87,1229,26.28,Right-hand bat,141,67,1,7662,35.02,61.2,rfm,1,IND,seam,yes,11.074285714285715,16.611428571428572
1,611,611,WIN,8,283,283,FH Edwards,I Sharma,10,1,1,5.87,1229,26.28,Right-hand bat,143,69,1,7662,35.02,61.2,rfm,1,IND,seam,yes,11.074285714285715,16.611428571428572
1,620,620,WIN,8,285,285,FH Edwards,I Sharma,10,2,8,5.87,1229,26.28,Right-hand bat,146,71,1,7662,35.02,61.2,rfm,0,IND,seam,yes,11.074285714285715,16.611428571428572
1,621,621,WIN,8,285,285,FH Edwards,I Sharma,10,2,9,5.87,1229,26.28,Right-hand bat,147,71,1,7662,35.02,61.2,rfm,0,IND,seam,yes,11.074285714285715,16.611428571428572
1,622,622,WIN,8,285,285,FH Edwards,I Sharma,10,2,10,5.87,1229,26.28,Right-hand bat,148,71,1,7662,35.02,61.2,rfm,4,IND,seam,yes,11.074285714285715,16.611428571428572
1,623,623,WIN,8,289,289,FH Edwards,I Sharma,10,6,11,5.87,1229,26.28,Right-hand bat,149,75,1,7662,35.02,61.2,rfm,4,IND,seam,yes,11.074285714285715,16.611428571428572
1,624,624,WIN,8,293,293,FH Edwards,I Sharma,10,10,12,5.87,1229,26.28,Right-hand bat,150,79,1,7662,35.02,61.2,rfm,0,IND,seam,yes,11.074285714285715,16.611428571428572
