innings,match_balls,inn_balls,bat_team,team_wkts,team_score,team_lead,batter,bowler,bat_position,bat_score,bat_balls,bat_avg,career_bat_balls,bat_sr,bat_arm,bowl_balls,bowl_runs,bowl_wkts,career_bowl_balls,bowl_avg,bowl_sr,bowl_type,outcome,host_country,bowl_class,bat_win_toss,seam_factor,spin_factor
1,442,442,ENG,3,234,234,JM Bairstow,A Mishra,5,41,64,41.27,4424,55.04,Right-hand bat,45,31,0,5100.3,35.72,67.1,rls,0,IND,spin,yes,17.814814814814813,35.629629629629626
1,443,443,ENG,3,234,234,JM Bairstow,A Mishra,5,41,65,41.27,4424,55.04,Right-hand bat,46,31,0,5100.3,35.72,67.1,rls,1,IND,spin,yes,17.814814814814813,35.629629629629626
1,452,452,ENG,3,240,240,JM Bairstow,A Mishra,5,44,69,41.27,4424,55.04,Right-hand bat,49,33,0,5100.3,35.72,67.1,rls,1,IND,spin,yes,17.814814814814813,35.629629629629626
1,463,463,ENG,3,244,244,JM Bairstow,A Mishra,5,46,75,41.27,4424,55.04,Right-hand bat,54,36,0,5100.3,35.72,67.1,rls,1,IND,spin,yes,17.814814814814813,35.629629629629626
1,466,466,ENG,3,246,246,JM Bairstow,A Mishra,5,47,76,41.27,4424,55.04,Right-hand bat,57,38,0,5100.3,35.72,67.1,rls,0,IND,spin,yes,17.814814814814813,35.629629629629626
1,467,467,ENG,3,246,246,JM Bairstow,A Mishra,5,47,77,41.27,4424,55.04,Right-hand bat,58,38,0,5100.3,35.72,67.1,rls,0,IND,spin,yes,17.814814814814813,35.629629629629626
1,468,468,ENG,3,246,246,JM Bairstow,A Mishra,5,47,78,41.27,4424,55.04,Right-hand bat,59,38,0,5100.3,35.72,67.1,rls,1,IND,spin,yes,17.814814814814813,35.629629629629626
1,476,476,ENG,3,248,248,JM Bairstow,A Mishra,5,48,85,41.27,4424,55.04,Right-hand bat,61,40,0,5100.3,35.72,67.1,rls,0,IND,spin,yes,17.814814814814813,35.629629629629626
1,477,477,ENG,3,248,248,JM Bairstow,A Mishra,5,48,86,41.27,4424,55.04,Right-hand bat,62,40,0,5100.3,35.72,67.1,rls,1,IND,spin,yes,17.814814814814813,35.629629629629626
