innings,match_balls,inn_balls,bat_team,team_wkts,team_score,team_lead,batter,bowler,bat_position,bat_score,bat_balls,bat_avg,career_bat_balls,bat_sr,bat_arm,bowl_balls,bowl_runs,bowl_wkts,career_bowl_balls,bowl_avg,bowl_sr,bowl_type,outcome,host_country,bowl_class,bat_win_toss,seam_factor,spin_factor
1,364,364,ENG,3,183,183,JM Bairstow,UT Yadav,5,10,20,41.27,4424,55.04,Right-hand bat,64,37,0,4254.5,38.94,62.6,rf,1,IND,seam,yes,17.814814814814813,35.629629629629626
1,373,373,ENG,3,187,187,JM Bairstow,UT Yadav,5,12,25,41.27,4424,55.04,Right-hand bat,67,39,0,4254.5,38.94,62.6,rf,0,IND,seam,yes,17.814814814814813,35.629629629629626
1,374,374,ENG,3,187,187,JM Bairstow,UT Yadav,5,12,26,41.27,4424,55.04,Right-hand bat,68,39,0,4254.5,38.94,62.6,rf,2,IND,seam,yes,17.814814814814813,35.629629629629626
1,375,375,ENG,3,189,189,JM Bairstow,UT Yadav,5,14,27,41.27,4424,55.04,Right-hand bat,69,41,0,4254.5,38.94,62.6,rf,0,IND,seam,yes,17.814814814814813,35.629629629629626
1,376,376,ENG,3,189,189,JM Bairstow,UT Yadav,5,14,28,41.27,4424,55.04,Right-hand bat,70,41,0,4254.5,38.94,62.6,rf,2,IND,seam,yes,17.814814814814813,35.629629629629626
1,377,377,ENG,3,191,191,JM Bairstow,UT Yadav,5,16,29,41.27,4424,55.04,Right-hand bat,71,43,0,4254.5,38.94,62.6,rf,0,IND,seam,yes,17.814814814814813,35.629629629629626
1,378,378,ENG,3,191,191,JM Bairstow,UT Yadav,5,16,30,41.27,4424,55.04,Right-hand bat,72,43,0,4254.5,38.94,62.6,rf,1,IND,seam,yes,17.814814814814813,35.629629629629626
