innings,match_balls,inn_balls,bat_team,team_wkts,team_score,team_lead,batter,bowler,bat_position,bat_score,bat_balls,bat_avg,career_bat_balls,bat_sr,bat_arm,bowl_balls,bowl_runs,bowl_wkts,career_bowl_balls,bowl_avg,bowl_sr,bowl_type,outcome,host_country,bowl_class,bat_win_toss,seam_factor,spin_factor
1,106,106,WIN,1,38,38,KA Edwards,RJ Harris,3,0,0,50.53,1392,47.19,Right-hand bat,27,12,1,2160.2,22.63,47,rf,0,WIN,seam,yes,25.36326530612245,8.779591836734696
1,107,107,WIN,1,38,38,KA Edwards,RJ Harris,3,0,1,50.53,1392,47.19,Right-hand bat,28,12,1,2160.2,22.63,47,rf,0,WIN,seam,yes,25.36326530612245,8.779591836734696
1,108,108,WIN,1,38,38,KA Edwards,RJ Harris,3,0,2,50.53,1392,47.19,Right-hand bat,29,12,1,2160.2,22.63,47,rf,0,WIN,seam,yes,25.36326530612245,8.779591836734696
1,115,115,WIN,1,40,40,KA Edwards,RJ Harris,3,0,3,50.53,1392,47.19,Right-hand bat,30,12,1,2160.2,22.63,47,rf,1,WIN,seam,yes,25.36326530612245,8.779591836734696
1,184,184,WIN,1,68,68,KA Edwards,RJ Harris,3,13,36,50.53,1392,47.19,Right-hand bat,50,22,1,2160.2,22.63,47,rf,0,WIN,seam,yes,25.36326530612245,8.779591836734696
1,185,185,WIN,1,68,68,KA Edwards,RJ Harris,3,13,37,50.53,1392,47.19,Right-hand bat,51,22,1,2160.2,22.63,47,rf,0,WIN,seam,yes,25.36326530612245,8.779591836734696
1,186,186,WIN,1,68,68,KA Edwards,RJ Harris,3,13,38,50.53,1392,47.19,Right-hand bat,52,22,1,2160.2,22.63,47,rf,0,WIN,seam,yes,25.36326530612245,8.779591836734696
1,187,187,WIN,1,68,68,KA Edwards,RJ Harris,3,13,39,50.53,1392,47.19,Right-hand bat,53,22,1,2160.2,22.63,47,rf,0,WIN,seam,yes,25.36326530612245,8.779591836734696
1,194,194,WIN,1,68,68,KA Edwards,RJ Harris,3,13,40,50.53,1392,47.19,Right-hand bat,54,22,1,2160.2,22.63,47,rf,1,WIN,seam,yes,25.36326530612245,8.779591836734696
