innings,match_balls,inn_balls,bat_team,team_wkts,team_score,team_lead,batter,bowler,bat_position,bat_score,bat_balls,bat_avg,career_bat_balls,bat_sr,bat_arm,bowl_balls,bowl_runs,bowl_wkts,career_bowl_balls,bowl_avg,bowl_sr,bowl_type,outcome,host_country,bowl_class,bat_win_toss,seam_factor,spin_factor
3,2182,385,WIN,9,142,185,KAJ Roach,RJ Harris,9,21,38,10.1,613,32.95,Right-hand bat,43,27,2,2160.2,22.63,47,rf,0,WIN,seam,yes,25.36326530612245,8.779591836734696
3,2183,386,WIN,9,142,185,KAJ Roach,RJ Harris,9,21,39,10.1,613,32.95,Right-hand bat,44,27,2,2160.2,22.63,47,rf,2,WIN,seam,yes,25.36326530612245,8.779591836734696
3,2184,387,WIN,9,144,187,KAJ Roach,RJ Harris,9,23,40,10.1,613,32.95,Right-hand bat,45,29,2,2160.2,22.63,47,rf,0,WIN,seam,yes,25.36326530612245,8.779591836734696
3,2185,388,WIN,9,144,187,KAJ Roach,RJ Harris,9,23,41,10.1,613,32.95,Right-hand bat,46,29,2,2160.2,22.63,47,rf,1,WIN,seam,yes,25.36326530612245,8.779591836734696
3,2187,390,WIN,9,146,189,KAJ Roach,RJ Harris,9,24,42,10.1,613,32.95,Right-hand bat,48,31,2,2160.2,22.63,47,rf,0,WIN,seam,yes,25.36326530612245,8.779591836734696
3,2194,397,WIN,9,148,191,KAJ Roach,RJ Harris,9,25,45,10.1,613,32.95,Right-hand bat,49,31,2,2160.2,22.63,47,rf,0,WIN,seam,yes,25.36326530612245,8.779591836734696
3,2195,398,WIN,9,148,191,KAJ Roach,RJ Harris,9,25,46,10.1,613,32.95,Right-hand bat,50,31,2,2160.2,22.63,47,rf,0,WIN,seam,yes,25.36326530612245,8.779591836734696
3,2196,399,WIN,9,148,191,KAJ Roach,RJ Harris,9,25,47,10.1,613,32.95,Right-hand bat,51,31,2,2160.2,22.63,47,rf,0,WIN,seam,yes,25.36326530612245,8.779591836734696
3,2197,400,WIN,9,148,191,KAJ Roach,RJ Harris,9,25,48,10.1,613,32.95,Right-hand bat,52,31,2,2160.2,22.63,47,rf,W,WIN,seam,yes,25.36326530612245,8.779591836734696
