innings,match_balls,inn_balls,bat_team,team_wkts,team_score,team_lead,batter,bowler,bat_position,bat_score,bat_balls,bat_avg,career_bat_balls,bat_sr,bat_arm,bowl_balls,bowl_runs,bowl_wkts,career_bowl_balls,bowl_avg,bowl_sr,bowl_type,outcome,host_country,bowl_class,bat_win_toss,seam_factor,spin_factor
2,1032,109,PAK,2,38,-434,Younis Khan,S Randiv,4,7,41,52.53,12318,52.88,Right-hand bat,0,0,0,2448.1,34.97,69.9,rob,0,SRL,spin,no,8.236734693877551,20.591836734693878
2,1033,110,PAK,2,38,-434,Younis Khan,S Randiv,4,7,42,52.53,12318,52.88,Right-hand bat,1,0,0,2448.1,34.97,69.9,rob,0,SRL,spin,no,8.236734693877551,20.591836734693878
2,1034,111,PAK,2,38,-434,Younis Khan,S Randiv,4,7,43,52.53,12318,52.88,Right-hand bat,2,0,0,2448.1,34.97,69.9,rob,0,SRL,spin,no,8.236734693877551,20.591836734693878
2,1035,112,PAK,2,38,-434,Younis Khan,S Randiv,4,7,44,52.53,12318,52.88,Right-hand bat,3,0,0,2448.1,34.97,69.9,rob,0,SRL,spin,no,8.236734693877551,20.591836734693878
2,1036,113,PAK,2,38,-434,Younis Khan,S Randiv,4,7,45,52.53,12318,52.88,Right-hand bat,4,0,0,2448.1,34.97,69.9,rob,0,SRL,spin,no,8.236734693877551,20.591836734693878
2,1037,114,PAK,2,38,-434,Younis Khan,S Randiv,4,7,46,52.53,12318,52.88,Right-hand bat,5,0,0,2448.1,34.97,69.9,rob,1,SRL,spin,no,8.236734693877551,20.591836734693878
2,1044,121,PAK,2,42,-430,Younis Khan,S Randiv,4,10,50,52.53,12318,52.88,Right-hand bat,6,1,0,2448.1,34.97,69.9,rob,1,SRL,spin,no,8.236734693877551,20.591836734693878
2,1056,133,PAK,5,44,-428,Younis Khan,S Randiv,4,12,53,52.53,12318,52.88,Right-hand bat,12,2,2,2448.1,34.97,69.9,rob,1,SRL,spin,no,8.236734693877551,20.591836734693878
2,1061,138,PAK,5,46,-426,Younis Khan,S Randiv,4,13,54,52.53,12318,52.88,Right-hand bat,17,4,2,2448.1,34.97,69.9,rob,1,SRL,spin,no,8.236734693877551,20.591836734693878
