innings,match_balls,inn_balls,bat_team,team_wkts,team_score,team_lead,batter,bowler,bat_position,bat_score,bat_balls,bat_avg,career_bat_balls,bat_sr,bat_arm,bowl_balls,bowl_runs,bowl_wkts,career_bowl_balls,bowl_avg,bowl_sr,bowl_type,outcome,host_country,bowl_class,bat_win_toss,seam_factor,spin_factor
2,1221,260,ENG,6,86,-435,MJ Prior,Yuvraj Singh,8,1,14,43.33,5058,63.4,Right-hand bat,8,10,0,894.1,58.88,99.4,lo,0,IND,spin,no,11.395957193816885,29.914387633769323
2,1222,261,ENG,6,86,-435,MJ Prior,Yuvraj Singh,8,1,15,43.33,5058,63.4,Right-hand bat,9,10,0,894.1,58.88,99.4,lo,0,IND,spin,no,11.395957193816885,29.914387633769323
2,1223,262,ENG,6,86,-435,MJ Prior,Yuvraj Singh,8,1,16,43.33,5058,63.4,Right-hand bat,10,10,0,894.1,58.88,99.4,lo,0,IND,spin,no,11.395957193816885,29.914387633769323
2,1224,263,ENG,6,86,-435,MJ Prior,Yuvraj Singh,8,1,17,43.33,5058,63.4,Right-hand bat,11,10,0,894.1,58.88,99.4,lo,0,IND,spin,no,11.395957193816885,29.914387633769323
2,1231,270,ENG,6,86,-435,MJ Prior,Yuvraj Singh,8,1,18,43.33,5058,63.4,Right-hand bat,12,10,0,894.1,58.88,99.4,lo,0,IND,spin,no,11.395957193816885,29.914387633769323
2,1232,271,ENG,6,86,-435,MJ Prior,Yuvraj Singh,8,1,19,43.33,5058,63.4,Right-hand bat,13,10,0,894.1,58.88,99.4,lo,1,IND,spin,no,11.395957193816885,29.914387633769323
2,1234,273,ENG,6,88,-433,MJ Prior,Yuvraj Singh,8,2,20,43.33,5058,63.4,Right-hand bat,15,12,0,894.1,58.88,99.4,lo,0,IND,spin,no,11.395957193816885,29.914387633769323
2,1235,274,ENG,6,88,-433,MJ Prior,Yuvraj Singh,8,2,21,43.33,5058,63.4,Right-hand bat,16,12,0,894.1,58.88,99.4,lo,0,IND,spin,no,11.395957193816885,29.914387633769323
2,1236,275,ENG,6,88,-433,MJ Prior,Yuvraj Singh,8,2,22,43.33,5058,63.4,Right-hand bat,17,12,0,894.1,58.88,99.4,lo,0,IND,spin,no,11.395957193816885,29.914387633769323
