innings,match_balls,inn_balls,bat_team,team_wkts,team_score,team_lead,batter,bowler,bat_position,bat_score,bat_balls,bat_avg,career_bat_balls,bat_sr,bat_arm,bowl_balls,bowl_runs,bowl_wkts,career_bowl_balls,bowl_avg,bowl_sr,bowl_type,outcome,host_country,bowl_class,bat_win_toss,seam_factor,spin_factor
2,1623,991,ENG,8,510,194,JM Anderson,Z Khan,10,0,0,11.01,1850,38.1,Left-hand bat,176,82,2,17610.2,32.35,59.7,lfm,1,IND,seam,no,15.523415977961433,18.628099173553718
2,1633,1001,ENG,8,516,200,JM Anderson,Z Khan,10,2,2,11.01,1850,38.1,Left-hand bat,180,87,2,17610.2,32.35,59.7,lfm,0,IND,seam,no,15.523415977961433,18.628099173553718
2,1634,1002,ENG,8,516,200,JM Anderson,Z Khan,10,2,3,11.01,1850,38.1,Left-hand bat,181,87,2,17610.2,32.35,59.7,lfm,0,IND,seam,no,15.523415977961433,18.628099173553718
2,1635,1003,ENG,8,516,200,JM Anderson,Z Khan,10,2,4,11.01,1850,38.1,Left-hand bat,182,87,2,17610.2,32.35,59.7,lfm,0,IND,seam,no,15.523415977961433,18.628099173553718
2,1636,1004,ENG,8,516,200,JM Anderson,Z Khan,10,2,5,11.01,1850,38.1,Left-hand bat,183,87,2,17610.2,32.35,59.7,lfm,4,IND,seam,no,15.523415977961433,18.628099173553718
2,1637,1005,ENG,8,520,204,JM Anderson,Z Khan,10,6,6,11.01,1850,38.1,Left-hand bat,184,91,2,17610.2,32.35,59.7,lfm,3,IND,seam,no,15.523415977961433,18.628099173553718
