innings,match_balls,inn_balls,bat_team,team_wkts,team_score,team_lead,batter,bowler,bat_position,bat_score,bat_balls,bat_avg,career_bat_balls,bat_sr,bat_arm,bowl_balls,bowl_runs,bowl_wkts,career_bowl_balls,bowl_avg,bowl_sr,bowl_type,outcome,host_country,bowl_class,bat_win_toss,seam_factor,spin_factor
3,1932,199,ENG,1,61,65,NRD Compton,RA Jadeja,2,31,96,34.66,613,33.93,Right-hand bat,0,0,0,420,39,140,lo,0,IND,spin,yes,15.243856332703215,28.58223062381853
3,1933,200,ENG,1,61,65,NRD Compton,RA Jadeja,2,31,97,34.66,613,33.93,Right-hand bat,1,0,0,420,39,140,lo,0,IND,spin,yes,15.243856332703215,28.58223062381853
3,1934,201,ENG,1,61,65,NRD Compton,RA Jadeja,2,31,98,34.66,613,33.93,Right-hand bat,2,0,0,420,39,140,lo,0,IND,spin,yes,15.243856332703215,28.58223062381853
3,1935,202,ENG,1,61,65,NRD Compton,RA Jadeja,2,31,99,34.66,613,33.93,Right-hand bat,3,0,0,420,39,140,lo,0,IND,spin,yes,15.243856332703215,28.58223062381853
3,1936,203,ENG,1,61,65,NRD Compton,RA Jadeja,2,31,100,34.66,613,33.93,Right-hand bat,4,0,0,420,39,140,lo,0,IND,spin,yes,15.243856332703215,28.58223062381853
3,1937,204,ENG,1,61,65,NRD Compton,RA Jadeja,2,31,101,34.66,613,33.93,Right-hand bat,5,0,0,420,39,140,lo,0,IND,spin,yes,15.243856332703215,28.58223062381853
3,1984,251,ENG,1,80,84,NRD Compton,RA Jadeja,2,34,121,34.66,613,33.93,Right-hand bat,28,8,0,420,39,140,lo,0,IND,spin,yes,15.243856332703215,28.58223062381853
3,1985,252,ENG,1,80,84,NRD Compton,RA Jadeja,2,34,122,34.66,613,33.93,Right-hand bat,29,8,0,420,39,140,lo,0,IND,spin,yes,15.243856332703215,28.58223062381853
3,1986,253,ENG,1,80,84,NRD Compton,RA Jadeja,2,34,123,34.66,613,33.93,Right-hand bat,30,8,0,420,39,140,lo,0,IND,spin,yes,15.243856332703215,28.58223062381853
