innings,match_balls,inn_balls,bat_team,team_wkts,team_score,team_lead,batter,bowler,bat_position,bat_score,bat_balls,bat_avg,career_bat_balls,bat_sr,bat_arm,bowl_balls,bowl_runs,bowl_wkts,career_bowl_balls,bowl_avg,bowl_sr,bowl_type,outcome,host_country,bowl_class,bat_win_toss,seam_factor,spin_factor
4,1630,310,NZL,5,154,-313,BB McCullum,SCJ Broad,7,0,2,35.38,7381,60.41,Right-hand bat,46,19,1,11808.2,30.93,60.5,rfm,0,ENG,seam,no,17.742857142857144,11.82857142857143
4,1631,311,NZL,5,154,-313,BB McCullum,SCJ Broad,7,0,3,35.38,7381,60.41,Right-hand bat,47,19,1,11808.2,30.93,60.5,rfm,0,ENG,seam,no,17.742857142857144,11.82857142857143
4,1650,330,NZL,6,158,-309,BB McCullum,SCJ Broad,7,0,10,35.38,7381,60.41,Right-hand bat,48,19,1,11808.2,30.93,60.5,rfm,0,ENG,seam,no,17.742857142857144,11.82857142857143
4,1651,331,NZL,6,158,-309,BB McCullum,SCJ Broad,7,0,11,35.38,7381,60.41,Right-hand bat,49,19,1,11808.2,30.93,60.5,rfm,1,ENG,seam,no,17.742857142857144,11.82857142857143
4,1655,335,NZL,6,160,-307,BB McCullum,SCJ Broad,7,1,12,35.38,7381,60.41,Right-hand bat,53,21,1,11808.2,30.93,60.5,rfm,0,ENG,seam,no,17.742857142857144,11.82857142857143
4,1662,342,NZL,6,162,-305,BB McCullum,SCJ Broad,7,1,14,35.38,7381,60.41,Right-hand bat,54,21,1,11808.2,30.93,60.5,rfm,0,ENG,seam,no,17.742857142857144,11.82857142857143
4,1663,343,NZL,6,162,-305,BB McCullum,SCJ Broad,7,1,15,35.38,7381,60.41,Right-hand bat,55,21,1,11808.2,30.93,60.5,rfm,0,ENG,seam,no,17.742857142857144,11.82857142857143
4,1664,344,NZL,6,162,-305,BB McCullum,SCJ Broad,7,1,16,35.38,7381,60.41,Right-hand bat,56,21,1,11808.2,30.93,60.5,rfm,0,ENG,seam,no,17.742857142857144,11.82857142857143
4,1665,345,NZL,6,162,-305,BB McCullum,SCJ Broad,7,1,17,35.38,7381,60.41,Right-hand bat,57,21,1,11808.2,30.93,60.5,rfm,0,ENG,seam,no,17.742857142857144,11.82857142857143
4,1666,346,NZL,6,162,-305,BB McCullum,SCJ Broad,7,1,18,35.38,7381,60.41,Right-hand bat,58,21,1,11808.2,30.93,60.5,rfm,W,ENG,seam,no,17.742857142857144,11.82857142857143
