innings,match_balls,inn_balls,bat_team,team_wkts,team_score,team_lead,batter,bowler,bat_position,bat_score,bat_balls,bat_avg,career_bat_balls,bat_sr,bat_arm,bowl_balls,bowl_runs,bowl_wkts,career_bowl_balls,bowl_avg,bowl_sr,bowl_type,outcome,host_country,bowl_class,bat_win_toss,seam_factor,spin_factor
3,1696,497,NZL,7,203,-201,N Wagner,DW Steyn,9,0,0,8.33,225,22.22,Left-hand bat,82,41,1,12972.2,23.28,41.5,rf,0,RSA,seam,no,25.141581632653065,5.465561224489796
3,1697,498,NZL,7,203,-201,N Wagner,DW Steyn,9,0,1,8.33,225,22.22,Left-hand bat,83,41,1,12972.2,23.28,41.5,rf,0,RSA,seam,no,25.141581632653065,5.465561224489796
3,1708,509,NZL,8,207,-197,N Wagner,DW Steyn,9,0,7,8.33,225,22.22,Left-hand bat,88,44,2,12972.2,23.28,41.5,rf,0,RSA,seam,no,25.141581632653065,5.465561224489796
3,1709,510,NZL,8,207,-197,N Wagner,DW Steyn,9,0,8,8.33,225,22.22,Left-hand bat,89,44,2,12972.2,23.28,41.5,rf,0,RSA,seam,no,25.141581632653065,5.465561224489796
3,1716,517,NZL,9,207,-197,N Wagner,DW Steyn,9,0,9,8.33,225,22.22,Left-hand bat,90,44,2,12972.2,23.28,41.5,rf,0,RSA,seam,no,25.141581632653065,5.465561224489796
3,1717,518,NZL,9,207,-197,N Wagner,DW Steyn,9,0,10,8.33,225,22.22,Left-hand bat,91,44,2,12972.2,23.28,41.5,rf,4,RSA,seam,no,25.141581632653065,5.465561224489796
3,1718,519,NZL,9,211,-193,N Wagner,DW Steyn,9,4,11,8.33,225,22.22,Left-hand bat,92,48,2,12972.2,23.28,41.5,rf,0,RSA,seam,no,25.141581632653065,5.465561224489796
3,1719,520,NZL,9,211,-193,N Wagner,DW Steyn,9,4,12,8.33,225,22.22,Left-hand bat,93,48,2,12972.2,23.28,41.5,rf,W,RSA,seam,no,25.141581632653065,5.465561224489796
