innings,match_balls,inn_balls,bat_team,team_wkts,team_score,team_lead,batter,bowler,bat_position,bat_score,bat_balls,bat_avg,career_bat_balls,bat_sr,bat_arm,bowl_balls,bowl_runs,bowl_wkts,career_bowl_balls,bowl_avg,bowl_sr,bowl_type,outcome,host_country,bowl_class,bat_win_toss,seam_factor,spin_factor
4,1632,562,PAK,8,243,-236,Umar Gul,M Morkel,8,16,27,10.3,1194,48.32,Right-hand bat,128,76,2,9504,29.93,54.9,rf,0,RSA,seam,no,20.950413223140497,4.65564738292011
4,1633,563,PAK,8,243,-236,Umar Gul,M Morkel,8,16,28,10.3,1194,48.32,Right-hand bat,129,76,2,9504,29.93,54.9,rf,0,RSA,seam,no,20.950413223140497,4.65564738292011
4,1634,564,PAK,8,243,-236,Umar Gul,M Morkel,8,16,29,10.3,1194,48.32,Right-hand bat,130,76,2,9504,29.93,54.9,rf,0,RSA,seam,no,20.950413223140497,4.65564738292011
4,1635,565,PAK,8,243,-236,Umar Gul,M Morkel,8,16,30,10.3,1194,48.32,Right-hand bat,131,76,2,9504,29.93,54.9,rf,0,RSA,seam,no,20.950413223140497,4.65564738292011
4,1636,566,PAK,8,243,-236,Umar Gul,M Morkel,8,16,31,10.3,1194,48.32,Right-hand bat,132,76,2,9504,29.93,54.9,rf,0,RSA,seam,no,20.950413223140497,4.65564738292011
4,1637,567,PAK,8,243,-236,Umar Gul,M Morkel,8,16,32,10.3,1194,48.32,Right-hand bat,133,76,2,9504,29.93,54.9,rf,0,RSA,seam,no,20.950413223140497,4.65564738292011
4,1644,574,PAK,8,249,-230,Umar Gul,M Morkel,8,21,36,10.3,1194,48.32,Right-hand bat,134,76,2,9504,29.93,54.9,rf,1,RSA,seam,no,20.950413223140497,4.65564738292011
4,1657,587,PAK,8,256,-223,Umar Gul,M Morkel,8,22,41,10.3,1194,48.32,Right-hand bat,141,82,2,9504,29.93,54.9,rf,1,RSA,seam,no,20.950413223140497,4.65564738292011
