innings,match_balls,inn_balls,bat_team,team_wkts,team_score,team_lead,batter,bowler,bat_position,bat_score,bat_balls,bat_avg,career_bat_balls,bat_sr,bat_arm,bowl_balls,bowl_runs,bowl_wkts,career_bowl_balls,bowl_avg,bowl_sr,bowl_type,outcome,host_country,bowl_class,bat_win_toss,seam_factor,spin_factor
4,1214,144,PAK,2,69,-410,Younis Khan,JH Kallis,4,2,3,51,12478,52.73,Right-hand bat,12,5,0,19686.4,32.22,68.3,rfm,0,RSA,seam,no,20.950413223140497,4.65564738292011
4,1215,145,PAK,2,69,-410,Younis Khan,JH Kallis,4,2,4,51,12478,52.73,Right-hand bat,13,5,0,19686.4,32.22,68.3,rfm,1,RSA,seam,no,20.950413223140497,4.65564738292011
4,1226,156,PAK,3,73,-406,Younis Khan,JH Kallis,4,6,11,51,12478,52.73,Right-hand bat,18,6,1,19686.4,32.22,68.3,rfm,0,RSA,seam,no,20.950413223140497,4.65564738292011
4,1227,157,PAK,3,73,-406,Younis Khan,JH Kallis,4,6,12,51,12478,52.73,Right-hand bat,19,6,1,19686.4,32.22,68.3,rfm,4,RSA,seam,no,20.950413223140497,4.65564738292011
4,1228,158,PAK,3,77,-402,Younis Khan,JH Kallis,4,10,13,51,12478,52.73,Right-hand bat,20,10,1,19686.4,32.22,68.3,rfm,0,RSA,seam,no,20.950413223140497,4.65564738292011
4,1229,159,PAK,3,77,-402,Younis Khan,JH Kallis,4,10,14,51,12478,52.73,Right-hand bat,21,10,1,19686.4,32.22,68.3,rfm,0,RSA,seam,no,20.950413223140497,4.65564738292011
4,1230,160,PAK,3,77,-402,Younis Khan,JH Kallis,4,10,15,51,12478,52.73,Right-hand bat,22,10,1,19686.4,32.22,68.3,rfm,0,RSA,seam,no,20.950413223140497,4.65564738292011
4,1231,161,PAK,3,77,-402,Younis Khan,JH Kallis,4,10,16,51,12478,52.73,Right-hand bat,23,10,1,19686.4,32.22,68.3,rfm,1,RSA,seam,no,20.950413223140497,4.65564738292011
