innings,match_balls,inn_balls,bat_team,team_wkts,team_score,team_lead,batter,bowler,bat_position,bat_score,bat_balls,bat_avg,career_bat_balls,bat_sr,bat_arm,bowl_balls,bowl_runs,bowl_wkts,career_bowl_balls,bowl_avg,bowl_sr,bowl_type,outcome,host_country,bowl_class,bat_win_toss,seam_factor,spin_factor
3,1661,229,NZL,2,91,-120,LRPL Taylor,JM Anderson,4,0,0,43.37,5817,57.41,Right-hand bat,42,16,1,17358.5,30.46,58.8,rfm,0,NZL,seam,yes,27.303719008264466,12.741735537190083
3,1662,230,NZL,2,91,-120,LRPL Taylor,JM Anderson,4,0,1,43.37,5817,57.41,Right-hand bat,43,16,1,17358.5,30.46,58.8,rfm,0,NZL,seam,yes,27.303719008264466,12.741735537190083
3,1663,231,NZL,2,91,-120,LRPL Taylor,JM Anderson,4,0,2,43.37,5817,57.41,Right-hand bat,44,16,1,17358.5,30.46,58.8,rfm,1,NZL,seam,yes,27.303719008264466,12.741735537190083
3,1666,234,NZL,2,95,-116,LRPL Taylor,JM Anderson,4,1,3,43.37,5817,57.41,Right-hand bat,47,20,1,17358.5,30.46,58.8,rfm,0,NZL,seam,yes,27.303719008264466,12.741735537190083
3,1727,295,NZL,2,116,-95,LRPL Taylor,JM Anderson,4,14,29,43.37,5817,57.41,Right-hand bat,48,20,1,17358.5,30.46,58.8,rfm,4,NZL,seam,yes,27.303719008264466,12.741735537190083
3,1728,296,NZL,2,120,-91,LRPL Taylor,JM Anderson,4,18,30,43.37,5817,57.41,Right-hand bat,49,24,1,17358.5,30.46,58.8,rfm,0,NZL,seam,yes,27.303719008264466,12.741735537190083
3,1729,297,NZL,2,120,-91,LRPL Taylor,JM Anderson,4,18,31,43.37,5817,57.41,Right-hand bat,50,24,1,17358.5,30.46,58.8,rfm,0,NZL,seam,yes,27.303719008264466,12.741735537190083
3,1730,298,NZL,2,120,-91,LRPL Taylor,JM Anderson,4,18,32,43.37,5817,57.41,Right-hand bat,51,24,1,17358.5,30.46,58.8,rfm,0,NZL,seam,yes,27.303719008264466,12.741735537190083
3,1731,299,NZL,2,120,-91,LRPL Taylor,JM Anderson,4,18,33,43.37,5817,57.41,Right-hand bat,52,24,1,17358.5,30.46,58.8,rfm,1,NZL,seam,yes,27.303719008264466,12.741735537190083
