innings,match_balls,inn_balls,bat_team,team_wkts,team_score,team_lead,batter,bowler,bat_position,bat_score,bat_balls,bat_avg,career_bat_balls,bat_sr,bat_arm,bowl_balls,bowl_runs,bowl_wkts,career_bowl_balls,bowl_avg,bowl_sr,bowl_type,outcome,host_country,bowl_class,bat_win_toss,seam_factor,spin_factor
1,733,733,NZL,4,323,323,BB McCullum,SCJ Broad,6,19,26,36.29,7305,60.61,Right-hand bat,157,70,0,11460.2,31.92,62.6,rfm,0,NZL,seam,no,27.497142857142858,6.8742857142857146
1,734,734,NZL,4,323,323,BB McCullum,SCJ Broad,6,19,27,36.29,7305,60.61,Right-hand bat,158,70,0,11460.2,31.92,62.6,rfm,1,NZL,seam,no,27.497142857142858,6.8742857142857146
1,745,745,NZL,4,329,329,BB McCullum,SCJ Broad,6,21,30,36.29,7305,60.61,Right-hand bat,163,75,0,11460.2,31.92,62.6,rfm,0,NZL,seam,no,27.497142857142858,6.8742857142857146
1,746,746,NZL,4,329,329,BB McCullum,SCJ Broad,6,21,31,36.29,7305,60.61,Right-hand bat,164,75,0,11460.2,31.92,62.6,rfm,0,NZL,seam,no,27.497142857142858,6.8742857142857146
1,747,747,NZL,4,329,329,BB McCullum,SCJ Broad,6,21,32,36.29,7305,60.61,Right-hand bat,165,75,0,11460.2,31.92,62.6,rfm,0,NZL,seam,no,27.497142857142858,6.8742857142857146
1,748,748,NZL,4,329,329,BB McCullum,SCJ Broad,6,21,33,36.29,7305,60.61,Right-hand bat,166,75,0,11460.2,31.92,62.6,rfm,0,NZL,seam,no,27.497142857142858,6.8742857142857146
1,749,749,NZL,4,329,329,BB McCullum,SCJ Broad,6,21,34,36.29,7305,60.61,Right-hand bat,167,75,0,11460.2,31.92,62.6,rfm,1,NZL,seam,no,27.497142857142858,6.8742857142857146
