innings,match_balls,inn_balls,bat_team,team_wkts,team_score,team_lead,batter,bowler,bat_position,bat_score,bat_balls,bat_avg,career_bat_balls,bat_sr,bat_arm,bowl_balls,bowl_runs,bowl_wkts,career_bowl_balls,bowl_avg,bowl_sr,bowl_type,outcome,host_country,bowl_class,bat_win_toss,seam_factor,spin_factor
4,2461,663,ENG,7,237,-243,SCJ Broad,N Wagner,9,0,0,25,2611,63.19,Left-hand bat,117,37,2,1320,43.88,77.6,lmf,0,NZL,seam,yes,27.497142857142858,6.8742857142857146
4,2462,664,ENG,7,237,-243,SCJ Broad,N Wagner,9,0,1,25,2611,63.19,Left-hand bat,118,37,2,1320,43.88,77.6,lmf,0,NZL,seam,yes,27.497142857142858,6.8742857142857146
4,2463,665,ENG,7,237,-243,SCJ Broad,N Wagner,9,0,2,25,2611,63.19,Left-hand bat,119,37,2,1320,43.88,77.6,lmf,0,NZL,seam,yes,27.497142857142858,6.8742857142857146
4,2486,688,ENG,7,257,-223,SCJ Broad,N Wagner,9,0,9,25,2611,63.19,Left-hand bat,130,50,2,1320,43.88,77.6,lmf,0,NZL,seam,yes,27.497142857142858,6.8742857142857146
4,2487,689,ENG,7,257,-223,SCJ Broad,N Wagner,9,0,10,25,2611,63.19,Left-hand bat,131,50,2,1320,43.88,77.6,lmf,0,NZL,seam,yes,27.497142857142858,6.8742857142857146
4,2586,788,ENG,7,282,-198,SCJ Broad,N Wagner,9,0,57,25,2611,63.19,Left-hand bat,140,57,2,1320,43.88,77.6,lmf,0,NZL,seam,yes,27.497142857142858,6.8742857142857146
4,2587,789,ENG,7,282,-198,SCJ Broad,N Wagner,9,0,58,25,2611,63.19,Left-hand bat,141,57,2,1320,43.88,77.6,lmf,0,NZL,seam,yes,27.497142857142858,6.8742857142857146
4,2588,790,ENG,7,282,-198,SCJ Broad,N Wagner,9,0,59,25,2611,63.19,Left-hand bat,142,57,2,1320,43.88,77.6,lmf,0,NZL,seam,yes,27.497142857142858,6.8742857142857146
4,2589,791,ENG,7,282,-198,SCJ Broad,N Wagner,9,0,60,25,2611,63.19,Left-hand bat,143,57,2,1320,43.88,77.6,lmf,0,NZL,seam,yes,27.497142857142858,6.8742857142857146
