innings,match_balls,inn_balls,bat_team,team_wkts,team_score,team_lead,batter,bowler,bat_position,bat_score,bat_balls,bat_avg,career_bat_balls,bat_sr,bat_arm,bowl_balls,bowl_runs,bowl_wkts,career_bowl_balls,bowl_avg,bowl_sr,bowl_type,outcome,host_country,bowl_class,bat_win_toss,seam_factor,spin_factor
4,2436,595,RSA,5,163,-266,JH Kallis,DA Warner,7,8,29,57.26,28174,45.93,Right-hand bat,18,10,0,198,37.5,49.5,rls,0,AUS,spin,no,31.39197530864198,8.969135802469136
4,2437,596,RSA,5,163,-266,JH Kallis,DA Warner,7,8,30,57.26,28174,45.93,Right-hand bat,19,10,0,198,37.5,49.5,rls,0,AUS,spin,no,31.39197530864198,8.969135802469136
4,2438,597,RSA,5,163,-266,JH Kallis,DA Warner,7,8,31,57.26,28174,45.93,Right-hand bat,20,10,0,198,37.5,49.5,rls,0,AUS,spin,no,31.39197530864198,8.969135802469136
4,2439,598,RSA,5,163,-266,JH Kallis,DA Warner,7,8,32,57.26,28174,45.93,Right-hand bat,21,10,0,198,37.5,49.5,rls,4,AUS,spin,no,31.39197530864198,8.969135802469136
4,2440,599,RSA,5,167,-262,JH Kallis,DA Warner,7,12,33,57.26,28174,45.93,Right-hand bat,22,14,0,198,37.5,49.5,rls,4,AUS,spin,no,31.39197530864198,8.969135802469136
4,2441,600,RSA,5,171,-258,JH Kallis,DA Warner,7,16,34,57.26,28174,45.93,Right-hand bat,23,18,0,198,37.5,49.5,rls,0,AUS,spin,no,31.39197530864198,8.969135802469136
4,2448,607,RSA,5,171,-258,JH Kallis,DA Warner,7,16,35,57.26,28174,45.93,Right-hand bat,24,18,0,198,37.5,49.5,rls,1,AUS,spin,no,31.39197530864198,8.969135802469136
4,2453,612,RSA,5,177,-252,JH Kallis,DA Warner,7,17,36,57.26,28174,45.93,Right-hand bat,29,24,0,198,37.5,49.5,rls,4,AUS,spin,no,31.39197530864198,8.969135802469136
