innings,match_balls,inn_balls,bat_team,team_wkts,team_score,team_lead,batter,bowler,bat_position,bat_score,bat_balls,bat_avg,career_bat_balls,bat_sr,bat_arm,bowl_balls,bowl_runs,bowl_wkts,career_bowl_balls,bowl_avg,bowl_sr,bowl_type,outcome,host_country,bowl_class,bat_win_toss,seam_factor,spin_factor
4,1445,6,AUS,0,0,-631,DA Warner,VD Philander,2,0,0,41.89,1082,73.56,Left-hand bat,0,0,0,2490.3,17.98,37.2,rfm,4,AUS,seam,no,24.780625,7.194375000000001
4,1446,7,AUS,0,4,-627,DA Warner,VD Philander,2,4,1,41.89,1082,73.56,Left-hand bat,1,4,0,2490.3,17.98,37.2,rfm,0,AUS,seam,no,24.780625,7.194375000000001
4,1447,8,AUS,0,4,-627,DA Warner,VD Philander,2,4,2,41.89,1082,73.56,Left-hand bat,2,4,0,2490.3,17.98,37.2,rfm,0,AUS,seam,no,24.780625,7.194375000000001
4,1448,9,AUS,0,4,-627,DA Warner,VD Philander,2,4,3,41.89,1082,73.56,Left-hand bat,3,4,0,2490.3,17.98,37.2,rfm,4,AUS,seam,no,24.780625,7.194375000000001
4,1449,10,AUS,0,8,-623,DA Warner,VD Philander,2,8,4,41.89,1082,73.56,Left-hand bat,4,8,0,2490.3,17.98,37.2,rfm,0,AUS,seam,no,24.780625,7.194375000000001
4,1450,11,AUS,0,8,-623,DA Warner,VD Philander,2,8,5,41.89,1082,73.56,Left-hand bat,5,8,0,2490.3,17.98,37.2,rfm,0,AUS,seam,no,24.780625,7.194375000000001
4,1481,42,AUS,0,20,-611,DA Warner,VD Philander,2,16,14,41.89,1082,73.56,Left-hand bat,18,10,0,2490.3,17.98,37.2,rfm,0,AUS,seam,no,24.780625,7.194375000000001
4,1482,43,AUS,0,20,-611,DA Warner,VD Philander,2,16,15,41.89,1082,73.56,Left-hand bat,19,10,0,2490.3,17.98,37.2,rfm,0,AUS,seam,no,24.780625,7.194375000000001
4,1483,44,AUS,0,20,-611,DA Warner,VD Philander,2,16,16,41.89,1082,73.56,Left-hand bat,20,10,0,2490.3,17.98,37.2,rfm,1,AUS,seam,no,24.780625,7.194375000000001
4,1493,54,AUS,0,24,-607,DA Warner,VD Philander,2,20,20,41.89,1082,73.56,Left-hand bat,24,11,0,2490.3,17.98,37.2,rfm,0,AUS,seam,no,24.780625,7.194375000000001
4,1494,55,AUS,0,24,-607,DA Warner,VD Philander,2,20,21,41.89,1082,73.56,Left-hand bat,25,11,0,2490.3,17.98,37.2,rfm,2,AUS,seam,no,24.780625,7.194375000000001
4,1495,56,AUS,0,26,-605,DA Warner,VD Philander,2,22,22,41.89,1082,73.56,Left-hand bat,26,13,0,2490.3,17.98,37.2,rfm,1,AUS,seam,no,24.780625,7.194375000000001
4,1517,78,AUS,0,40,-591,DA Warner,VD Philander,2,29,32,41.89,1082,73.56,Left-hand bat,30,15,0,2490.3,17.98,37.2,rfm,0,AUS,seam,no,24.780625,7.194375000000001
4,1518,79,AUS,0,40,-591,DA Warner,VD Philander,2,29,33,41.89,1082,73.56,Left-hand bat,31,15,0,2490.3,17.98,37.2,rfm,W,AUS,seam,no,24.780625,7.194375000000001
