innings,match_balls,inn_balls,bat_team,team_wkts,team_score,team_lead,batter,bowler,bat_position,bat_score,bat_balls,bat_avg,career_bat_balls,bat_sr,bat_arm,bowl_balls,bowl_runs,bowl_wkts,career_bowl_balls,bowl_avg,bowl_sr,bowl_type,outcome,host_country,bowl_class,bat_win_toss,seam_factor,spin_factor
3,1758,302,AUS,2,147,261,PJ Hughes,RMS Eranga,3,10,35,35.57,2144,54.75,Left-hand bat,36,28,0,780.2,38.41,65.1,rfm,0,AUS,seam,yes,29.071836734693875,8.613877551020408
3,1759,303,AUS,2,147,261,PJ Hughes,RMS Eranga,3,10,36,35.57,2144,54.75,Left-hand bat,37,28,0,780.2,38.41,65.1,rfm,0,AUS,seam,yes,29.071836734693875,8.613877551020408
3,1760,304,AUS,2,147,261,PJ Hughes,RMS Eranga,3,10,37,35.57,2144,54.75,Left-hand bat,38,28,0,780.2,38.41,65.1,rfm,1,AUS,seam,yes,29.071836734693875,8.613877551020408
3,1770,314,AUS,3,153,267,PJ Hughes,RMS Eranga,3,13,40,35.57,2144,54.75,Left-hand bat,42,31,0,780.2,38.41,65.1,rfm,1,AUS,seam,yes,29.071836734693875,8.613877551020408
3,1772,316,AUS,3,155,269,PJ Hughes,RMS Eranga,3,14,41,35.57,2144,54.75,Left-hand bat,44,33,0,780.2,38.41,65.1,rfm,0,AUS,seam,yes,29.071836734693875,8.613877551020408
3,1773,317,AUS,3,155,269,PJ Hughes,RMS Eranga,3,14,42,35.57,2144,54.75,Left-hand bat,45,33,0,780.2,38.41,65.1,rfm,1,AUS,seam,yes,29.071836734693875,8.613877551020408
3,1782,326,AUS,3,165,279,PJ Hughes,RMS Eranga,3,16,47,35.57,2144,54.75,Left-hand bat,48,36,0,780.2,38.41,65.1,rfm,0,AUS,seam,yes,29.071836734693875,8.613877551020408
3,1783,327,AUS,3,165,279,PJ Hughes,RMS Eranga,3,16,48,35.57,2144,54.75,Left-hand bat,49,36,0,780.2,38.41,65.1,rfm,W,AUS,seam,yes,29.071836734693875,8.613877551020408
