innings,match_balls,inn_balls,bat_team,team_wkts,team_score,team_lead,batter,bowler,bat_position,bat_score,bat_balls,bat_avg,career_bat_balls,bat_sr,bat_arm,bowl_balls,bowl_runs,bowl_wkts,career_bowl_balls,bowl_avg,bowl_sr,bowl_type,outcome,host_country,bowl_class,bat_win_toss,seam_factor,spin_factor
1,253,253,SRL,8,150,150,HMRKB Herath,NM Lyon,9,12,11,14.35,1375,50.1,Left-hand bat,24,21,0,3870.3,30.96,65.6,rob,0,AUS,spin,yes,18.374444444444446,3.9944444444444445
1,254,254,SRL,8,150,150,HMRKB Herath,NM Lyon,9,12,12,14.35,1375,50.1,Left-hand bat,25,21,0,3870.3,30.96,65.6,rob,2,AUS,spin,yes,18.374444444444446,3.9944444444444445
1,255,255,SRL,8,152,152,HMRKB Herath,NM Lyon,9,14,13,14.35,1375,50.1,Left-hand bat,26,23,0,3870.3,30.96,65.6,rob,0,AUS,spin,yes,18.374444444444446,3.9944444444444445
1,256,256,SRL,8,152,152,HMRKB Herath,NM Lyon,9,14,14,14.35,1375,50.1,Left-hand bat,27,23,0,3870.3,30.96,65.6,rob,0,AUS,spin,yes,18.374444444444446,3.9944444444444445
1,257,257,SRL,8,152,152,HMRKB Herath,NM Lyon,9,14,15,14.35,1375,50.1,Left-hand bat,28,23,0,3870.3,30.96,65.6,rob,0,AUS,spin,yes,18.374444444444446,3.9944444444444445
1,258,258,SRL,8,152,152,HMRKB Herath,NM Lyon,9,14,16,14.35,1375,50.1,Left-hand bat,29,23,0,3870.3,30.96,65.6,rob,0,AUS,spin,yes,18.374444444444446,3.9944444444444445
1,265,265,SRL,8,156,156,HMRKB Herath,NM Lyon,9,14,17,14.35,1375,50.1,Left-hand bat,30,23,0,3870.3,30.96,65.6,rob,0,AUS,spin,yes,18.374444444444446,3.9944444444444445
1,266,266,SRL,8,156,156,HMRKB Herath,NM Lyon,9,14,18,14.35,1375,50.1,Left-hand bat,31,23,0,3870.3,30.96,65.6,rob,W,AUS,spin,yes,18.374444444444446,3.9944444444444445
