innings,match_balls,inn_balls,bat_team,team_wkts,team_score,team_lead,batter,bowler,bat_position,bat_score,bat_balls,bat_avg,career_bat_balls,bat_sr,bat_arm,bowl_balls,bowl_runs,bowl_wkts,career_bowl_balls,bowl_avg,bowl_sr,bowl_type,outcome,host_country,bowl_class,bat_win_toss,seam_factor,spin_factor
4,1820,6,SRL,1,6,-356,TM Dilshan,TA Boult,3,1,3,40.7,7659,65.89,Right-hand bat,0,0,0,1392,29.11,53.5,lfm,1,SRL,seam,no,15.802103879026955,10.992767915844839
4,1823,9,SRL,1,8,-354,TM Dilshan,TA Boult,3,2,4,40.7,7659,65.89,Right-hand bat,3,1,0,1392,29.11,53.5,lfm,4b,SRL,seam,no,15.802103879026955,10.992767915844839
4,1824,10,SRL,1,12,-350,TM Dilshan,TA Boult,3,2,5,40.7,7659,65.89,Right-hand bat,4,1,0,1392,29.11,53.5,lfm,1lb,SRL,seam,no,15.802103879026955,10.992767915844839
4,1833,19,SRL,1,16,-346,TM Dilshan,TA Boult,3,3,9,40.7,7659,65.89,Right-hand bat,7,2,0,1392,29.11,53.5,lfm,0,SRL,seam,no,15.802103879026955,10.992767915844839
4,1834,20,SRL,1,16,-346,TM Dilshan,TA Boult,3,3,10,40.7,7659,65.89,Right-hand bat,8,2,0,1392,29.11,53.5,lfm,0,SRL,seam,no,15.802103879026955,10.992767915844839
4,1835,21,SRL,1,16,-346,TM Dilshan,TA Boult,3,3,11,40.7,7659,65.89,Right-hand bat,9,2,0,1392,29.11,53.5,lfm,1,SRL,seam,no,15.802103879026955,10.992767915844839
4,1847,33,SRL,1,32,-330,TM Dilshan,TA Boult,3,12,18,40.7,7659,65.89,Right-hand bat,15,10,0,1392,29.11,53.5,lfm,0,SRL,seam,no,15.802103879026955,10.992767915844839
4,1848,34,SRL,1,32,-330,TM Dilshan,TA Boult,3,12,19,40.7,7659,65.89,Right-hand bat,16,10,0,1392,29.11,53.5,lfm,0,SRL,seam,no,15.802103879026955,10.992767915844839
4,1849,35,SRL,1,32,-330,TM Dilshan,TA Boult,3,12,20,40.7,7659,65.89,Right-hand bat,17,10,0,1392,29.11,53.5,lfm,2,SRL,seam,no,15.802103879026955,10.992767915844839
