innings,match_balls,inn_balls,bat_team,team_wkts,team_score,team_lead,batter,bowler,bat_position,bat_score,bat_balls,bat_avg,career_bat_balls,bat_sr,bat_arm,bowl_balls,bowl_runs,bowl_wkts,career_bowl_balls,bowl_avg,bowl_sr,bowl_type,outcome,host_country,bowl_class,bat_win_toss,seam_factor,spin_factor
1,326,326,AUS,6,154,154,MG Johnson,JM Anderson,8,13,38,23.21,2579,58.51,Left-hand bat,78,25,1,19470.2,30.35,58.8,rfm,0,AUS,seam,yes,22.89335281227173,4.430971512052593
1,327,327,AUS,6,154,154,MG Johnson,JM Anderson,8,13,39,23.21,2579,58.51,Left-hand bat,79,25,1,19470.2,30.35,58.8,rfm,1,AUS,seam,yes,22.89335281227173,4.430971512052593
1,339,339,AUS,6,166,166,MG Johnson,JM Anderson,8,16,46,23.21,2579,58.51,Left-hand bat,85,35,1,19470.2,30.35,58.8,rfm,0,AUS,seam,yes,22.89335281227173,4.430971512052593
1,340,340,AUS,6,166,166,MG Johnson,JM Anderson,8,16,47,23.21,2579,58.51,Left-hand bat,86,35,1,19470.2,30.35,58.8,rfm,0,AUS,seam,yes,22.89335281227173,4.430971512052593
1,341,341,AUS,6,166,166,MG Johnson,JM Anderson,8,16,48,23.21,2579,58.51,Left-hand bat,87,35,1,19470.2,30.35,58.8,rfm,0,AUS,seam,yes,22.89335281227173,4.430971512052593
1,342,342,AUS,6,166,166,MG Johnson,JM Anderson,8,16,49,23.21,2579,58.51,Left-hand bat,88,35,1,19470.2,30.35,58.8,rfm,0,AUS,seam,yes,22.89335281227173,4.430971512052593
1,343,343,AUS,6,166,166,MG Johnson,JM Anderson,8,16,50,23.21,2579,58.51,Left-hand bat,89,35,1,19470.2,30.35,58.8,rfm,0,AUS,seam,yes,22.89335281227173,4.430971512052593
1,350,350,AUS,6,166,166,MG Johnson,JM Anderson,8,16,51,23.21,2579,58.51,Left-hand bat,90,35,1,19470.2,30.35,58.8,rfm,1,AUS,seam,yes,22.89335281227173,4.430971512052593
1,362,362,AUS,6,172,172,MG Johnson,JM Anderson,8,22,56,23.21,2579,58.51,Left-hand bat,96,36,1,19470.2,30.35,58.8,rfm,1,AUS,seam,yes,22.89335281227173,4.430971512052593
