innings,match_balls,inn_balls,bat_team,team_wkts,team_score,team_lead,batter,bowler,bat_position,bat_score,bat_balls,bat_avg,career_bat_balls,bat_sr,bat_arm,bowl_balls,bowl_runs,bowl_wkts,career_bowl_balls,bowl_avg,bowl_sr,bowl_type,outcome,host_country,bowl_class,bat_win_toss,seam_factor,spin_factor
1,208,208,AUS,5,143,143,BJ Haddin,SCJ Broad,7,0,0,35.93,4932,57.56,Right-hand bat,51,48,3,13512.1,30.25,58.4,rfm,1,AUS,seam,yes,30.38734567901234,7.334876543209877
1,229,229,AUS,5,153,153,BJ Haddin,SCJ Broad,7,6,12,35.93,4932,57.56,Right-hand bat,60,53,3,13512.1,30.25,58.4,rfm,0,AUS,seam,yes,30.38734567901234,7.334876543209877
1,230,230,AUS,5,153,153,BJ Haddin,SCJ Broad,7,6,13,35.93,4932,57.56,Right-hand bat,61,53,3,13512.1,30.25,58.4,rfm,0,AUS,seam,yes,30.38734567901234,7.334876543209877
1,231,231,AUS,5,153,153,BJ Haddin,SCJ Broad,7,6,14,35.93,4932,57.56,Right-hand bat,62,53,3,13512.1,30.25,58.4,rfm,1wd,AUS,seam,yes,30.38734567901234,7.334876543209877
1,232,232,AUS,5,154,154,BJ Haddin,SCJ Broad,7,6,14,35.93,4932,57.56,Right-hand bat,63,54,3,13512.1,30.25,58.4,rfm,0,AUS,seam,yes,30.38734567901234,7.334876543209877
1,233,233,AUS,5,154,154,BJ Haddin,SCJ Broad,7,6,15,35.93,4932,57.56,Right-hand bat,64,54,3,13512.1,30.25,58.4,rfm,0,AUS,seam,yes,30.38734567901234,7.334876543209877
1,234,234,AUS,5,154,154,BJ Haddin,SCJ Broad,7,6,16,35.93,4932,57.56,Right-hand bat,65,54,3,13512.1,30.25,58.4,rfm,0,AUS,seam,yes,30.38734567901234,7.334876543209877
1,386,386,AUS,5,259,259,BJ Haddin,SCJ Broad,7,52,79,35.93,4932,57.56,Right-hand bat,72,58,3,13512.1,30.25,58.4,rfm,1,AUS,seam,yes,30.38734567901234,7.334876543209877
