innings,match_balls,inn_balls,bat_team,team_wkts,team_score,team_lead,batter,bowler,bat_position,bat_score,bat_balls,bat_avg,career_bat_balls,bat_sr,bat_arm,bowl_balls,bowl_runs,bowl_wkts,career_bowl_balls,bowl_avg,bowl_sr,bowl_type,outcome,host_country,bowl_class,bat_win_toss,seam_factor,spin_factor
1,893,893,SRL,8,512,512,RAS Lakmal,CT Mumba,10,0,0,7.68,583,38.25,Right-hand bat,131,93,1,210.5,30.2,43,rfm,0,ZIM,seam,yes,17.616512345679013,19.689043209876544
1,902,902,SRL,8,522,522,RAS Lakmal,CT Mumba,10,0,1,7.68,583,38.25,Right-hand bat,134,94,1,210.5,30.2,43,rfm,0,ZIM,seam,yes,17.616512345679013,19.689043209876544
1,903,903,SRL,8,522,522,RAS Lakmal,CT Mumba,10,0,2,7.68,583,38.25,Right-hand bat,135,94,1,210.5,30.2,43,rfm,0,ZIM,seam,yes,17.616512345679013,19.689043209876544
1,904,904,SRL,8,522,522,RAS Lakmal,CT Mumba,10,0,3,7.68,583,38.25,Right-hand bat,136,94,1,210.5,30.2,43,rfm,0,ZIM,seam,yes,17.616512345679013,19.689043209876544
1,905,905,SRL,8,522,522,RAS Lakmal,CT Mumba,10,0,4,7.68,583,38.25,Right-hand bat,137,94,1,210.5,30.2,43,rfm,1,ZIM,seam,yes,17.616512345679013,19.689043209876544
1,915,915,SRL,8,528,528,RAS Lakmal,CT Mumba,10,1,11,7.68,583,38.25,Right-hand bat,141,100,1,210.5,30.2,43,rfm,0,ZIM,seam,yes,17.616512345679013,19.689043209876544
1,916,916,SRL,8,528,528,RAS Lakmal,CT Mumba,10,1,12,7.68,583,38.25,Right-hand bat,142,100,1,210.5,30.2,43,rfm,0,ZIM,seam,yes,17.616512345679013,19.689043209876544
1,917,917,SRL,8,528,528,RAS Lakmal,CT Mumba,10,1,13,7.68,583,38.25,Right-hand bat,143,100,1,210.5,30.2,43,rfm,1,ZIM,seam,yes,17.616512345679013,19.689043209876544
