innings,match_balls,inn_balls,bat_team,team_wkts,team_score,team_lead,batter,bowler,bat_position,bat_score,bat_balls,bat_avg,career_bat_balls,bat_sr,bat_arm,bowl_balls,bowl_runs,bowl_wkts,career_bowl_balls,bowl_avg,bowl_sr,bowl_type,outcome,host_country,bowl_class,bat_win_toss,seam_factor,spin_factor
1,269,269,SRL,1,148,148,MDKJ Perera,DT Tiripano,3,14,15,34.71,656,74.08,Left-hand bat,59,19,0,714,73.4,142.8,rfm,0,ZIM,seam,yes,17.616512345679013,19.689043209876544
1,277,277,SRL,1,152,152,MDKJ Perera,DT Tiripano,3,14,16,34.71,656,74.08,Left-hand bat,61,20,0,714,73.4,142.8,rfm,0,ZIM,seam,yes,17.616512345679013,19.689043209876544
1,278,278,SRL,1,152,152,MDKJ Perera,DT Tiripano,3,14,17,34.71,656,74.08,Left-hand bat,62,20,0,714,73.4,142.8,rfm,1,ZIM,seam,yes,17.616512345679013,19.689043209876544
1,446,446,SRL,2,272,272,MDKJ Perera,DT Tiripano,3,88,93,34.71,656,74.08,Left-hand bat,74,26,0,714,73.4,142.8,rfm,4,ZIM,seam,yes,17.616512345679013,19.689043209876544
1,447,447,SRL,2,276,276,MDKJ Perera,DT Tiripano,3,92,94,34.71,656,74.08,Left-hand bat,75,30,0,714,73.4,142.8,rfm,0,ZIM,seam,yes,17.616512345679013,19.689043209876544
1,448,448,SRL,2,276,276,MDKJ Perera,DT Tiripano,3,92,95,34.71,656,74.08,Left-hand bat,76,30,0,714,73.4,142.8,rfm,0,ZIM,seam,yes,17.616512345679013,19.689043209876544
1,449,449,SRL,2,276,276,MDKJ Perera,DT Tiripano,3,92,96,34.71,656,74.08,Left-hand bat,77,30,0,714,73.4,142.8,rfm,1,ZIM,seam,yes,17.616512345679013,19.689043209876544
1,456,456,SRL,3,282,282,MDKJ Perera,DT Tiripano,3,98,100,34.71,656,74.08,Left-hand bat,78,31,0,714,73.4,142.8,rfm,0,ZIM,seam,yes,17.616512345679013,19.689043209876544
1,457,457,SRL,3,282,282,MDKJ Perera,DT Tiripano,3,98,101,34.71,656,74.08,Left-hand bat,79,31,0,714,73.4,142.8,rfm,1,ZIM,seam,yes,17.616512345679013,19.689043209876544
1,460,460,SRL,3,284,284,MDKJ Perera,DT Tiripano,3,99,102,34.71,656,74.08,Left-hand bat,82,33,0,714,73.4,142.8,rfm,0,ZIM,seam,yes,17.616512345679013,19.689043209876544
1,461,461,SRL,3,284,284,MDKJ Perera,DT Tiripano,3,99,103,34.71,656,74.08,Left-hand bat,83,33,0,714,73.4,142.8,rfm,4,ZIM,seam,yes,17.616512345679013,19.689043209876544
