innings,match_balls,inn_balls,bat_team,team_wkts,team_score,team_lead,batter,bowler,bat_position,bat_score,bat_balls,bat_avg,career_bat_balls,bat_sr,bat_arm,bowl_balls,bowl_runs,bowl_wkts,career_bowl_balls,bowl_avg,bowl_sr,bowl_type,outcome,host_country,bowl_class,bat_win_toss,seam_factor,spin_factor
4,2247,295,ZIM,6,110,-301,SC Williams,HMRKB Herath,5,25,51,26.1,471,55.41,Left-hand bat,72,16,0,21030.5,28.6,62.2,lo,0,ZIM,spin,no,17.616512345679013,19.689043209876544
4,2248,296,ZIM,6,110,-301,SC Williams,HMRKB Herath,5,25,52,26.1,471,55.41,Left-hand bat,73,16,0,21030.5,28.6,62.2,lo,1,ZIM,spin,no,17.616512345679013,19.689043209876544
4,2259,307,ZIM,6,114,-297,SC Williams,HMRKB Herath,5,28,56,26.1,471,55.41,Left-hand bat,78,17,0,21030.5,28.6,62.2,lo,1,ZIM,spin,no,17.616512345679013,19.689043209876544
4,2262,310,ZIM,6,116,-295,SC Williams,HMRKB Herath,5,29,57,26.1,471,55.41,Left-hand bat,81,19,0,21030.5,28.6,62.2,lo,1,ZIM,spin,no,17.616512345679013,19.689043209876544
4,2285,333,ZIM,6,120,-291,SC Williams,HMRKB Herath,5,30,64,26.1,471,55.41,Left-hand bat,92,22,0,21030.5,28.6,62.2,lo,4,ZIM,spin,no,17.616512345679013,19.689043209876544
4,2286,334,ZIM,6,124,-287,SC Williams,HMRKB Herath,5,34,65,26.1,471,55.41,Left-hand bat,93,26,0,21030.5,28.6,62.2,lo,1,ZIM,spin,no,17.616512345679013,19.689043209876544
4,2326,374,ZIM,6,139,-272,SC Williams,HMRKB Herath,5,40,89,26.1,471,55.41,Left-hand bat,103,30,0,21030.5,28.6,62.2,lo,0,ZIM,spin,no,17.616512345679013,19.689043209876544
4,2327,375,ZIM,6,139,-272,SC Williams,HMRKB Herath,5,40,90,26.1,471,55.41,Left-hand bat,104,30,0,21030.5,28.6,62.2,lo,0,ZIM,spin,no,17.616512345679013,19.689043209876544
4,2328,376,ZIM,6,139,-272,SC Williams,HMRKB Herath,5,40,91,26.1,471,55.41,Left-hand bat,105,30,0,21030.5,28.6,62.2,lo,W,ZIM,spin,no,17.616512345679013,19.689043209876544
