innings,match_balls,inn_balls,bat_team,team_wkts,team_score,team_lead,batter,bowler,bat_position,bat_score,bat_balls,bat_avg,career_bat_balls,bat_sr,bat_arm,bowl_balls,bowl_runs,bowl_wkts,career_bowl_balls,bowl_avg,bowl_sr,bowl_type,outcome,host_country,bowl_class,bat_win_toss,seam_factor,spin_factor
3,1771,333,AUS,7,128,-138,PM Siddle,RA Jadeja,9,4,5,14.65,1434,47,Right-hand bat,87,33,2,1026,23.28,73.2,lo,0,IND,spin,yes,7.2497027348394765,22.784780023781217
3,1772,334,AUS,7,128,-138,PM Siddle,RA Jadeja,9,4,6,14.65,1434,47,Right-hand bat,88,33,2,1026,23.28,73.2,lo,0,IND,spin,yes,7.2497027348394765,22.784780023781217
3,1773,335,AUS,7,128,-138,PM Siddle,RA Jadeja,9,4,7,14.65,1434,47,Right-hand bat,89,33,2,1026,23.28,73.2,lo,0,IND,spin,yes,7.2497027348394765,22.784780023781217
3,1780,342,AUS,7,130,-136,PM Siddle,RA Jadeja,9,4,8,14.65,1434,47,Right-hand bat,90,33,2,1026,23.28,73.2,lo,0,IND,spin,yes,7.2497027348394765,22.784780023781217
3,1781,343,AUS,7,130,-136,PM Siddle,RA Jadeja,9,4,9,14.65,1434,47,Right-hand bat,91,33,2,1026,23.28,73.2,lo,0,IND,spin,yes,7.2497027348394765,22.784780023781217
3,1782,344,AUS,7,130,-136,PM Siddle,RA Jadeja,9,4,10,14.65,1434,47,Right-hand bat,92,33,2,1026,23.28,73.2,lo,0,IND,spin,yes,7.2497027348394765,22.784780023781217
3,1783,345,AUS,7,130,-136,PM Siddle,RA Jadeja,9,4,11,14.65,1434,47,Right-hand bat,93,33,2,1026,23.28,73.2,lo,0,IND,spin,yes,7.2497027348394765,22.784780023781217
3,1784,346,AUS,7,130,-136,PM Siddle,RA Jadeja,9,4,12,14.65,1434,47,Right-hand bat,94,33,2,1026,23.28,73.2,lo,0,IND,spin,yes,7.2497027348394765,22.784780023781217
3,1785,347,AUS,7,130,-136,PM Siddle,RA Jadeja,9,4,13,14.65,1434,47,Right-hand bat,95,33,2,1026,23.28,73.2,lo,W,IND,spin,yes,7.2497027348394765,22.784780023781217
