innings,match_balls,inn_balls,bat_team,team_wkts,team_score,team_lead,batter,bowler,bat_position,bat_score,bat_balls,bat_avg,career_bat_balls,bat_sr,bat_arm,bowl_balls,bowl_runs,bowl_wkts,career_bowl_balls,bowl_avg,bowl_sr,bowl_type,outcome,host_country,bowl_class,bat_win_toss,seam_factor,spin_factor
3,1233,138,AUS,5,65,55,SPD Smith,R Ashwin,6,6,18,32.3,858,48.95,Right-hand bat,42,22,1,5430.3,28.53,59,rob,0,IND,spin,yes,3.7024221453287196,21.474048442906575
3,1234,139,AUS,5,65,55,SPD Smith,R Ashwin,6,6,19,32.3,858,48.95,Right-hand bat,43,22,1,5430.3,28.53,59,rob,0,IND,spin,yes,3.7024221453287196,21.474048442906575
3,1235,140,AUS,5,65,55,SPD Smith,R Ashwin,6,6,20,32.3,858,48.95,Right-hand bat,44,22,1,5430.3,28.53,59,rob,1,IND,spin,yes,3.7024221453287196,21.474048442906575
3,1238,143,AUS,5,67,57,SPD Smith,R Ashwin,6,7,21,32.3,858,48.95,Right-hand bat,47,24,1,5430.3,28.53,59,rob,1,IND,spin,yes,3.7024221453287196,21.474048442906575
3,1247,152,AUS,5,69,59,SPD Smith,R Ashwin,6,8,28,32.3,858,48.95,Right-hand bat,50,26,1,5430.3,28.53,59,rob,0,IND,spin,yes,3.7024221453287196,21.474048442906575
3,1248,153,AUS,5,69,59,SPD Smith,R Ashwin,6,8,29,32.3,858,48.95,Right-hand bat,51,26,1,5430.3,28.53,59,rob,1,IND,spin,yes,3.7024221453287196,21.474048442906575
3,1259,164,AUS,5,77,67,SPD Smith,R Ashwin,6,9,36,32.3,858,48.95,Right-hand bat,56,34,1,5430.3,28.53,59,rob,0,IND,spin,yes,3.7024221453287196,21.474048442906575
3,1260,165,AUS,5,77,67,SPD Smith,R Ashwin,6,9,37,32.3,858,48.95,Right-hand bat,57,34,1,5430.3,28.53,59,rob,0,IND,spin,yes,3.7024221453287196,21.474048442906575
3,1261,166,AUS,5,77,67,SPD Smith,R Ashwin,6,9,38,32.3,858,48.95,Right-hand bat,58,34,1,5430.3,28.53,59,rob,0,IND,spin,yes,3.7024221453287196,21.474048442906575
3,1262,167,AUS,5,77,67,SPD Smith,R Ashwin,6,9,39,32.3,858,48.95,Right-hand bat,59,34,1,5430.3,28.53,59,rob,1,IND,spin,yes,3.7024221453287196,21.474048442906575
3,1281,186,AUS,5,89,79,SPD Smith,R Ashwin,6,17,50,32.3,858,48.95,Right-hand bat,60,35,1,5430.3,28.53,59,rob,4b,IND,spin,yes,3.7024221453287196,21.474048442906575
3,1282,187,AUS,5,93,83,SPD Smith,R Ashwin,6,17,51,32.3,858,48.95,Right-hand bat,61,35,1,5430.3,28.53,59,rob,1,IND,spin,yes,3.7024221453287196,21.474048442906575
