innings,match_balls,inn_balls,bat_team,team_wkts,team_score,team_lead,batter,bowler,bat_position,bat_score,bat_balls,bat_avg,career_bat_balls,bat_sr,bat_arm,bowl_balls,bowl_runs,bowl_wkts,career_bowl_balls,bowl_avg,bowl_sr,bowl_type,outcome,host_country,bowl_class,bat_win_toss,seam_factor,spin_factor
4,1429,55,IND,1,52,-102,CA Pujara,MG Johnson,2,24,26,65.55,2242,52.63,Right-hand bat,1,1,0,11334.4,30.93,55.3,lf,0,IND,seam,no,3.7024221453287196,21.474048442906575
4,1430,56,IND,1,52,-102,CA Pujara,MG Johnson,2,24,27,65.55,2242,52.63,Right-hand bat,2,1,0,11334.4,30.93,55.3,lf,2,IND,seam,no,3.7024221453287196,21.474048442906575
4,1431,57,IND,1,54,-100,CA Pujara,MG Johnson,2,26,28,65.55,2242,52.63,Right-hand bat,3,3,0,11334.4,30.93,55.3,lf,1,IND,seam,no,3.7024221453287196,21.474048442906575
4,1440,66,IND,1,60,-94,CA Pujara,MG Johnson,2,28,33,65.55,2242,52.63,Right-hand bat,6,4,0,11334.4,30.93,55.3,lf,4,IND,seam,no,3.7024221453287196,21.474048442906575
4,1441,67,IND,1,64,-90,CA Pujara,MG Johnson,2,32,34,65.55,2242,52.63,Right-hand bat,7,8,0,11334.4,30.93,55.3,lf,4,IND,seam,no,3.7024221453287196,21.474048442906575
4,1442,68,IND,1,68,-86,CA Pujara,MG Johnson,2,36,35,65.55,2242,52.63,Right-hand bat,8,12,0,11334.4,30.93,55.3,lf,0,IND,seam,no,3.7024221453287196,21.474048442906575
4,1443,69,IND,1,68,-86,CA Pujara,MG Johnson,2,36,36,65.55,2242,52.63,Right-hand bat,9,12,0,11334.4,30.93,55.3,lf,0,IND,seam,no,3.7024221453287196,21.474048442906575
4,1444,70,IND,1,68,-86,CA Pujara,MG Johnson,2,36,37,65.55,2242,52.63,Right-hand bat,10,12,0,11334.4,30.93,55.3,lf,4,IND,seam,no,3.7024221453287196,21.474048442906575
4,1445,71,IND,1,72,-82,CA Pujara,MG Johnson,2,40,38,65.55,2242,52.63,Right-hand bat,11,16,0,11334.4,30.93,55.3,lf,0,IND,seam,no,3.7024221453287196,21.474048442906575
