innings,match_balls,inn_balls,bat_team,team_wkts,team_score,team_lead,batter,bowler,bat_position,bat_score,bat_balls,bat_avg,career_bat_balls,bat_sr,bat_arm,bowl_balls,bowl_runs,bowl_wkts,career_bowl_balls,bowl_avg,bowl_sr,bowl_type,outcome,host_country,bowl_class,bat_win_toss,seam_factor,spin_factor
4,1374,0,IND,0,0,-154,M Vijay,NM Lyon,1,0,0,38.48,2129,48.8,Right-hand bat,0,0,0,4836.4,33.18,63.6,rob,1b,IND,spin,no,3.7024221453287196,21.474048442906575
4,1376,2,IND,0,2,-152,M Vijay,NM Lyon,1,0,1,38.48,2129,48.8,Right-hand bat,2,1,0,4836.4,33.18,63.6,rob,0,IND,spin,no,3.7024221453287196,21.474048442906575
4,1377,3,IND,0,2,-152,M Vijay,NM Lyon,1,0,2,38.48,2129,48.8,Right-hand bat,3,1,0,4836.4,33.18,63.6,rob,4,IND,spin,no,3.7024221453287196,21.474048442906575
4,1378,4,IND,0,6,-148,M Vijay,NM Lyon,1,4,3,38.48,2129,48.8,Right-hand bat,4,5,0,4836.4,33.18,63.6,rob,4,IND,spin,no,3.7024221453287196,21.474048442906575
4,1379,5,IND,0,10,-144,M Vijay,NM Lyon,1,8,4,38.48,2129,48.8,Right-hand bat,5,9,0,4836.4,33.18,63.6,rob,0,IND,spin,no,3.7024221453287196,21.474048442906575
4,1389,15,IND,0,16,-138,M Vijay,NM Lyon,1,8,6,38.48,2129,48.8,Right-hand bat,9,10,0,4836.4,33.18,63.6,rob,2,IND,spin,no,3.7024221453287196,21.474048442906575
4,1390,16,IND,0,18,-136,M Vijay,NM Lyon,1,10,7,38.48,2129,48.8,Right-hand bat,10,12,0,4836.4,33.18,63.6,rob,0,IND,spin,no,3.7024221453287196,21.474048442906575
4,1391,17,IND,0,18,-136,M Vijay,NM Lyon,1,10,8,38.48,2129,48.8,Right-hand bat,11,12,0,4836.4,33.18,63.6,rob,1,IND,spin,no,3.7024221453287196,21.474048442906575
