innings,match_balls,inn_balls,bat_team,team_wkts,team_score,team_lead,batter,bowler,bat_position,bat_score,bat_balls,bat_avg,career_bat_balls,bat_sr,bat_arm,bowl_balls,bowl_runs,bowl_wkts,career_bowl_balls,bowl_avg,bowl_sr,bowl_type,outcome,host_country,bowl_class,bat_win_toss,seam_factor,spin_factor
2,924,187,RSA,5,110,-287,R McLaren,RJ Harris,7,0,0,23.5,108,43.51,Left-hand bat,54,26,0,4458.3,22.02,46.9,rf,0,RSA,seam,yes,26.474048442906575,5.673010380622837
2,925,188,RSA,5,110,-287,R McLaren,RJ Harris,7,0,1,23.5,108,43.51,Left-hand bat,55,26,0,4458.3,22.02,46.9,rf,0,RSA,seam,yes,26.474048442906575,5.673010380622837
2,926,189,RSA,5,110,-287,R McLaren,RJ Harris,7,0,2,23.5,108,43.51,Left-hand bat,56,26,0,4458.3,22.02,46.9,rf,0,RSA,seam,yes,26.474048442906575,5.673010380622837
2,927,190,RSA,5,110,-287,R McLaren,RJ Harris,7,0,3,23.5,108,43.51,Left-hand bat,57,26,0,4458.3,22.02,46.9,rf,0,RSA,seam,yes,26.474048442906575,5.673010380622837
2,928,191,RSA,5,110,-287,R McLaren,RJ Harris,7,0,4,23.5,108,43.51,Left-hand bat,58,26,0,4458.3,22.02,46.9,rf,0,RSA,seam,yes,26.474048442906575,5.673010380622837
2,929,192,RSA,5,110,-287,R McLaren,RJ Harris,7,0,5,23.5,108,43.51,Left-hand bat,59,26,0,4458.3,22.02,46.9,rf,0,RSA,seam,yes,26.474048442906575,5.673010380622837
2,940,203,RSA,5,114,-283,R McLaren,RJ Harris,7,0,11,23.5,108,43.51,Left-hand bat,64,29,0,4458.3,22.02,46.9,rf,4,RSA,seam,yes,26.474048442906575,5.673010380622837
2,941,204,RSA,5,118,-279,R McLaren,RJ Harris,7,4,12,23.5,108,43.51,Left-hand bat,65,33,0,4458.3,22.02,46.9,rf,0,RSA,seam,yes,26.474048442906575,5.673010380622837
