innings,match_balls,inn_balls,bat_team,team_wkts,team_score,team_lead,batter,bowler,bat_position,bat_score,bat_balls,bat_avg,career_bat_balls,bat_sr,bat_arm,bowl_balls,bowl_runs,bowl_wkts,career_bowl_balls,bowl_avg,bowl_sr,bowl_type,outcome,host_country,bowl_class,bat_win_toss,seam_factor,spin_factor
4,2018,163,ZIM,3,108,-382,CR Ervine,DM de Silva,4,27,51,33.5,1380,48.55,Left-hand bat,1,1,0,192,29,64,rob,0,ZIM,spin,yes,11.662064431295201,20.825115055884286
4,2019,164,ZIM,3,108,-382,CR Ervine,DM de Silva,4,27,52,33.5,1380,48.55,Left-hand bat,2,1,0,192,29,64,rob,0,ZIM,spin,yes,11.662064431295201,20.825115055884286
4,2020,165,ZIM,3,108,-382,CR Ervine,DM de Silva,4,27,53,33.5,1380,48.55,Left-hand bat,3,1,0,192,29,64,rob,0,ZIM,spin,yes,11.662064431295201,20.825115055884286
4,2021,166,ZIM,3,108,-382,CR Ervine,DM de Silva,4,27,54,33.5,1380,48.55,Left-hand bat,4,1,0,192,29,64,rob,0,ZIM,spin,yes,11.662064431295201,20.825115055884286
4,2022,167,ZIM,3,108,-382,CR Ervine,DM de Silva,4,27,55,33.5,1380,48.55,Left-hand bat,5,1,0,192,29,64,rob,0,ZIM,spin,yes,11.662064431295201,20.825115055884286
4,2030,175,ZIM,4,113,-377,CR Ervine,DM de Silva,4,27,56,33.5,1380,48.55,Left-hand bat,6,1,0,192,29,64,rob,0,ZIM,spin,yes,11.662064431295201,20.825115055884286
4,2031,176,ZIM,4,113,-377,CR Ervine,DM de Silva,4,27,57,33.5,1380,48.55,Left-hand bat,7,1,0,192,29,64,rob,0,ZIM,spin,yes,11.662064431295201,20.825115055884286
4,2032,177,ZIM,4,113,-377,CR Ervine,DM de Silva,4,27,58,33.5,1380,48.55,Left-hand bat,8,1,0,192,29,64,rob,1,ZIM,spin,yes,11.662064431295201,20.825115055884286
4,2035,180,ZIM,5,115,-375,CR Ervine,DM de Silva,4,28,59,33.5,1380,48.55,Left-hand bat,11,3,1,192,29,64,rob,3,ZIM,spin,yes,11.662064431295201,20.825115055884286
