innings,match_balls,inn_balls,bat_team,team_wkts,team_score,team_lead,batter,bowler,bat_position,bat_score,bat_balls,bat_avg,career_bat_balls,bat_sr,bat_arm,bowl_balls,bowl_runs,bowl_wkts,career_bowl_balls,bowl_avg,bowl_sr,bowl_type,outcome,host_country,bowl_class,bat_win_toss,seam_factor,spin_factor
3,1755,554,PAK,4,218,-200,Asad Shafiq,JH Kallis,6,74,196,39.11,3133,42.45,Right-hand bat,18,1,0,19962,32.61,69.3,rfm,0,PAK,seam,yes,10.466666666666667,19.886666666666667
3,1756,555,PAK,4,218,-200,Asad Shafiq,JH Kallis,6,74,197,39.11,3133,42.45,Right-hand bat,19,1,0,19962,32.61,69.3,rfm,1,PAK,seam,yes,10.466666666666667,19.886666666666667
3,1780,579,PAK,4,224,-194,Asad Shafiq,JH Kallis,6,79,210,39.11,3133,42.45,Right-hand bat,31,3,0,19962,32.61,69.3,rfm,0,PAK,seam,yes,10.466666666666667,19.886666666666667
3,1781,580,PAK,4,224,-194,Asad Shafiq,JH Kallis,6,79,211,39.11,3133,42.45,Right-hand bat,32,3,0,19962,32.61,69.3,rfm,0,PAK,seam,yes,10.466666666666667,19.886666666666667
3,1782,581,PAK,4,224,-194,Asad Shafiq,JH Kallis,6,79,212,39.11,3133,42.45,Right-hand bat,33,3,0,19962,32.61,69.3,rfm,4,PAK,seam,yes,10.466666666666667,19.886666666666667
3,1783,582,PAK,4,228,-190,Asad Shafiq,JH Kallis,6,83,213,39.11,3133,42.45,Right-hand bat,34,7,0,19962,32.61,69.3,rfm,0,PAK,seam,yes,10.466666666666667,19.886666666666667
3,1784,583,PAK,4,228,-190,Asad Shafiq,JH Kallis,6,83,214,39.11,3133,42.45,Right-hand bat,35,7,0,19962,32.61,69.3,rfm,0,PAK,seam,yes,10.466666666666667,19.886666666666667
3,1792,591,PAK,4,238,-180,Asad Shafiq,JH Kallis,6,87,218,39.11,3133,42.45,Right-hand bat,37,8,0,19962,32.61,69.3,rfm,1,PAK,seam,yes,10.466666666666667,19.886666666666667
