innings,match_balls,inn_balls,bat_team,team_wkts,team_score,team_lead,batter,bowler,bat_position,bat_score,bat_balls,bat_avg,career_bat_balls,bat_sr,bat_arm,bowl_balls,bowl_runs,bowl_wkts,career_bowl_balls,bowl_avg,bowl_sr,bowl_type,outcome,host_country,bowl_class,bat_win_toss,seam_factor,spin_factor
2,1153,770,SRL,9,378,213,RAS Lakmal,Rahat Ali,10,3,13,7.33,244,36.06,Right-hand bat,198,125,3,1362.4,45.31,85.3,lfm,0,PAK,seam,yes,24.014568158168572,9.824141519250778
2,1154,771,SRL,9,378,213,RAS Lakmal,Rahat Ali,10,3,14,7.33,244,36.06,Right-hand bat,199,125,3,1362.4,45.31,85.3,lfm,2,PAK,seam,yes,24.014568158168572,9.824141519250778
2,1155,772,SRL,9,380,215,RAS Lakmal,Rahat Ali,10,5,15,7.33,244,36.06,Right-hand bat,200,127,3,1362.4,45.31,85.3,lfm,0,PAK,seam,yes,24.014568158168572,9.824141519250778
2,1156,773,SRL,9,380,215,RAS Lakmal,Rahat Ali,10,5,16,7.33,244,36.06,Right-hand bat,201,127,3,1362.4,45.31,85.3,lfm,0,PAK,seam,yes,24.014568158168572,9.824141519250778
2,1157,774,SRL,9,380,215,RAS Lakmal,Rahat Ali,10,5,17,7.33,244,36.06,Right-hand bat,202,127,3,1362.4,45.31,85.3,lfm,1,PAK,seam,yes,24.014568158168572,9.824141519250778
2,1165,782,SRL,9,384,219,RAS Lakmal,Rahat Ali,10,7,20,7.33,244,36.06,Right-hand bat,204,128,3,1362.4,45.31,85.3,lfm,0,PAK,seam,yes,24.014568158168572,9.824141519250778
2,1166,783,SRL,9,384,219,RAS Lakmal,Rahat Ali,10,7,21,7.33,244,36.06,Right-hand bat,205,128,3,1362.4,45.31,85.3,lfm,0,PAK,seam,yes,24.014568158168572,9.824141519250778
2,1167,784,SRL,9,384,219,RAS Lakmal,Rahat Ali,10,7,22,7.33,244,36.06,Right-hand bat,206,128,3,1362.4,45.31,85.3,lfm,1,PAK,seam,yes,24.014568158168572,9.824141519250778
2,1177,794,SRL,9,386,221,RAS Lakmal,Rahat Ali,10,8,23,7.33,244,36.06,Right-hand bat,210,130,3,1362.4,45.31,85.3,lfm,1,PAK,seam,yes,24.014568158168572,9.824141519250778
