innings,match_balls,inn_balls,bat_team,team_wkts,team_score,team_lead,batter,bowler,bat_position,bat_score,bat_balls,bat_avg,career_bat_balls,bat_sr,bat_arm,bowl_balls,bowl_runs,bowl_wkts,career_bowl_balls,bowl_avg,bowl_sr,bowl_type,outcome,host_country,bowl_class,bat_win_toss,seam_factor,spin_factor
1,436,436,PAK,8,187,187,Junaid Khan,P Utseya,10,0,3,7.62,157,38.85,Right-hand bat,118,43,2,564.3,38.37,70.8,rob,0,ZIM,spin,no,13.928336620644313,14.661406969099277
1,437,437,PAK,8,187,187,Junaid Khan,P Utseya,10,0,4,7.62,157,38.85,Right-hand bat,119,43,2,564.3,38.37,70.8,rob,0,ZIM,spin,no,13.928336620644313,14.661406969099277
1,447,447,PAK,8,193,193,Junaid Khan,P Utseya,10,0,6,7.62,157,38.85,Right-hand bat,123,48,2,564.3,38.37,70.8,rob,1,ZIM,spin,no,13.928336620644313,14.661406969099277
1,468,468,PAK,8,199,199,Junaid Khan,P Utseya,10,2,19,7.62,157,38.85,Right-hand bat,126,49,2,564.3,38.37,70.8,rob,0,ZIM,spin,no,13.928336620644313,14.661406969099277
1,469,469,PAK,8,199,199,Junaid Khan,P Utseya,10,2,20,7.62,157,38.85,Right-hand bat,127,49,2,564.3,38.37,70.8,rob,1,ZIM,spin,no,13.928336620644313,14.661406969099277
1,531,531,PAK,8,248,248,Junaid Khan,P Utseya,10,17,46,7.62,157,38.85,Right-hand bat,134,55,2,564.3,38.37,70.8,rob,0,ZIM,spin,no,13.928336620644313,14.661406969099277
1,532,532,PAK,8,248,248,Junaid Khan,P Utseya,10,17,47,7.62,157,38.85,Right-hand bat,135,55,2,564.3,38.37,70.8,rob,0,ZIM,spin,no,13.928336620644313,14.661406969099277
1,533,533,PAK,8,248,248,Junaid Khan,P Utseya,10,17,48,7.62,157,38.85,Right-hand bat,136,55,2,564.3,38.37,70.8,rob,0,ZIM,spin,no,13.928336620644313,14.661406969099277
1,534,534,PAK,8,248,248,Junaid Khan,P Utseya,10,17,49,7.62,157,38.85,Right-hand bat,137,55,2,564.3,38.37,70.8,rob,0,ZIM,spin,no,13.928336620644313,14.661406969099277
