innings,match_balls,inn_balls,bat_team,team_wkts,team_score,team_lead,batter,bowler,bat_position,bat_score,bat_balls,bat_avg,career_bat_balls,bat_sr,bat_arm,bowl_balls,bowl_runs,bowl_wkts,career_bowl_balls,bowl_avg,bowl_sr,bowl_type,outcome,host_country,bowl_class,bat_win_toss,seam_factor,spin_factor
3,954,138,AUS,3,66,221,MT Renshaw,RA Jadeja,5,1,4,59.14,862,48.02,Left-hand bat,66,18,0,7812.1,24.25,64,lo,0,IND,spin,yes,4.258125000000001,14.666875000000001
3,955,139,AUS,3,66,221,MT Renshaw,RA Jadeja,5,1,5,59.14,862,48.02,Left-hand bat,67,18,0,7812.1,24.25,64,lo,0,IND,spin,yes,4.258125000000001,14.666875000000001
3,956,140,AUS,3,66,221,MT Renshaw,RA Jadeja,5,1,6,59.14,862,48.02,Left-hand bat,68,18,0,7812.1,24.25,64,lo,1,IND,spin,yes,4.258125000000001,14.666875000000001
3,966,150,AUS,3,68,223,MT Renshaw,RA Jadeja,5,3,13,59.14,862,48.02,Left-hand bat,72,19,0,7812.1,24.25,64,lo,0,IND,spin,yes,4.258125000000001,14.666875000000001
3,967,151,AUS,3,68,223,MT Renshaw,RA Jadeja,5,3,14,59.14,862,48.02,Left-hand bat,73,19,0,7812.1,24.25,64,lo,0,IND,spin,yes,4.258125000000001,14.666875000000001
3,968,152,AUS,3,68,223,MT Renshaw,RA Jadeja,5,3,15,59.14,862,48.02,Left-hand bat,74,19,0,7812.1,24.25,64,lo,4,IND,spin,yes,4.258125000000001,14.666875000000001
3,969,153,AUS,3,72,227,MT Renshaw,RA Jadeja,5,7,16,59.14,862,48.02,Left-hand bat,75,23,0,7812.1,24.25,64,lo,0,IND,spin,yes,4.258125000000001,14.666875000000001
3,970,154,AUS,3,72,227,MT Renshaw,RA Jadeja,5,7,17,59.14,862,48.02,Left-hand bat,76,23,0,7812.1,24.25,64,lo,1,IND,spin,yes,4.258125000000001,14.666875000000001
