innings,match_balls,inn_balls,bat_team,team_wkts,team_score,team_lead,batter,bowler,bat_position,bat_score,bat_balls,bat_avg,career_bat_balls,bat_sr,bat_arm,bowl_balls,bowl_runs,bowl_wkts,career_bowl_balls,bowl_avg,bowl_sr,bowl_type,outcome,host_country,bowl_class,bat_win_toss,seam_factor,spin_factor
1,827,827,ENG,5,426,426,JC Buttler,Mohammed Shami,7,0,2,85,83,102.4,Right-hand bat,177,104,1,1920,36.31,60,rf,0,ENG,seam,yes,21.34443288241415,20.010405827263266
1,828,828,ENG,5,426,426,JC Buttler,Mohammed Shami,7,0,3,85,83,102.4,Right-hand bat,178,104,1,1920,36.31,60,rf,0,ENG,seam,yes,21.34443288241415,20.010405827263266
1,829,829,ENG,5,426,426,JC Buttler,Mohammed Shami,7,0,4,85,83,102.4,Right-hand bat,179,104,1,1920,36.31,60,rf,0,ENG,seam,yes,21.34443288241415,20.010405827263266
1,904,904,ENG,5,471,471,JC Buttler,Mohammed Shami,7,23,41,85,83,102.4,Right-hand bat,182,107,1,1920,36.31,60,rf,0,ENG,seam,yes,21.34443288241415,20.010405827263266
1,905,905,ENG,5,471,471,JC Buttler,Mohammed Shami,7,23,42,85,83,102.4,Right-hand bat,183,107,1,1920,36.31,60,rf,0,ENG,seam,yes,21.34443288241415,20.010405827263266
1,906,906,ENG,5,471,471,JC Buttler,Mohammed Shami,7,23,43,85,83,102.4,Right-hand bat,184,107,1,1920,36.31,60,rf,1,ENG,seam,yes,21.34443288241415,20.010405827263266
1,943,943,ENG,5,515,515,JC Buttler,Mohammed Shami,7,43,61,85,83,102.4,Right-hand bat,191,116,1,1920,36.31,60,rf,2,ENG,seam,yes,21.34443288241415,20.010405827263266
1,962,962,ENG,6,534,534,JC Buttler,Mohammed Shami,7,57,69,85,83,102.4,Right-hand bat,192,118,1,1920,36.31,60,rf,1,ENG,seam,yes,21.34443288241415,20.010405827263266
1,964,964,ENG,6,536,536,JC Buttler,Mohammed Shami,7,58,70,85,83,102.4,Right-hand bat,194,120,1,1920,36.31,60,rf,1,ENG,seam,yes,21.34443288241415,20.010405827263266
