innings,match_balls,inn_balls,bat_team,team_wkts,team_score,team_lead,batter,bowler,bat_position,bat_score,bat_balls,bat_avg,career_bat_balls,bat_sr,bat_arm,bowl_balls,bowl_runs,bowl_wkts,career_bowl_balls,bowl_avg,bowl_sr,bowl_type,outcome,host_country,bowl_class,bat_win_toss,seam_factor,spin_factor
3,1750,125,ENG,2,80,319,IR Bell,RA Jadeja,4,0,0,45.16,14222,49.85,Right-hand bat,17,9,1,3342.1,30.25,75.9,lo,0,ENG,spin,yes,21.34443288241415,20.010405827263266
3,1758,133,ENG,2,92,331,IR Bell,RA Jadeja,4,10,4,45.16,14222,49.85,Right-hand bat,19,10,1,3342.1,30.25,75.9,lo,4,ENG,spin,yes,21.34443288241415,20.010405827263266
3,1759,134,ENG,2,96,335,IR Bell,RA Jadeja,4,14,5,45.16,14222,49.85,Right-hand bat,20,14,1,3342.1,30.25,75.9,lo,0,ENG,spin,yes,21.34443288241415,20.010405827263266
3,1760,135,ENG,2,96,335,IR Bell,RA Jadeja,4,14,6,45.16,14222,49.85,Right-hand bat,21,14,1,3342.1,30.25,75.9,lo,1,ENG,spin,yes,21.34443288241415,20.010405827263266
3,1770,145,ENG,2,98,337,IR Bell,RA Jadeja,4,15,13,45.16,14222,49.85,Right-hand bat,25,16,1,3342.1,30.25,75.9,lo,1,ENG,spin,yes,21.34443288241415,20.010405827263266
3,1781,156,ENG,2,106,345,IR Bell,RA Jadeja,4,23,19,45.16,14222,49.85,Right-hand bat,30,17,1,3342.1,30.25,75.9,lo,0,ENG,spin,yes,21.34443288241415,20.010405827263266
3,1782,157,ENG,2,106,345,IR Bell,RA Jadeja,4,23,20,45.16,14222,49.85,Right-hand bat,31,17,1,3342.1,30.25,75.9,lo,W,ENG,spin,yes,21.34443288241415,20.010405827263266
