innings,match_balls,inn_balls,bat_team,team_wkts,team_score,team_lead,batter,bowler,bat_position,bat_score,bat_balls,bat_avg,career_bat_balls,bat_sr,bat_arm,bowl_balls,bowl_runs,bowl_wkts,career_bowl_balls,bowl_avg,bowl_sr,bowl_type,outcome,host_country,bowl_class,bat_win_toss,seam_factor,spin_factor
2,1208,263,BAN,3,147,-322,Shakib Al Hasan,BP Martin,5,3,14,36.66,3407,60.25,Left-hand bat,21,23,0,1518,53.83,126.5,lo,1,BAN,spin,no,12.71111111111111,34.95555555555555
2,1210,265,BAN,3,149,-320,Shakib Al Hasan,BP Martin,5,4,15,36.66,3407,60.25,Left-hand bat,23,25,0,1518,53.83,126.5,lo,0,BAN,spin,no,12.71111111111111,34.95555555555555
2,1222,277,BAN,3,151,-318,Shakib Al Hasan,BP Martin,5,4,20,36.66,3407,60.25,Left-hand bat,29,26,0,1518,53.83,126.5,lo,1,BAN,spin,no,12.71111111111111,34.95555555555555
2,1241,296,BAN,3,157,-312,Shakib Al Hasan,BP Martin,5,7,28,36.66,3407,60.25,Left-hand bat,36,29,0,1518,53.83,126.5,lo,1,BAN,spin,no,12.71111111111111,34.95555555555555
2,1245,300,BAN,3,159,-310,Shakib Al Hasan,BP Martin,5,8,29,36.66,3407,60.25,Left-hand bat,40,31,0,1518,53.83,126.5,lo,0,BAN,spin,no,12.71111111111111,34.95555555555555
2,1246,301,BAN,3,159,-310,Shakib Al Hasan,BP Martin,5,8,30,36.66,3407,60.25,Left-hand bat,41,31,0,1518,53.83,126.5,lo,0,BAN,spin,no,12.71111111111111,34.95555555555555
2,1253,308,BAN,3,163,-306,Shakib Al Hasan,BP Martin,5,8,31,36.66,3407,60.25,Left-hand bat,42,31,0,1518,53.83,126.5,lo,0,BAN,spin,no,12.71111111111111,34.95555555555555
2,1254,309,BAN,3,163,-306,Shakib Al Hasan,BP Martin,5,8,32,36.66,3407,60.25,Left-hand bat,43,31,0,1518,53.83,126.5,lo,1,BAN,spin,no,12.71111111111111,34.95555555555555
