innings,match_balls,inn_balls,bat_team,team_wkts,team_score,team_lead,batter,bowler,bat_position,bat_score,bat_balls,bat_avg,career_bat_balls,bat_sr,bat_arm,bowl_balls,bowl_runs,bowl_wkts,career_bowl_balls,bowl_avg,bowl_sr,bowl_type,outcome,host_country,bowl_class,bat_win_toss,seam_factor,spin_factor
2,1099,100,SRL,1,39,-416,KC Sangakkara,DW Steyn,3,0,0,58.55,21411,54.14,Left-hand bat,39,8,1,15498.3,22.72,41.7,rf,0,SRL,seam,no,19.085714285714285,14.314285714285715
2,1100,101,SRL,1,39,-416,KC Sangakkara,DW Steyn,3,0,1,58.55,21411,54.14,Left-hand bat,40,8,1,15498.3,22.72,41.7,rf,0,SRL,seam,no,19.085714285714285,14.314285714285715
2,1101,102,SRL,1,39,-416,KC Sangakkara,DW Steyn,3,0,2,58.55,21411,54.14,Left-hand bat,41,8,1,15498.3,22.72,41.7,rf,0,SRL,seam,no,19.085714285714285,14.314285714285715
2,1108,109,SRL,1,45,-410,KC Sangakkara,DW Steyn,3,0,3,58.55,21411,54.14,Left-hand bat,42,8,1,15498.3,22.72,41.7,rf,0,SRL,seam,no,19.085714285714285,14.314285714285715
2,1109,110,SRL,1,45,-410,KC Sangakkara,DW Steyn,3,0,4,58.55,21411,54.14,Left-hand bat,43,8,1,15498.3,22.72,41.7,rf,4,SRL,seam,no,19.085714285714285,14.314285714285715
2,1110,111,SRL,1,49,-406,KC Sangakkara,DW Steyn,3,4,5,58.55,21411,54.14,Left-hand bat,44,12,1,15498.3,22.72,41.7,rf,0,SRL,seam,no,19.085714285714285,14.314285714285715
2,1111,112,SRL,1,49,-406,KC Sangakkara,DW Steyn,3,4,6,58.55,21411,54.14,Left-hand bat,45,12,1,15498.3,22.72,41.7,rf,4,SRL,seam,no,19.085714285714285,14.314285714285715
2,1112,113,SRL,1,53,-402,KC Sangakkara,DW Steyn,3,8,7,58.55,21411,54.14,Left-hand bat,46,16,1,15498.3,22.72,41.7,rf,1,SRL,seam,no,19.085714285714285,14.314285714285715
