innings,match_balls,inn_balls,bat_team,team_wkts,team_score,team_lead,batter,bowler,bat_position,bat_score,bat_balls,bat_avg,career_bat_balls,bat_sr,bat_arm,bowl_balls,bowl_runs,bowl_wkts,career_bowl_balls,bowl_avg,bowl_sr,bowl_type,outcome,host_country,bowl_class,bat_win_toss,seam_factor,spin_factor
3,1696,258,AUS,3,210,464,MJ Clarke,JE Root,4,15,16,50.24,15346,55.98,Right-hand bat,12,9,0,996,39.75,83,rob,4,ENG,spin,yes,31.56111111111111,10.977777777777778
3,1697,259,AUS,3,214,468,MJ Clarke,JE Root,4,19,17,50.24,15346,55.98,Right-hand bat,13,13,0,996,39.75,83,rob,1,ENG,spin,yes,31.56111111111111,10.977777777777778
3,1701,263,AUS,3,218,472,MJ Clarke,JE Root,4,20,18,50.24,15346,55.98,Right-hand bat,17,17,0,996,39.75,83,rob,1,ENG,spin,yes,31.56111111111111,10.977777777777778
3,1709,271,AUS,3,222,476,MJ Clarke,JE Root,4,22,22,50.24,15346,55.98,Right-hand bat,19,19,0,996,39.75,83,rob,1,ENG,spin,yes,31.56111111111111,10.977777777777778
3,1711,273,AUS,3,224,478,MJ Clarke,JE Root,4,23,23,50.24,15346,55.98,Right-hand bat,21,21,0,996,39.75,83,rob,1,ENG,spin,yes,31.56111111111111,10.977777777777778
3,1713,275,AUS,3,226,480,MJ Clarke,JE Root,4,24,24,50.24,15346,55.98,Right-hand bat,23,23,0,996,39.75,83,rob,1,ENG,spin,yes,31.56111111111111,10.977777777777778
3,1721,283,AUS,3,232,486,MJ Clarke,JE Root,4,28,29,50.24,15346,55.98,Right-hand bat,25,25,0,996,39.75,83,rob,1,ENG,spin,yes,31.56111111111111,10.977777777777778
3,1723,285,AUS,3,234,488,MJ Clarke,JE Root,4,29,30,50.24,15346,55.98,Right-hand bat,27,27,0,996,39.75,83,rob,0,ENG,spin,yes,31.56111111111111,10.977777777777778
3,1724,286,AUS,3,234,488,MJ Clarke,JE Root,4,29,31,50.24,15346,55.98,Right-hand bat,28,27,0,996,39.75,83,rob,1,ENG,spin,yes,31.56111111111111,10.977777777777778
