innings,match_balls,inn_balls,bat_team,team_wkts,team_score,team_lead,batter,bowler,bat_position,bat_score,bat_balls,bat_avg,career_bat_balls,bat_sr,bat_arm,bowl_balls,bowl_runs,bowl_wkts,career_bowl_balls,bowl_avg,bowl_sr,bowl_type,outcome,host_country,bowl_class,bat_win_toss,seam_factor,spin_factor
2,1050,154,ENG,4,79,-487,BA Stokes,MR Marsh,6,34,45,36,1345,64.23,Left-hand bat,4,1,0,432,48.75,108,rm,0,ENG,seam,no,31.56111111111111,10.977777777777778
2,1051,155,ENG,4,79,-487,BA Stokes,MR Marsh,6,34,46,36,1345,64.23,Left-hand bat,5,1,0,432,48.75,108,rm,2,ENG,seam,no,31.56111111111111,10.977777777777778
2,1209,313,ENG,4,163,-403,BA Stokes,MR Marsh,6,79,121,36,1345,64.23,Left-hand bat,12,3,0,432,48.75,108,rm,0,ENG,seam,no,31.56111111111111,10.977777777777778
2,1210,314,ENG,4,163,-403,BA Stokes,MR Marsh,6,79,122,36,1345,64.23,Left-hand bat,13,3,0,432,48.75,108,rm,0,ENG,seam,no,31.56111111111111,10.977777777777778
2,1211,315,ENG,4,163,-403,BA Stokes,MR Marsh,6,79,123,36,1345,64.23,Left-hand bat,14,3,0,432,48.75,108,rm,0,ENG,seam,no,31.56111111111111,10.977777777777778
2,1212,316,ENG,4,163,-403,BA Stokes,MR Marsh,6,79,124,36,1345,64.23,Left-hand bat,15,3,0,432,48.75,108,rm,0,ENG,seam,no,31.56111111111111,10.977777777777778
2,1213,317,ENG,4,163,-403,BA Stokes,MR Marsh,6,79,125,36,1345,64.23,Left-hand bat,16,3,0,432,48.75,108,rm,4,ENG,seam,no,31.56111111111111,10.977777777777778
2,1214,318,ENG,4,167,-399,BA Stokes,MR Marsh,6,83,126,36,1345,64.23,Left-hand bat,17,7,0,432,48.75,108,rm,4,ENG,seam,no,31.56111111111111,10.977777777777778
2,1221,325,ENG,4,175,-391,BA Stokes,MR Marsh,6,87,127,36,1345,64.23,Left-hand bat,18,11,0,432,48.75,108,rm,W,ENG,seam,no,31.56111111111111,10.977777777777778
