innings,match_balls,inn_balls,bat_team,team_wkts,team_score,team_lead,batter,bowler,bat_position,bat_score,bat_balls,bat_avg,career_bat_balls,bat_sr,bat_arm,bowl_balls,bowl_runs,bowl_wkts,career_bowl_balls,bowl_avg,bowl_sr,bowl_type,outcome,host_country,bowl_class,bat_win_toss,seam_factor,spin_factor
1,680,680,ENG,8,285,285,SCJ Broad,MA Starc,9,8,21,20.89,4341,65.46,Left-hand bat,158,66,2,7614.5,28.08,49.4,lf,0,ENG,seam,yes,24.395555555555557,8.87111111111111
1,681,681,ENG,8,285,285,SCJ Broad,MA Starc,9,8,22,20.89,4341,65.46,Left-hand bat,159,66,2,7614.5,28.08,49.4,lf,1,ENG,seam,yes,24.395555555555557,8.87111111111111
1,692,692,ENG,9,291,291,SCJ Broad,MA Starc,9,10,24,20.89,4341,65.46,Left-hand bat,164,67,3,7614.5,28.08,49.4,lf,0,ENG,seam,yes,24.395555555555557,8.87111111111111
1,693,693,ENG,9,291,291,SCJ Broad,MA Starc,9,10,25,20.89,4341,65.46,Left-hand bat,165,67,3,7614.5,28.08,49.4,lf,4,ENG,seam,yes,24.395555555555557,8.87111111111111
1,694,694,ENG,9,295,295,SCJ Broad,MA Starc,9,14,26,20.89,4341,65.46,Left-hand bat,166,71,3,7614.5,28.08,49.4,lf,0,ENG,seam,yes,24.395555555555557,8.87111111111111
1,695,695,ENG,9,295,295,SCJ Broad,MA Starc,9,14,27,20.89,4341,65.46,Left-hand bat,167,71,3,7614.5,28.08,49.4,lf,2,ENG,seam,yes,24.395555555555557,8.87111111111111
1,696,696,ENG,9,297,297,SCJ Broad,MA Starc,9,16,28,20.89,4341,65.46,Left-hand bat,168,73,3,7614.5,28.08,49.4,lf,4,ENG,seam,yes,24.395555555555557,8.87111111111111
1,697,697,ENG,9,301,301,SCJ Broad,MA Starc,9,20,29,20.89,4341,65.46,Left-hand bat,169,77,3,7614.5,28.08,49.4,lf,0,ENG,seam,yes,24.395555555555557,8.87111111111111
