innings,match_balls,inn_balls,bat_team,team_wkts,team_score,team_lead,batter,bowler,bat_position,bat_score,bat_balls,bat_avg,career_bat_balls,bat_sr,bat_arm,bowl_balls,bowl_runs,bowl_wkts,career_bowl_balls,bowl_avg,bowl_sr,bowl_type,outcome,host_country,bowl_class,bat_win_toss,seam_factor,spin_factor
2,1118,416,AUS,5,177,-125,TD Paine,CR Woakes,7,0,5,33.33,708,42.37,Right-hand bat,49,32,0,3156.4,32.21,61.9,rfm,0,ENG,seam,no,24.395555555555557,8.87111111111111
2,1119,417,AUS,5,177,-125,TD Paine,CR Woakes,7,0,6,33.33,708,42.37,Right-hand bat,50,32,0,3156.4,32.21,61.9,rfm,0,ENG,seam,no,24.395555555555557,8.87111111111111
2,1120,418,AUS,5,177,-125,TD Paine,CR Woakes,7,0,7,33.33,708,42.37,Right-hand bat,51,32,0,3156.4,32.21,61.9,rfm,0,ENG,seam,no,24.395555555555557,8.87111111111111
2,1121,419,AUS,5,177,-125,TD Paine,CR Woakes,7,0,8,33.33,708,42.37,Right-hand bat,52,32,0,3156.4,32.21,61.9,rfm,0,ENG,seam,no,24.395555555555557,8.87111111111111
2,1122,420,AUS,5,177,-125,TD Paine,CR Woakes,7,0,9,33.33,708,42.37,Right-hand bat,53,32,0,3156.4,32.21,61.9,rfm,0,ENG,seam,no,24.395555555555557,8.87111111111111
2,1131,429,AUS,5,184,-118,TD Paine,CR Woakes,7,4,13,33.33,708,42.37,Right-hand bat,55,33,0,3156.4,32.21,61.9,rfm,1,ENG,seam,no,24.395555555555557,8.87111111111111
2,1142,440,AUS,5,186,-116,TD Paine,CR Woakes,7,5,14,33.33,708,42.37,Right-hand bat,60,35,0,3156.4,32.21,61.9,rfm,0,ENG,seam,no,24.395555555555557,8.87111111111111
2,1143,441,AUS,5,186,-116,TD Paine,CR Woakes,7,5,15,33.33,708,42.37,Right-hand bat,61,35,0,3156.4,32.21,61.9,rfm,0,ENG,seam,no,24.395555555555557,8.87111111111111
2,1144,442,AUS,5,186,-116,TD Paine,CR Woakes,7,5,16,33.33,708,42.37,Right-hand bat,62,35,0,3156.4,32.21,61.9,rfm,1,ENG,seam,no,24.395555555555557,8.87111111111111
