innings,match_balls,inn_balls,bat_team,team_wkts,team_score,team_lead,batter,bowler,bat_position,bat_score,bat_balls,bat_avg,career_bat_balls,bat_sr,bat_arm,bowl_balls,bowl_runs,bowl_wkts,career_bowl_balls,bowl_avg,bowl_sr,bowl_type,outcome,host_country,bowl_class,bat_win_toss,seam_factor,spin_factor
1,272,272,AUS,2,161,161,MJ Clarke,MM Ali,4,0,0,49.1,15456,55.92,Right-hand bat,25,16,1,2520.4,36.04,56,rob,0,ENG,spin,no,22.391111111111112,8.142222222222223
1,273,273,AUS,2,161,161,MJ Clarke,MM Ali,4,0,1,49.1,15456,55.92,Right-hand bat,26,16,1,2520.4,36.04,56,rob,0,ENG,spin,no,22.391111111111112,8.142222222222223
1,274,274,AUS,2,161,161,MJ Clarke,MM Ali,4,0,2,49.1,15456,55.92,Right-hand bat,27,16,1,2520.4,36.04,56,rob,3,ENG,spin,no,22.391111111111112,8.142222222222223
1,276,276,AUS,2,165,165,MJ Clarke,MM Ali,4,3,3,49.1,15456,55.92,Right-hand bat,29,20,1,2520.4,36.04,56,rob,0,ENG,spin,no,22.391111111111112,8.142222222222223
1,286,286,AUS,2,169,169,MJ Clarke,MM Ali,4,3,9,49.1,15456,55.92,Right-hand bat,33,21,1,2520.4,36.04,56,rob,4,ENG,spin,no,22.391111111111112,8.142222222222223
1,287,287,AUS,2,173,173,MJ Clarke,MM Ali,4,7,10,49.1,15456,55.92,Right-hand bat,34,25,1,2520.4,36.04,56,rob,0,ENG,spin,no,22.391111111111112,8.142222222222223
1,288,288,AUS,2,173,173,MJ Clarke,MM Ali,4,7,11,49.1,15456,55.92,Right-hand bat,35,25,1,2520.4,36.04,56,rob,0,ENG,spin,no,22.391111111111112,8.142222222222223
