innings,match_balls,inn_balls,bat_team,team_wkts,team_score,team_lead,batter,bowler,bat_position,bat_score,bat_balls,bat_avg,career_bat_balls,bat_sr,bat_arm,bowl_balls,bowl_runs,bowl_wkts,career_bowl_balls,bowl_avg,bowl_sr,bowl_type,outcome,host_country,bowl_class,bat_win_toss,seam_factor,spin_factor
2,916,577,SRL,8,329,108,RAS Lakmal,MD Craig,10,5,13,6.85,404,35.64,Right-hand bat,83,44,0,1938.2,39.58,62.5,rob,0,NZL,spin,yes,29.645714285714284,7.411428571428571
2,928,589,SRL,8,334,113,RAS Lakmal,MD Craig,10,5,15,6.85,404,35.64,Right-hand bat,88,45,0,1938.2,39.58,62.5,rob,0,NZL,spin,yes,29.645714285714284,7.411428571428571
2,929,590,SRL,8,334,113,RAS Lakmal,MD Craig,10,5,16,6.85,404,35.64,Right-hand bat,89,45,0,1938.2,39.58,62.5,rob,0,NZL,spin,yes,29.645714285714284,7.411428571428571
2,940,601,SRL,8,342,121,RAS Lakmal,MD Craig,10,5,19,6.85,404,35.64,Right-hand bat,94,48,0,1938.2,39.58,62.5,rob,0,NZL,spin,yes,29.645714285714284,7.411428571428571
2,941,602,SRL,8,342,121,RAS Lakmal,MD Craig,10,5,20,6.85,404,35.64,Right-hand bat,95,48,0,1938.2,39.58,62.5,rob,0,NZL,spin,yes,29.645714285714284,7.411428571428571
2,952,613,SRL,8,350,129,RAS Lakmal,MD Craig,10,5,23,6.85,404,35.64,Right-hand bat,100,55,0,1938.2,39.58,62.5,rob,0,NZL,spin,yes,29.645714285714284,7.411428571428571
2,953,614,SRL,8,350,129,RAS Lakmal,MD Craig,10,5,24,6.85,404,35.64,Right-hand bat,101,55,0,1938.2,39.58,62.5,rob,0,NZL,spin,yes,29.645714285714284,7.411428571428571
2,960,621,SRL,9,356,135,RAS Lakmal,MD Craig,10,5,25,6.85,404,35.64,Right-hand bat,102,55,0,1938.2,39.58,62.5,rob,W,NZL,spin,yes,29.645714285714284,7.411428571428571
