innings,match_balls,inn_balls,bat_team,team_wkts,team_score,team_lead,batter,bowler,bat_position,bat_score,bat_balls,bat_avg,career_bat_balls,bat_sr,bat_arm,bowl_balls,bowl_runs,bowl_wkts,career_bowl_balls,bowl_avg,bowl_sr,bowl_type,outcome,host_country,bowl_class,bat_win_toss,seam_factor,spin_factor
1,0,0,ENG,0,0,0,AN Cook,M Morkel,1,0,0,46.77,21189,46.35,Left-hand bat,0,0,0,13278,29.51,56.7,rf,1,RSA,seam,yes,62.714681440443215,11.759002770083104
1,79,79,ENG,0,44,44,AN Cook,M Morkel,1,20,36,46.77,21189,46.35,Left-hand bat,18,5,0,13278,29.51,56.7,rf,0,RSA,seam,yes,62.714681440443215,11.759002770083104
1,80,80,ENG,0,44,44,AN Cook,M Morkel,1,20,37,46.77,21189,46.35,Left-hand bat,19,5,0,13278,29.51,56.7,rf,0,RSA,seam,yes,62.714681440443215,11.759002770083104
1,81,81,ENG,0,44,44,AN Cook,M Morkel,1,20,38,46.77,21189,46.35,Left-hand bat,20,5,0,13278,29.51,56.7,rf,0,RSA,seam,yes,62.714681440443215,11.759002770083104
1,82,82,ENG,0,44,44,AN Cook,M Morkel,1,20,39,46.77,21189,46.35,Left-hand bat,21,5,0,13278,29.51,56.7,rf,1,RSA,seam,yes,62.714681440443215,11.759002770083104
1,91,91,ENG,0,52,52,AN Cook,M Morkel,1,24,44,46.77,21189,46.35,Left-hand bat,24,10,0,13278,29.51,56.7,rf,0,RSA,seam,yes,62.714681440443215,11.759002770083104
1,92,92,ENG,0,52,52,AN Cook,M Morkel,1,24,45,46.77,21189,46.35,Left-hand bat,25,10,0,13278,29.51,56.7,rf,3,RSA,seam,yes,62.714681440443215,11.759002770083104
