innings,match_balls,inn_balls,bat_team,team_wkts,team_score,team_lead,batter,bowler,bat_position,bat_score,bat_balls,bat_avg,career_bat_balls,bat_sr,bat_arm,bowl_balls,bowl_runs,bowl_wkts,career_bowl_balls,bowl_avg,bowl_sr,bowl_type,outcome,host_country,bowl_class,bat_win_toss,seam_factor,spin_factor
2,606,6,ENG,0,5,-308,AN Cook,K Rabada,1,5,5,46.61,21286,46.42,Left-hand bat,0,0,0,714,40.81,64.9,rf,0,RSA,seam,no,21.84573002754821,2.184573002754821
2,607,7,ENG,0,5,-308,AN Cook,K Rabada,1,5,6,46.61,21286,46.42,Left-hand bat,1,0,0,714,40.81,64.9,rf,0,RSA,seam,no,21.84573002754821,2.184573002754821
2,608,8,ENG,0,5,-308,AN Cook,K Rabada,1,5,7,46.61,21286,46.42,Left-hand bat,2,0,0,714,40.81,64.9,rf,0,RSA,seam,no,21.84573002754821,2.184573002754821
2,609,9,ENG,0,5,-308,AN Cook,K Rabada,1,5,8,46.61,21286,46.42,Left-hand bat,3,0,0,714,40.81,64.9,rf,0,RSA,seam,no,21.84573002754821,2.184573002754821
2,610,10,ENG,0,5,-308,AN Cook,K Rabada,1,5,9,46.61,21286,46.42,Left-hand bat,4,0,0,714,40.81,64.9,rf,0,RSA,seam,no,21.84573002754821,2.184573002754821
2,611,11,ENG,0,5,-308,AN Cook,K Rabada,1,5,10,46.61,21286,46.42,Left-hand bat,5,0,0,714,40.81,64.9,rf,3,RSA,seam,no,21.84573002754821,2.184573002754821
2,630,30,ENG,1,13,-300,AN Cook,K Rabada,1,9,14,46.61,21286,46.42,Left-hand bat,12,3,1,714,40.81,64.9,rf,3,RSA,seam,no,21.84573002754821,2.184573002754821
2,642,42,ENG,1,19,-294,AN Cook,K Rabada,1,15,18,46.61,21286,46.42,Left-hand bat,18,6,1,714,40.81,64.9,rf,0,RSA,seam,no,21.84573002754821,2.184573002754821
2,643,43,ENG,1,19,-294,AN Cook,K Rabada,1,15,19,46.61,21286,46.42,Left-hand bat,19,6,1,714,40.81,64.9,rf,1,RSA,seam,no,21.84573002754821,2.184573002754821
