innings,match_balls,inn_balls,bat_team,team_wkts,team_score,team_lead,batter,bowler,bat_position,bat_score,bat_balls,bat_avg,career_bat_balls,bat_sr,bat_arm,bowl_balls,bowl_runs,bowl_wkts,career_bowl_balls,bowl_avg,bowl_sr,bowl_type,outcome,host_country,bowl_class,bat_win_toss,seam_factor,spin_factor
1,406,406,RSA,3,247,247,JP Duminy,BA Stokes,5,0,2,32.34,3326,42.78,Left-hand bat,93,47,1,3702,38.07,64.9,rfm,0,RSA,seam,yes,29.506938775510207,3.8073469387755106
1,407,407,RSA,3,247,247,JP Duminy,BA Stokes,5,0,3,32.34,3326,42.78,Left-hand bat,94,47,1,3702,38.07,64.9,rfm,0,RSA,seam,yes,29.506938775510207,3.8073469387755106
1,408,408,RSA,3,247,247,JP Duminy,BA Stokes,5,0,4,32.34,3326,42.78,Left-hand bat,95,47,1,3702,38.07,64.9,rfm,0,RSA,seam,yes,29.506938775510207,3.8073469387755106
1,415,415,RSA,3,247,247,JP Duminy,BA Stokes,5,0,5,32.34,3326,42.78,Left-hand bat,96,47,1,3702,38.07,64.9,rfm,0,RSA,seam,yes,29.506938775510207,3.8073469387755106
1,416,416,RSA,3,247,247,JP Duminy,BA Stokes,5,0,6,32.34,3326,42.78,Left-hand bat,97,47,1,3702,38.07,64.9,rfm,0,RSA,seam,yes,29.506938775510207,3.8073469387755106
1,417,417,RSA,3,247,247,JP Duminy,BA Stokes,5,0,7,32.34,3326,42.78,Left-hand bat,98,47,1,3702,38.07,64.9,rfm,4,RSA,seam,yes,29.506938775510207,3.8073469387755106
1,418,418,RSA,3,251,251,JP Duminy,BA Stokes,5,4,8,32.34,3326,42.78,Left-hand bat,99,51,1,3702,38.07,64.9,rfm,0,RSA,seam,yes,29.506938775510207,3.8073469387755106
1,419,419,RSA,3,251,251,JP Duminy,BA Stokes,5,4,9,32.34,3326,42.78,Left-hand bat,100,51,1,3702,38.07,64.9,rfm,0,RSA,seam,yes,29.506938775510207,3.8073469387755106
1,420,420,RSA,3,251,251,JP Duminy,BA Stokes,5,4,10,32.34,3326,42.78,Left-hand bat,101,51,1,3702,38.07,64.9,rfm,0,RSA,seam,yes,29.506938775510207,3.8073469387755106
