innings,match_balls,inn_balls,bat_team,team_wkts,team_score,team_lead,batter,bowler,bat_position,bat_score,bat_balls,bat_avg,career_bat_balls,bat_sr,bat_arm,bowl_balls,bowl_runs,bowl_wkts,career_bowl_balls,bowl_avg,bowl_sr,bowl_type,outcome,host_country,bowl_class,bat_win_toss,seam_factor,spin_factor
2,1218,422,ENG,4,209,-266,BA Stokes,DL Piedt,6,0,1,33.73,1955,70.74,Left-hand bat,90,46,0,1386,35.31,63,rob,1,RSA,spin,no,29.506938775510207,3.8073469387755106
2,1223,427,ENG,4,211,-264,BA Stokes,DL Piedt,6,1,2,33.73,1955,70.74,Left-hand bat,95,48,0,1386,35.31,63,rob,0,RSA,spin,no,29.506938775510207,3.8073469387755106
2,1278,482,ENG,6,241,-234,BA Stokes,DL Piedt,6,22,21,33.73,1955,70.74,Left-hand bat,108,52,0,1386,35.31,63,rob,4,RSA,spin,no,29.506938775510207,3.8073469387755106
2,1279,483,ENG,6,245,-230,BA Stokes,DL Piedt,6,26,22,33.73,1955,70.74,Left-hand bat,109,56,0,1386,35.31,63,rob,0,RSA,spin,no,29.506938775510207,3.8073469387755106
2,1280,484,ENG,6,245,-230,BA Stokes,DL Piedt,6,26,23,33.73,1955,70.74,Left-hand bat,110,56,0,1386,35.31,63,rob,6,RSA,spin,no,29.506938775510207,3.8073469387755106
2,1281,485,ENG,6,251,-224,BA Stokes,DL Piedt,6,32,24,33.73,1955,70.74,Left-hand bat,111,62,0,1386,35.31,63,rob,0,RSA,spin,no,29.506938775510207,3.8073469387755106
2,1282,486,ENG,6,251,-224,BA Stokes,DL Piedt,6,32,25,33.73,1955,70.74,Left-hand bat,112,62,0,1386,35.31,63,rob,0,RSA,spin,no,29.506938775510207,3.8073469387755106
2,1283,487,ENG,6,251,-224,BA Stokes,DL Piedt,6,32,26,33.73,1955,70.74,Left-hand bat,113,62,0,1386,35.31,63,rob,1,RSA,spin,no,29.506938775510207,3.8073469387755106
