innings,match_balls,inn_balls,bat_team,team_wkts,team_score,team_lead,batter,bowler,bat_position,bat_score,bat_balls,bat_avg,career_bat_balls,bat_sr,bat_arm,bowl_balls,bowl_runs,bowl_wkts,career_bowl_balls,bowl_avg,bowl_sr,bowl_type,outcome,host_country,bowl_class,bat_win_toss,seam_factor,spin_factor
1,779,779,RSA,9,468,468,M Morkel,BA Stokes,11,0,0,11.56,1577,49.14,Left-hand bat,152,85,3,3702,38.07,64.9,rfm,0,RSA,seam,yes,29.506938775510207,3.8073469387755106
1,780,780,RSA,9,468,468,M Morkel,BA Stokes,11,0,1,11.56,1577,49.14,Left-hand bat,153,85,3,3702,38.07,64.9,rfm,0,RSA,seam,yes,29.506938775510207,3.8073469387755106
1,781,781,RSA,9,468,468,M Morkel,BA Stokes,11,0,2,11.56,1577,49.14,Left-hand bat,154,85,3,3702,38.07,64.9,rfm,0,RSA,seam,yes,29.506938775510207,3.8073469387755106
1,782,782,RSA,9,468,468,M Morkel,BA Stokes,11,0,3,11.56,1577,49.14,Left-hand bat,155,85,3,3702,38.07,64.9,rfm,0,RSA,seam,yes,29.506938775510207,3.8073469387755106
1,791,791,RSA,9,475,475,M Morkel,BA Stokes,11,0,5,11.56,1577,49.14,Left-hand bat,157,86,3,3702,38.07,64.9,rfm,0,RSA,seam,yes,29.506938775510207,3.8073469387755106
1,792,792,RSA,9,475,475,M Morkel,BA Stokes,11,0,6,11.56,1577,49.14,Left-hand bat,158,86,3,3702,38.07,64.9,rfm,0,RSA,seam,yes,29.506938775510207,3.8073469387755106
1,793,793,RSA,9,475,475,M Morkel,BA Stokes,11,0,7,11.56,1577,49.14,Left-hand bat,159,86,3,3702,38.07,64.9,rfm,0,RSA,seam,yes,29.506938775510207,3.8073469387755106
1,794,794,RSA,9,475,475,M Morkel,BA Stokes,11,0,8,11.56,1577,49.14,Left-hand bat,160,86,3,3702,38.07,64.9,rfm,0,RSA,seam,yes,29.506938775510207,3.8073469387755106
1,795,795,RSA,9,475,475,M Morkel,BA Stokes,11,0,9,11.56,1577,49.14,Left-hand bat,161,86,3,3702,38.07,64.9,rfm,W,RSA,seam,yes,29.506938775510207,3.8073469387755106
