innings,match_balls,inn_balls,bat_team,team_wkts,team_score,team_lead,batter,bowler,bat_position,bat_score,bat_balls,bat_avg,career_bat_balls,bat_sr,bat_arm,bowl_balls,bowl_runs,bowl_wkts,career_bowl_balls,bowl_avg,bowl_sr,bowl_type,outcome,host_country,bowl_class,bat_win_toss,seam_factor,spin_factor
2,368,43,AUS,1,25,-123,SE Marsh,JO Holder,2,14,31,35.4,1674,46.53,Left-hand bat,0,0,0,1044.5,34.14,74.9,rmf,0,WIN,seam,no,15.171696149843912,8.344432882414152
2,369,44,AUS,1,25,-123,SE Marsh,JO Holder,2,14,32,35.4,1674,46.53,Left-hand bat,1,0,0,1044.5,34.14,74.9,rmf,0,WIN,seam,no,15.171696149843912,8.344432882414152
2,370,45,AUS,1,25,-123,SE Marsh,JO Holder,2,14,33,35.4,1674,46.53,Left-hand bat,2,0,0,1044.5,34.14,74.9,rmf,4,WIN,seam,no,15.171696149843912,8.344432882414152
2,371,46,AUS,1,29,-119,SE Marsh,JO Holder,2,18,34,35.4,1674,46.53,Left-hand bat,3,4,0,1044.5,34.14,74.9,rmf,0,WIN,seam,no,15.171696149843912,8.344432882414152
2,372,47,AUS,1,29,-119,SE Marsh,JO Holder,2,18,35,35.4,1674,46.53,Left-hand bat,4,4,0,1044.5,34.14,74.9,rmf,0,WIN,seam,no,15.171696149843912,8.344432882414152
2,373,48,AUS,1,29,-119,SE Marsh,JO Holder,2,18,36,35.4,1674,46.53,Left-hand bat,5,4,0,1044.5,34.14,74.9,rmf,0,WIN,seam,no,15.171696149843912,8.344432882414152
2,384,59,AUS,1,33,-115,SE Marsh,JO Holder,2,18,37,35.4,1674,46.53,Left-hand bat,10,5,0,1044.5,34.14,74.9,rmf,0,WIN,seam,no,15.171696149843912,8.344432882414152
2,385,60,AUS,1,33,-115,SE Marsh,JO Holder,2,18,38,35.4,1674,46.53,Left-hand bat,11,5,0,1044.5,34.14,74.9,rmf,0,WIN,seam,no,15.171696149843912,8.344432882414152
2,424,99,AUS,1,38,-110,SE Marsh,JO Holder,2,19,52,35.4,1674,46.53,Left-hand bat,18,5,0,1044.5,34.14,74.9,rmf,W,WIN,seam,no,15.171696149843912,8.344432882414152
