innings,match_balls,inn_balls,bat_team,team_wkts,team_score,team_lead,batter,bowler,bat_position,bat_score,bat_balls,bat_avg,career_bat_balls,bat_sr,bat_arm,bowl_balls,bowl_runs,bowl_wkts,career_bowl_balls,bowl_avg,bowl_sr,bowl_type,outcome,host_country,bowl_class,bat_win_toss,seam_factor,spin_factor
3,1742,396,SRL,7,175,58,KTGD Prasad,Yasir Shah,9,0,0,14.57,687,55.16,Right-hand bat,148,65,5,2238.5,26.19,48.7,rls,0,SRL,spin,no,11.277777777777779,22.555555555555557
3,1743,397,SRL,7,175,58,KTGD Prasad,Yasir Shah,9,0,1,14.57,687,55.16,Right-hand bat,149,65,5,2238.5,26.19,48.7,rls,0,SRL,spin,no,11.277777777777779,22.555555555555557
3,1744,398,SRL,7,175,58,KTGD Prasad,Yasir Shah,9,0,2,14.57,687,55.16,Right-hand bat,150,65,5,2238.5,26.19,48.7,rls,0,SRL,spin,no,11.277777777777779,22.555555555555557
3,1756,410,SRL,7,185,68,KTGD Prasad,Yasir Shah,9,0,3,14.57,687,55.16,Right-hand bat,156,66,5,2238.5,26.19,48.7,rls,2,SRL,spin,no,11.277777777777779,22.555555555555557
3,1776,430,SRL,7,195,78,KTGD Prasad,Yasir Shah,9,2,12,14.57,687,55.16,Right-hand bat,164,73,5,2238.5,26.19,48.7,rls,0,SRL,spin,no,11.277777777777779,22.555555555555557
3,1777,431,SRL,7,195,78,KTGD Prasad,Yasir Shah,9,2,13,14.57,687,55.16,Right-hand bat,165,73,5,2238.5,26.19,48.7,rls,0,SRL,spin,no,11.277777777777779,22.555555555555557
3,1778,432,SRL,7,195,78,KTGD Prasad,Yasir Shah,9,2,14,14.57,687,55.16,Right-hand bat,166,73,5,2238.5,26.19,48.7,rls,0,SRL,spin,no,11.277777777777779,22.555555555555557
3,1779,433,SRL,7,195,78,KTGD Prasad,Yasir Shah,9,2,15,14.57,687,55.16,Right-hand bat,167,73,5,2238.5,26.19,48.7,rls,0,SRL,spin,no,11.277777777777779,22.555555555555557
3,1780,434,SRL,7,195,78,KTGD Prasad,Yasir Shah,9,2,16,14.57,687,55.16,Right-hand bat,168,73,5,2238.5,26.19,48.7,rls,0,SRL,spin,no,11.277777777777779,22.555555555555557
