innings,match_balls,inn_balls,bat_team,team_wkts,team_score,team_lead,batter,bowler,bat_position,bat_score,bat_balls,bat_avg,career_bat_balls,bat_sr,bat_arm,bowl_balls,bowl_runs,bowl_wkts,career_bowl_balls,bowl_avg,bowl_sr,bowl_type,outcome,host_country,bowl_class,bat_win_toss,seam_factor,spin_factor
1,433,433,AUS,2,318,318,SPD Smith,MD Craig,4,6,2,55.15,5623,55.91,Right-hand bat,97,76,0,2832.1,42.8,69,rob,0,AUS,spin,yes,36.53061224489796,14.612244897959185
1,434,434,AUS,2,318,318,SPD Smith,MD Craig,4,6,3,55.15,5623,55.91,Right-hand bat,98,76,0,2832.1,42.8,69,rob,0,AUS,spin,yes,36.53061224489796,14.612244897959185
1,435,435,AUS,2,318,318,SPD Smith,MD Craig,4,6,4,55.15,5623,55.91,Right-hand bat,99,76,0,2832.1,42.8,69,rob,1,AUS,spin,yes,36.53061224489796,14.612244897959185
1,445,445,AUS,2,328,328,SPD Smith,MD Craig,4,15,11,55.15,5623,55.91,Right-hand bat,103,78,0,2832.1,42.8,69,rob,1,AUS,spin,yes,36.53061224489796,14.612244897959185
1,463,463,AUS,2,337,337,SPD Smith,MD Craig,4,16,18,55.15,5623,55.91,Right-hand bat,109,87,0,2832.1,42.8,69,rob,1,AUS,spin,yes,36.53061224489796,14.612244897959185
1,465,465,AUS,2,339,339,SPD Smith,MD Craig,4,17,19,55.15,5623,55.91,Right-hand bat,111,89,0,2832.1,42.8,69,rob,1,AUS,spin,yes,36.53061224489796,14.612244897959185
1,476,476,AUS,2,347,347,SPD Smith,MD Craig,4,24,26,55.15,5623,55.91,Right-hand bat,116,91,0,2832.1,42.8,69,rob,0,AUS,spin,yes,36.53061224489796,14.612244897959185
1,477,477,AUS,2,347,347,SPD Smith,MD Craig,4,24,27,55.15,5623,55.91,Right-hand bat,117,91,0,2832.1,42.8,69,rob,1,AUS,spin,yes,36.53061224489796,14.612244897959185
