innings,match_balls,inn_balls,bat_team,team_wkts,team_score,team_lead,batter,bowler,bat_position,bat_score,bat_balls,bat_avg,career_bat_balls,bat_sr,bat_arm,bowl_balls,bowl_runs,bowl_wkts,career_bowl_balls,bowl_avg,bowl_sr,bowl_type,outcome,host_country,bowl_class,bat_win_toss,seam_factor,spin_factor
2,415,21,AUS,1,7,-195,JA Burns,TA Boult,1,5,9,41.1,575,71.47,Right-hand bat,9,1,1,7680.4,28.12,56.5,lfm,0,AUS,seam,no,17.991234477720965,4.197954711468225
2,416,22,AUS,1,7,-195,JA Burns,TA Boult,1,5,10,41.1,575,71.47,Right-hand bat,10,1,1,7680.4,28.12,56.5,lfm,0,AUS,seam,no,17.991234477720965,4.197954711468225
2,417,23,AUS,1,7,-195,JA Burns,TA Boult,1,5,11,41.1,575,71.47,Right-hand bat,11,1,1,7680.4,28.12,56.5,lfm,1,AUS,seam,no,17.991234477720965,4.197954711468225
2,425,31,AUS,1,11,-191,JA Burns,TA Boult,1,7,15,41.1,575,71.47,Right-hand bat,13,3,1,7680.4,28.12,56.5,lfm,0,AUS,seam,no,17.991234477720965,4.197954711468225
2,426,32,AUS,1,11,-191,JA Burns,TA Boult,1,7,16,41.1,575,71.47,Right-hand bat,14,3,1,7680.4,28.12,56.5,lfm,0,AUS,seam,no,17.991234477720965,4.197954711468225
2,427,33,AUS,1,11,-191,JA Burns,TA Boult,1,7,17,41.1,575,71.47,Right-hand bat,15,3,1,7680.4,28.12,56.5,lfm,1lb,AUS,seam,no,17.991234477720965,4.197954711468225
2,436,42,AUS,1,13,-189,JA Burns,TA Boult,1,8,20,41.1,575,71.47,Right-hand bat,18,3,1,7680.4,28.12,56.5,lfm,0,AUS,seam,no,17.991234477720965,4.197954711468225
2,437,43,AUS,1,13,-189,JA Burns,TA Boult,1,8,21,41.1,575,71.47,Right-hand bat,19,3,1,7680.4,28.12,56.5,lfm,1,AUS,seam,no,17.991234477720965,4.197954711468225
2,441,47,AUS,1,21,-181,JA Burns,TA Boult,1,9,22,41.1,575,71.47,Right-hand bat,23,11,1,7680.4,28.12,56.5,lfm,0,AUS,seam,no,17.991234477720965,4.197954711468225
