innings,match_balls,inn_balls,bat_team,team_wkts,team_score,team_lead,batter,bowler,bat_position,bat_score,bat_balls,bat_avg,career_bat_balls,bat_sr,bat_arm,bowl_balls,bowl_runs,bowl_wkts,career_bowl_balls,bowl_avg,bowl_sr,bowl_type,outcome,host_country,bowl_class,bat_win_toss,seam_factor,spin_factor
2,776,382,AUS,8,180,-22,NM Lyon,TA Boult,10,30,38,15.37,1178,41.76,Right-hand bat,75,32,1,7680.4,28.12,56.5,lfm,0,AUS,seam,no,17.991234477720965,4.197954711468225
2,777,383,AUS,8,180,-22,NM Lyon,TA Boult,10,30,39,15.37,1178,41.76,Right-hand bat,76,32,1,7680.4,28.12,56.5,lfm,0,AUS,seam,no,17.991234477720965,4.197954711468225
2,778,384,AUS,8,180,-22,NM Lyon,TA Boult,10,30,40,15.37,1178,41.76,Right-hand bat,77,32,1,7680.4,28.12,56.5,lfm,0,AUS,seam,no,17.991234477720965,4.197954711468225
2,797,403,AUS,8,190,-12,NM Lyon,TA Boult,10,34,45,15.37,1178,41.76,Right-hand bat,84,36,1,7680.4,28.12,56.5,lfm,0,AUS,seam,no,17.991234477720965,4.197954711468225
2,798,404,AUS,8,190,-12,NM Lyon,TA Boult,10,34,46,15.37,1178,41.76,Right-hand bat,85,36,1,7680.4,28.12,56.5,lfm,0,AUS,seam,no,17.991234477720965,4.197954711468225
2,799,405,AUS,8,190,-12,NM Lyon,TA Boult,10,34,47,15.37,1178,41.76,Right-hand bat,86,36,1,7680.4,28.12,56.5,lfm,0,AUS,seam,no,17.991234477720965,4.197954711468225
2,800,406,AUS,8,190,-12,NM Lyon,TA Boult,10,34,48,15.37,1178,41.76,Right-hand bat,87,36,1,7680.4,28.12,56.5,lfm,W,AUS,seam,no,17.991234477720965,4.197954711468225
