innings,match_balls,inn_balls,bat_team,team_wkts,team_score,team_lead,batter,bowler,bat_position,bat_score,bat_balls,bat_avg,career_bat_balls,bat_sr,bat_arm,bowl_balls,bowl_runs,bowl_wkts,career_bowl_balls,bowl_avg,bowl_sr,bowl_type,outcome,host_country,bowl_class,bat_win_toss,seam_factor,spin_factor
3,1460,36,AUS,1,31,311,DA Warner,CR Brathwaite,2,7,6,49.94,5693,76.32,Left-hand bat,0,0,0,216,139,216,rfm,4,AUS,seam,no,34.162721893491124,15.183431952662723
3,1461,37,AUS,1,35,315,DA Warner,CR Brathwaite,2,11,7,49.94,5693,76.32,Left-hand bat,1,4,0,216,139,216,rfm,0,AUS,seam,no,34.162721893491124,15.183431952662723
3,1462,38,AUS,1,35,315,DA Warner,CR Brathwaite,2,11,8,49.94,5693,76.32,Left-hand bat,2,4,0,216,139,216,rfm,1,AUS,seam,no,34.162721893491124,15.183431952662723
3,1464,40,AUS,1,37,317,DA Warner,CR Brathwaite,2,12,9,49.94,5693,76.32,Left-hand bat,4,6,0,216,139,216,rfm,1,AUS,seam,no,34.162721893491124,15.183431952662723
3,1472,48,AUS,1,41,321,DA Warner,CR Brathwaite,2,15,12,49.94,5693,76.32,Left-hand bat,6,7,0,216,139,216,rfm,0,AUS,seam,no,34.162721893491124,15.183431952662723
3,1473,49,AUS,1,41,321,DA Warner,CR Brathwaite,2,15,13,49.94,5693,76.32,Left-hand bat,7,7,0,216,139,216,rfm,1lb,AUS,seam,no,34.162721893491124,15.183431952662723
3,1484,60,AUS,1,46,326,DA Warner,CR Brathwaite,2,17,19,49.94,5693,76.32,Left-hand bat,12,7,0,216,139,216,rfm,0,AUS,seam,no,34.162721893491124,15.183431952662723
3,1485,61,AUS,1,46,326,DA Warner,CR Brathwaite,2,17,20,49.94,5693,76.32,Left-hand bat,13,7,0,216,139,216,rfm,0,AUS,seam,no,34.162721893491124,15.183431952662723
3,1486,62,AUS,1,46,326,DA Warner,CR Brathwaite,2,17,21,49.94,5693,76.32,Left-hand bat,14,7,0,216,139,216,rfm,W,AUS,seam,no,34.162721893491124,15.183431952662723
