innings,match_balls,inn_balls,bat_team,team_wkts,team_score,team_lead,batter,bowler,bat_position,bat_score,bat_balls,bat_avg,career_bat_balls,bat_sr,bat_arm,bowl_balls,bowl_runs,bowl_wkts,career_bowl_balls,bowl_avg,bowl_sr,bowl_type,outcome,host_country,bowl_class,bat_win_toss,seam_factor,spin_factor
2,1267,576,SRL,5,276,-117,J Mubarak,R Ashwin,7,10,17,17.5,885,43.5,Left-hand bat,151,68,1,8064.4,28.53,57.2,rob,0,SRL,spin,no,12.831024930747922,17.642659279778393
2,1268,577,SRL,5,276,-117,J Mubarak,R Ashwin,7,10,18,17.5,885,43.5,Left-hand bat,152,68,1,8064.4,28.53,57.2,rob,0,SRL,spin,no,12.831024930747922,17.642659279778393
2,1269,578,SRL,5,276,-117,J Mubarak,R Ashwin,7,10,19,17.5,885,43.5,Left-hand bat,153,68,1,8064.4,28.53,57.2,rob,0,SRL,spin,no,12.831024930747922,17.642659279778393
2,1270,579,SRL,5,276,-117,J Mubarak,R Ashwin,7,10,20,17.5,885,43.5,Left-hand bat,154,68,1,8064.4,28.53,57.2,rob,0,SRL,spin,no,12.831024930747922,17.642659279778393
2,1271,580,SRL,5,276,-117,J Mubarak,R Ashwin,7,10,21,17.5,885,43.5,Left-hand bat,155,68,1,8064.4,28.53,57.2,rob,0,SRL,spin,no,12.831024930747922,17.642659279778393
2,1308,617,SRL,7,295,-98,J Mubarak,R Ashwin,7,17,38,17.5,885,43.5,Left-hand bat,162,73,1,8064.4,28.53,57.2,rob,2,SRL,spin,no,12.831024930747922,17.642659279778393
2,1309,618,SRL,7,297,-96,J Mubarak,R Ashwin,7,19,39,17.5,885,43.5,Left-hand bat,163,75,1,8064.4,28.53,57.2,rob,0,SRL,spin,no,12.831024930747922,17.642659279778393
2,1310,619,SRL,7,297,-96,J Mubarak,R Ashwin,7,19,40,17.5,885,43.5,Left-hand bat,164,75,1,8064.4,28.53,57.2,rob,0,SRL,spin,no,12.831024930747922,17.642659279778393
2,1311,620,SRL,7,297,-96,J Mubarak,R Ashwin,7,19,41,17.5,885,43.5,Left-hand bat,165,75,1,8064.4,28.53,57.2,rob,1,SRL,spin,no,12.831024930747922,17.642659279778393
