innings,match_balls,inn_balls,bat_team,team_wkts,team_score,team_lead,batter,bowler,bat_position,bat_score,bat_balls,bat_avg,career_bat_balls,bat_sr,bat_arm,bowl_balls,bowl_runs,bowl_wkts,career_bowl_balls,bowl_avg,bowl_sr,bowl_type,outcome,host_country,bowl_class,bat_win_toss,seam_factor,spin_factor
1,339,339,ENG,2,210,210,JM Vince,Mohammad Amir,4,0,0,18.57,212,61.32,Right-hand bat,76,48,2,3318.4,30.17,58.2,lf,0,ENG,seam,yes,31.234244946492268,9.938168846611177
1,340,340,ENG,2,210,210,JM Vince,Mohammad Amir,4,0,1,18.57,212,61.32,Right-hand bat,77,48,2,3318.4,30.17,58.2,lf,0,ENG,seam,yes,31.234244946492268,9.938168846611177
1,350,350,ENG,2,218,218,JM Vince,Mohammad Amir,4,6,7,18.57,212,61.32,Right-hand bat,81,49,2,3318.4,30.17,58.2,lf,0,ENG,seam,yes,31.234244946492268,9.938168846611177
1,351,351,ENG,2,218,218,JM Vince,Mohammad Amir,4,6,8,18.57,212,61.32,Right-hand bat,82,49,2,3318.4,30.17,58.2,lf,0,ENG,seam,yes,31.234244946492268,9.938168846611177
1,352,352,ENG,2,218,218,JM Vince,Mohammad Amir,4,6,9,18.57,212,61.32,Right-hand bat,83,49,2,3318.4,30.17,58.2,lf,0,ENG,seam,yes,31.234244946492268,9.938168846611177
1,374,374,ENG,2,228,228,JM Vince,Mohammad Amir,4,14,21,18.57,212,61.32,Right-hand bat,93,50,2,3318.4,30.17,58.2,lf,0,ENG,seam,yes,31.234244946492268,9.938168846611177
1,375,375,ENG,2,228,228,JM Vince,Mohammad Amir,4,14,22,18.57,212,61.32,Right-hand bat,94,50,2,3318.4,30.17,58.2,lf,0,ENG,seam,yes,31.234244946492268,9.938168846611177
1,376,376,ENG,2,228,228,JM Vince,Mohammad Amir,4,14,23,18.57,212,61.32,Right-hand bat,95,50,2,3318.4,30.17,58.2,lf,0,ENG,seam,yes,31.234244946492268,9.938168846611177
