innings,match_balls,inn_balls,bat_team,team_wkts,team_score,team_lead,batter,bowler,bat_position,bat_score,bat_balls,bat_avg,career_bat_balls,bat_sr,bat_arm,bowl_balls,bowl_runs,bowl_wkts,career_bowl_balls,bowl_avg,bowl_sr,bowl_type,outcome,host_country,bowl_class,bat_win_toss,seam_factor,spin_factor
4,2432,310,PAK,7,125,-217,Mohammad Amir,ST Finn,9,0,0,12.81,1120,30.89,Left-hand bat,51,17,2,6162.2,29.85,50.5,rfm,0,ENG,seam,yes,32.12422839506173,5.181327160493827
4,2433,311,PAK,7,125,-217,Mohammad Amir,ST Finn,9,0,1,12.81,1120,30.89,Left-hand bat,52,17,2,6162.2,29.85,50.5,rfm,0,ENG,seam,yes,32.12422839506173,5.181327160493827
4,2434,312,PAK,7,125,-217,Mohammad Amir,ST Finn,9,0,2,12.81,1120,30.89,Left-hand bat,53,17,2,6162.2,29.85,50.5,rfm,0,ENG,seam,yes,32.12422839506173,5.181327160493827
4,2446,324,PAK,7,135,-207,Mohammad Amir,ST Finn,9,4,6,12.81,1120,30.89,Left-hand bat,59,18,2,6162.2,29.85,50.5,rfm,4,ENG,seam,yes,32.12422839506173,5.181327160493827
4,2453,331,PAK,7,141,-201,Mohammad Amir,ST Finn,9,8,7,12.81,1120,30.89,Left-hand bat,60,22,2,6162.2,29.85,50.5,rfm,0,ENG,seam,yes,32.12422839506173,5.181327160493827
4,2454,332,PAK,7,141,-201,Mohammad Amir,ST Finn,9,8,8,12.81,1120,30.89,Left-hand bat,61,22,2,6162.2,29.85,50.5,rfm,0,ENG,seam,yes,32.12422839506173,5.181327160493827
4,2455,333,PAK,7,141,-201,Mohammad Amir,ST Finn,9,8,9,12.81,1120,30.89,Left-hand bat,62,22,2,6162.2,29.85,50.5,rfm,2,ENG,seam,yes,32.12422839506173,5.181327160493827
4,2456,334,PAK,7,143,-199,Mohammad Amir,ST Finn,9,10,10,12.81,1120,30.89,Left-hand bat,63,24,2,6162.2,29.85,50.5,rfm,4,ENG,seam,yes,32.12422839506173,5.181327160493827
4,2457,335,PAK,7,147,-195,Mohammad Amir,ST Finn,9,14,11,12.81,1120,30.89,Left-hand bat,64,28,2,6162.2,29.85,50.5,rfm,1,ENG,seam,yes,32.12422839506173,5.181327160493827
