innings,match_balls,inn_balls,bat_team,team_wkts,team_score,team_lead,batter,bowler,bat_position,bat_score,bat_balls,bat_avg,career_bat_balls,bat_sr,bat_arm,bowl_balls,bowl_runs,bowl_wkts,career_bowl_balls,bowl_avg,bowl_sr,bowl_type,outcome,host_country,bowl_class,bat_win_toss,seam_factor,spin_factor
2,1329,858,PAK,9,531,203,Sohail Khan,JM Anderson,11,0,0,14,88,63.63,Right-hand bat,163,76,1,26364.2,28.28,56.9,rfm,0,ENG,seam,no,28.477777777777778,10.355555555555556
2,1330,859,PAK,9,531,203,Sohail Khan,JM Anderson,11,0,1,14,88,63.63,Right-hand bat,164,76,1,26364.2,28.28,56.9,rfm,0,ENG,seam,no,28.477777777777778,10.355555555555556
2,1331,860,PAK,9,531,203,Sohail Khan,JM Anderson,11,0,2,14,88,63.63,Right-hand bat,165,76,1,26364.2,28.28,56.9,rfm,0,ENG,seam,no,28.477777777777778,10.355555555555556
2,1332,861,PAK,9,531,203,Sohail Khan,JM Anderson,11,0,3,14,88,63.63,Right-hand bat,166,76,1,26364.2,28.28,56.9,rfm,0,ENG,seam,no,28.477777777777778,10.355555555555556
2,1333,862,PAK,9,531,203,Sohail Khan,JM Anderson,11,0,4,14,88,63.63,Right-hand bat,167,76,1,26364.2,28.28,56.9,rfm,0,ENG,seam,no,28.477777777777778,10.355555555555556
2,1342,871,PAK,9,539,211,Sohail Khan,JM Anderson,11,0,5,14,88,63.63,Right-hand bat,170,77,1,26364.2,28.28,56.9,rfm,0,ENG,seam,no,28.477777777777778,10.355555555555556
2,1343,872,PAK,9,539,211,Sohail Khan,JM Anderson,11,0,6,14,88,63.63,Right-hand bat,171,77,1,26364.2,28.28,56.9,rfm,0,ENG,seam,no,28.477777777777778,10.355555555555556
2,1344,873,PAK,9,539,211,Sohail Khan,JM Anderson,11,0,7,14,88,63.63,Right-hand bat,172,77,1,26364.2,28.28,56.9,rfm,1,ENG,seam,no,28.477777777777778,10.355555555555556
