innings,match_balls,inn_balls,bat_team,team_wkts,team_score,team_lead,batter,bowler,bat_position,bat_score,bat_balls,bat_avg,career_bat_balls,bat_sr,bat_arm,bowl_balls,bowl_runs,bowl_wkts,career_bowl_balls,bowl_avg,bowl_sr,bowl_type,outcome,host_country,bowl_class,bat_win_toss,seam_factor,spin_factor
4,2182,497,SRL,6,218,-186,HMRKB Herath,TA Boult,8,0,4,13.93,2119,49.31,Left-hand bat,64,37,0,7902.4,28.1,56.4,lfm,0,NZL,seam,yes,30.416896235078056,8.189164370982553
4,2183,498,SRL,6,218,-186,HMRKB Herath,TA Boult,8,0,5,13.93,2119,49.31,Left-hand bat,65,37,0,7902.4,28.1,56.4,lfm,0,NZL,seam,yes,30.416896235078056,8.189164370982553
4,2190,505,SRL,6,224,-180,HMRKB Herath,TA Boult,8,0,6,13.93,2119,49.31,Left-hand bat,66,37,0,7902.4,28.1,56.4,lfm,0,NZL,seam,yes,30.416896235078056,8.189164370982553
4,2191,506,SRL,6,224,-180,HMRKB Herath,TA Boult,8,0,7,13.93,2119,49.31,Left-hand bat,67,37,0,7902.4,28.1,56.4,lfm,0,NZL,seam,yes,30.416896235078056,8.189164370982553
4,2192,507,SRL,6,224,-180,HMRKB Herath,TA Boult,8,0,8,13.93,2119,49.31,Left-hand bat,68,37,0,7902.4,28.1,56.4,lfm,0,NZL,seam,yes,30.416896235078056,8.189164370982553
4,2193,508,SRL,6,224,-180,HMRKB Herath,TA Boult,8,0,9,13.93,2119,49.31,Left-hand bat,69,37,0,7902.4,28.1,56.4,lfm,4,NZL,seam,yes,30.416896235078056,8.189164370982553
4,2194,509,SRL,6,228,-176,HMRKB Herath,TA Boult,8,4,10,13.93,2119,49.31,Left-hand bat,70,41,0,7902.4,28.1,56.4,lfm,1,NZL,seam,yes,30.416896235078056,8.189164370982553
4,2202,517,SRL,6,236,-168,HMRKB Herath,TA Boult,8,6,13,13.93,2119,49.31,Left-hand bat,72,42,0,7902.4,28.1,56.4,lfm,0,NZL,seam,yes,30.416896235078056,8.189164370982553
4,2203,518,SRL,6,236,-168,HMRKB Herath,TA Boult,8,6,14,13.93,2119,49.31,Left-hand bat,73,42,0,7902.4,28.1,56.4,lfm,W,NZL,seam,yes,30.416896235078056,8.189164370982553
