innings,match_balls,inn_balls,bat_team,team_wkts,team_score,team_lead,batter,bowler,bat_position,bat_score,bat_balls,bat_avg,career_bat_balls,bat_sr,bat_arm,bowl_balls,bowl_runs,bowl_wkts,career_bowl_balls,bowl_avg,bowl_sr,bowl_type,outcome,host_country,bowl_class,bat_win_toss,seam_factor,spin_factor
2,933,448,NZL,8,206,-86,N Wagner,RAS Lakmal,10,1,2,11.78,575,38.95,Left-hand bat,85,41,1,4770.2,49.16,88.3,rfm,0,NZL,seam,yes,22.92489795918367,1.3893877551020408
2,934,449,NZL,8,206,-86,N Wagner,RAS Lakmal,10,1,3,11.78,575,38.95,Left-hand bat,86,41,1,4770.2,49.16,88.3,rfm,0,NZL,seam,yes,22.92489795918367,1.3893877551020408
2,935,450,NZL,8,206,-86,N Wagner,RAS Lakmal,10,1,4,11.78,575,38.95,Left-hand bat,87,41,1,4770.2,49.16,88.3,rfm,0,NZL,seam,yes,22.92489795918367,1.3893877551020408
2,936,451,NZL,8,206,-86,N Wagner,RAS Lakmal,10,1,5,11.78,575,38.95,Left-hand bat,88,41,1,4770.2,49.16,88.3,rfm,1nb,NZL,seam,yes,22.92489795918367,1.3893877551020408
2,937,452,NZL,8,207,-85,N Wagner,RAS Lakmal,10,1,6,11.78,575,38.95,Left-hand bat,89,42,1,4770.2,49.16,88.3,rfm,0,NZL,seam,yes,22.92489795918367,1.3893877551020408
2,938,453,NZL,8,207,-85,N Wagner,RAS Lakmal,10,1,7,11.78,575,38.95,Left-hand bat,90,42,1,4770.2,49.16,88.3,rfm,0,NZL,seam,yes,22.92489795918367,1.3893877551020408
2,939,454,NZL,8,207,-85,N Wagner,RAS Lakmal,10,1,8,11.78,575,38.95,Left-hand bat,91,42,1,4770.2,49.16,88.3,rfm,0,NZL,seam,yes,22.92489795918367,1.3893877551020408
2,951,466,NZL,8,213,-79,N Wagner,RAS Lakmal,10,1,14,11.78,575,38.95,Left-hand bat,97,47,1,4770.2,49.16,88.3,rfm,1,NZL,seam,yes,22.92489795918367,1.3893877551020408
