innings,match_balls,inn_balls,bat_team,team_wkts,team_score,team_lead,batter,bowler,bat_position,bat_score,bat_balls,bat_avg,career_bat_balls,bat_sr,bat_arm,bowl_balls,bowl_runs,bowl_wkts,career_bowl_balls,bowl_avg,bowl_sr,bowl_type,outcome,host_country,bowl_class,bat_win_toss,seam_factor,spin_factor
1,270,270,RSA,1,146,146,HM Amla,DAJ Bracewell,3,2,14,51.16,14866,50.24,Right-hand bat,48,30,0,4980.4,38.83,69.2,rfm,4,RSA,seam,no,26.697142857142858,2.5028571428571427
1,271,271,RSA,1,150,150,HM Amla,DAJ Bracewell,3,6,15,51.16,14866,50.24,Right-hand bat,49,34,0,4980.4,38.83,69.2,rfm,0,RSA,seam,no,26.697142857142858,2.5028571428571427
1,272,272,RSA,1,150,150,HM Amla,DAJ Bracewell,3,6,16,51.16,14866,50.24,Right-hand bat,50,34,0,4980.4,38.83,69.2,rfm,1,RSA,seam,no,26.697142857142858,2.5028571428571427
1,294,294,RSA,2,166,166,HM Amla,DAJ Bracewell,3,12,29,51.16,14866,50.24,Right-hand bat,60,45,1,4980.4,38.83,69.2,rfm,4,RSA,seam,no,26.697142857142858,2.5028571428571427
1,295,295,RSA,2,170,170,HM Amla,DAJ Bracewell,3,16,30,51.16,14866,50.24,Right-hand bat,61,49,1,4980.4,38.83,69.2,rfm,0,RSA,seam,no,26.697142857142858,2.5028571428571427
1,296,296,RSA,2,170,170,HM Amla,DAJ Bracewell,3,16,31,51.16,14866,50.24,Right-hand bat,62,49,1,4980.4,38.83,69.2,rfm,0,RSA,seam,no,26.697142857142858,2.5028571428571427
1,297,297,RSA,2,170,170,HM Amla,DAJ Bracewell,3,16,32,51.16,14866,50.24,Right-hand bat,63,49,1,4980.4,38.83,69.2,rfm,1,RSA,seam,no,26.697142857142858,2.5028571428571427
1,306,306,RSA,2,172,172,HM Amla,DAJ Bracewell,3,18,39,51.16,14866,50.24,Right-hand bat,66,50,1,4980.4,38.83,69.2,rfm,0,RSA,seam,no,26.697142857142858,2.5028571428571427
1,307,307,RSA,2,172,172,HM Amla,DAJ Bracewell,3,18,40,51.16,14866,50.24,Right-hand bat,67,50,1,4980.4,38.83,69.2,rfm,1,RSA,seam,no,26.697142857142858,2.5028571428571427
