innings,match_balls,inn_balls,bat_team,team_wkts,team_score,team_lead,batter,bowler,bat_position,bat_score,bat_balls,bat_avg,career_bat_balls,bat_sr,bat_arm,bowl_balls,bowl_runs,bowl_wkts,career_bowl_balls,bowl_avg,bowl_sr,bowl_type,outcome,host_country,bowl_class,bat_win_toss,seam_factor,spin_factor
1,272,272,RSA,2,133,133,HM Amla,PVD Chameera,3,4,33,49.9,15165,50.35,Right-hand bat,37,31,0,1032.5,33,47.1,rf,0,RSA,seam,yes,23.632716049382715,9.089506172839506
1,273,273,RSA,2,133,133,HM Amla,PVD Chameera,3,4,34,49.9,15165,50.35,Right-hand bat,38,31,0,1032.5,33,47.1,rf,0,RSA,seam,yes,23.632716049382715,9.089506172839506
1,274,274,RSA,2,133,133,HM Amla,PVD Chameera,3,4,35,49.9,15165,50.35,Right-hand bat,39,31,0,1032.5,33,47.1,rf,1,RSA,seam,yes,23.632716049382715,9.089506172839506
1,351,351,RSA,2,177,177,HM Amla,PVD Chameera,3,20,69,49.9,15165,50.35,Right-hand bat,49,44,0,1032.5,33,47.1,rf,0,RSA,seam,yes,23.632716049382715,9.089506172839506
1,352,352,RSA,2,177,177,HM Amla,PVD Chameera,3,20,70,49.9,15165,50.35,Right-hand bat,50,44,0,1032.5,33,47.1,rf,0,RSA,seam,yes,23.632716049382715,9.089506172839506
1,353,353,RSA,2,177,177,HM Amla,PVD Chameera,3,20,71,49.9,15165,50.35,Right-hand bat,51,44,0,1032.5,33,47.1,rf,0,RSA,seam,yes,23.632716049382715,9.089506172839506
1,354,354,RSA,2,177,177,HM Amla,PVD Chameera,3,20,72,49.9,15165,50.35,Right-hand bat,52,44,0,1032.5,33,47.1,rf,0,RSA,seam,yes,23.632716049382715,9.089506172839506
1,355,355,RSA,2,177,177,HM Amla,PVD Chameera,3,20,73,49.9,15165,50.35,Right-hand bat,53,44,0,1032.5,33,47.1,rf,0,RSA,seam,yes,23.632716049382715,9.089506172839506
1,356,356,RSA,2,177,177,HM Amla,PVD Chameera,3,20,74,49.9,15165,50.35,Right-hand bat,54,44,0,1032.5,33,47.1,rf,0,RSA,seam,yes,23.632716049382715,9.089506172839506
