innings,match_balls,inn_balls,bat_team,team_wkts,team_score,team_lead,batter,bowler,bat_position,bat_score,bat_balls,bat_avg,career_bat_balls,bat_sr,bat_arm,bowl_balls,bowl_runs,bowl_wkts,career_bowl_balls,bowl_avg,bowl_sr,bowl_type,outcome,host_country,bowl_class,bat_win_toss,seam_factor,spin_factor
1,407,407,RSA,3,195,195,F du Plessis,N Pradeep,5,8,22,44.43,5096,41.85,Right-hand bat,81,34,0,4104.2,43.01,72,rfm,0,RSA,seam,yes,23.632716049382715,9.089506172839506
1,408,408,RSA,3,195,195,F du Plessis,N Pradeep,5,8,23,44.43,5096,41.85,Right-hand bat,82,34,0,4104.2,43.01,72,rfm,4,RSA,seam,yes,23.632716049382715,9.089506172839506
1,409,409,RSA,3,199,199,F du Plessis,N Pradeep,5,12,24,44.43,5096,41.85,Right-hand bat,83,38,0,4104.2,43.01,72,rfm,4,RSA,seam,yes,23.632716049382715,9.089506172839506
1,410,410,RSA,3,203,203,F du Plessis,N Pradeep,5,16,25,44.43,5096,41.85,Right-hand bat,84,42,0,4104.2,43.01,72,rfm,0,RSA,seam,yes,23.632716049382715,9.089506172839506
1,411,411,RSA,3,203,203,F du Plessis,N Pradeep,5,16,26,44.43,5096,41.85,Right-hand bat,85,42,0,4104.2,43.01,72,rfm,0,RSA,seam,yes,23.632716049382715,9.089506172839506
1,423,423,RSA,3,207,207,F du Plessis,N Pradeep,5,16,32,44.43,5096,41.85,Right-hand bat,91,43,0,4104.2,43.01,72,rfm,1,RSA,seam,yes,23.632716049382715,9.089506172839506
1,430,430,RSA,4,213,213,F du Plessis,N Pradeep,5,19,35,44.43,5096,41.85,Right-hand bat,92,44,0,4104.2,43.01,72,rfm,0,RSA,seam,yes,23.632716049382715,9.089506172839506
1,431,431,RSA,4,213,213,F du Plessis,N Pradeep,5,19,36,44.43,5096,41.85,Right-hand bat,93,44,0,4104.2,43.01,72,rfm,1,RSA,seam,yes,23.632716049382715,9.089506172839506
