innings,match_balls,inn_balls,bat_team,team_wkts,team_score,team_lead,batter,bowler,bat_position,bat_score,bat_balls,bat_avg,career_bat_balls,bat_sr,bat_arm,bowl_balls,bowl_runs,bowl_wkts,career_bowl_balls,bowl_avg,bowl_sr,bowl_type,outcome,host_country,bowl_class,bat_win_toss,seam_factor,spin_factor
3,1149,187,RSA,3,111,393,F du Plessis,N Pradeep,5,1,3,44.24,5240,42.21,Right-hand bat,48,30,0,4266,44.63,74.8,rfm,0,RSA,seam,no,20.818115412710007,4.857560262965668
3,1150,188,RSA,3,111,393,F du Plessis,N Pradeep,5,1,4,44.24,5240,42.21,Right-hand bat,49,30,0,4266,44.63,74.8,rfm,0,RSA,seam,no,20.818115412710007,4.857560262965668
3,1151,189,RSA,3,111,393,F du Plessis,N Pradeep,5,1,5,44.24,5240,42.21,Right-hand bat,50,30,0,4266,44.63,74.8,rfm,3,RSA,seam,no,20.818115412710007,4.857560262965668
3,1161,199,RSA,3,115,397,F du Plessis,N Pradeep,5,5,8,44.24,5240,42.21,Right-hand bat,54,33,0,4266,44.63,74.8,rfm,4,RSA,seam,no,20.818115412710007,4.857560262965668
3,1162,200,RSA,3,119,401,F du Plessis,N Pradeep,5,9,9,44.24,5240,42.21,Right-hand bat,55,37,0,4266,44.63,74.8,rfm,0,RSA,seam,no,20.818115412710007,4.857560262965668
3,1163,201,RSA,3,119,401,F du Plessis,N Pradeep,5,9,10,44.24,5240,42.21,Right-hand bat,56,37,0,4266,44.63,74.8,rfm,0,RSA,seam,no,20.818115412710007,4.857560262965668
3,1164,202,RSA,3,119,401,F du Plessis,N Pradeep,5,9,11,44.24,5240,42.21,Right-hand bat,57,37,0,4266,44.63,74.8,rfm,0,RSA,seam,no,20.818115412710007,4.857560262965668
3,1165,203,RSA,3,119,401,F du Plessis,N Pradeep,5,9,12,44.24,5240,42.21,Right-hand bat,58,37,0,4266,44.63,74.8,rfm,0,RSA,seam,no,20.818115412710007,4.857560262965668
3,1166,204,RSA,3,119,401,F du Plessis,N Pradeep,5,9,13,44.24,5240,42.21,Right-hand bat,59,37,0,4266,44.63,74.8,rfm,0,RSA,seam,no,20.818115412710007,4.857560262965668
