innings,match_balls,inn_balls,bat_team,team_wkts,team_score,team_lead,batter,bowler,bat_position,bat_score,bat_balls,bat_avg,career_bat_balls,bat_sr,bat_arm,bowl_balls,bowl_runs,bowl_wkts,career_bowl_balls,bowl_avg,bowl_sr,bowl_type,outcome,host_country,bowl_class,bat_win_toss,seam_factor,spin_factor
1,108,108,RSA,1,52,52,HM Amla,CBRLS Kumara,2,21,56,49.45,15238,50.3,Right-hand bat,0,0,0,606,38.27,55,rf,0,RSA,seam,no,20.818115412710007,4.857560262965668
1,109,109,RSA,1,52,52,HM Amla,CBRLS Kumara,2,21,57,49.45,15238,50.3,Right-hand bat,1,0,0,606,38.27,55,rf,3,RSA,seam,no,20.818115412710007,4.857560262965668
1,122,122,RSA,1,58,58,HM Amla,CBRLS Kumara,2,25,61,49.45,15238,50.3,Right-hand bat,7,4,0,606,38.27,55,rf,0,RSA,seam,no,20.818115412710007,4.857560262965668
1,123,123,RSA,1,58,58,HM Amla,CBRLS Kumara,2,25,62,49.45,15238,50.3,Right-hand bat,8,4,0,606,38.27,55,rf,0,RSA,seam,no,20.818115412710007,4.857560262965668
1,124,124,RSA,1,58,58,HM Amla,CBRLS Kumara,2,25,63,49.45,15238,50.3,Right-hand bat,9,4,0,606,38.27,55,rf,0,RSA,seam,no,20.818115412710007,4.857560262965668
1,125,125,RSA,1,58,58,HM Amla,CBRLS Kumara,2,25,64,49.45,15238,50.3,Right-hand bat,10,4,0,606,38.27,55,rf,0,RSA,seam,no,20.818115412710007,4.857560262965668
1,126,126,RSA,1,58,58,HM Amla,CBRLS Kumara,2,25,65,49.45,15238,50.3,Right-hand bat,11,4,0,606,38.27,55,rf,0,RSA,seam,no,20.818115412710007,4.857560262965668
1,127,127,RSA,1,58,58,HM Amla,CBRLS Kumara,2,25,66,49.45,15238,50.3,Right-hand bat,12,4,0,606,38.27,55,rf,4,RSA,seam,no,20.818115412710007,4.857560262965668
1,134,134,RSA,1,66,66,HM Amla,CBRLS Kumara,2,29,67,49.45,15238,50.3,Right-hand bat,13,8,0,606,38.27,55,rf,W,RSA,seam,no,20.818115412710007,4.857560262965668
