innings,match_balls,inn_balls,bat_team,team_wkts,team_score,team_lead,batter,bowler,bat_position,bat_score,bat_balls,bat_avg,career_bat_balls,bat_sr,bat_arm,bowl_balls,bowl_runs,bowl_wkts,career_bowl_balls,bowl_avg,bowl_sr,bowl_type,outcome,host_country,bowl_class,bat_win_toss,seam_factor,spin_factor
3,1724,125,SRL,3,69,45,BKG Mendis,JM Holland,5,0,0,37.35,1071,59.29,Right-hand bat,29,16,1,492,54.8,98.4,lo,0,SRL,spin,yes,7.734764542936287,24.923130193905813
3,1734,135,SRL,3,81,57,BKG Mendis,JM Holland,5,7,3,37.35,1071,59.29,Right-hand bat,33,19,1,492,54.8,98.4,lo,0,SRL,spin,yes,7.734764542936287,24.923130193905813
3,1735,136,SRL,3,81,57,BKG Mendis,JM Holland,5,7,4,37.35,1071,59.29,Right-hand bat,34,19,1,492,54.8,98.4,lo,0,SRL,spin,yes,7.734764542936287,24.923130193905813
3,1736,137,SRL,3,81,57,BKG Mendis,JM Holland,5,7,5,37.35,1071,59.29,Right-hand bat,35,19,1,492,54.8,98.4,lo,0,SRL,spin,yes,7.734764542936287,24.923130193905813
3,1743,144,SRL,3,81,57,BKG Mendis,JM Holland,5,7,6,37.35,1071,59.29,Right-hand bat,36,19,1,492,54.8,98.4,lo,0,SRL,spin,yes,7.734764542936287,24.923130193905813
3,1744,145,SRL,3,81,57,BKG Mendis,JM Holland,5,7,7,37.35,1071,59.29,Right-hand bat,37,19,1,492,54.8,98.4,lo,0,SRL,spin,yes,7.734764542936287,24.923130193905813
3,1745,146,SRL,3,81,57,BKG Mendis,JM Holland,5,7,8,37.35,1071,59.29,Right-hand bat,38,19,1,492,54.8,98.4,lo,4,SRL,spin,yes,7.734764542936287,24.923130193905813
3,1746,147,SRL,3,85,61,BKG Mendis,JM Holland,5,11,9,37.35,1071,59.29,Right-hand bat,39,23,1,492,54.8,98.4,lo,1,SRL,spin,yes,7.734764542936287,24.923130193905813
3,1748,149,SRL,3,87,63,BKG Mendis,JM Holland,5,12,10,37.35,1071,59.29,Right-hand bat,41,25,1,492,54.8,98.4,lo,0,SRL,spin,yes,7.734764542936287,24.923130193905813
