innings,match_balls,inn_balls,bat_team,team_wkts,team_score,team_lead,batter,bowler,bat_position,bat_score,bat_balls,bat_avg,career_bat_balls,bat_sr,bat_arm,bowl_balls,bowl_runs,bowl_wkts,career_bowl_balls,bowl_avg,bowl_sr,bowl_type,outcome,host_country,bowl_class,bat_win_toss,seam_factor,spin_factor
1,347,347,AUS,8,182,182,NM Lyon,K Rabada,10,0,0,11.45,1673,45.18,Right-hand bat,101,72,5,5250.4,21.45,38.9,rf,0,AUS,seam,yes,24.23356401384083,4.178200692041522
1,354,354,AUS,8,186,186,NM Lyon,K Rabada,10,0,1,11.45,1673,45.18,Right-hand bat,102,72,5,5250.4,21.45,38.9,rf,0,AUS,seam,yes,24.23356401384083,4.178200692041522
1,355,355,AUS,8,186,186,NM Lyon,K Rabada,10,0,2,11.45,1673,45.18,Right-hand bat,103,72,5,5250.4,21.45,38.9,rf,0,AUS,seam,yes,24.23356401384083,4.178200692041522
1,356,356,AUS,8,186,186,NM Lyon,K Rabada,10,0,3,11.45,1673,45.18,Right-hand bat,104,72,5,5250.4,21.45,38.9,rf,4,AUS,seam,yes,24.23356401384083,4.178200692041522
1,357,357,AUS,8,190,190,NM Lyon,K Rabada,10,4,4,11.45,1673,45.18,Right-hand bat,105,76,5,5250.4,21.45,38.9,rf,0,AUS,seam,yes,24.23356401384083,4.178200692041522
1,358,358,AUS,8,190,190,NM Lyon,K Rabada,10,4,5,11.45,1673,45.18,Right-hand bat,106,76,5,5250.4,21.45,38.9,rf,0,AUS,seam,yes,24.23356401384083,4.178200692041522
1,359,359,AUS,8,190,190,NM Lyon,K Rabada,10,4,6,11.45,1673,45.18,Right-hand bat,107,76,5,5250.4,21.45,38.9,rf,0,AUS,seam,yes,24.23356401384083,4.178200692041522
1,370,370,AUS,8,198,198,NM Lyon,K Rabada,10,5,10,11.45,1673,45.18,Right-hand bat,112,81,5,5250.4,21.45,38.9,rf,0,AUS,seam,yes,24.23356401384083,4.178200692041522
1,371,371,AUS,8,198,198,NM Lyon,K Rabada,10,5,11,11.45,1673,45.18,Right-hand bat,113,81,5,5250.4,21.45,38.9,rf,4,AUS,seam,yes,24.23356401384083,4.178200692041522
