innings,match_balls,inn_balls,bat_team,team_wkts,team_score,team_lead,batter,bowler,bat_position,bat_score,bat_balls,bat_avg,career_bat_balls,bat_sr,bat_arm,bowl_balls,bowl_runs,bowl_wkts,career_bowl_balls,bowl_avg,bowl_sr,bowl_type,outcome,host_country,bowl_class,bat_win_toss,seam_factor,spin_factor
2,909,480,RSA,6,198,-45,Q de Kock,MA Starc,8,1,5,39.13,2477,71.09,Left-hand bat,120,54,1,8718.4,27.49,48.4,lf,0,AUS,seam,no,24.23356401384083,4.178200692041522
2,910,481,RSA,6,198,-45,Q de Kock,MA Starc,8,1,6,39.13,2477,71.09,Left-hand bat,121,54,1,8718.4,27.49,48.4,lf,1,AUS,seam,no,24.23356401384083,4.178200692041522
2,921,492,RSA,6,210,-33,Q de Kock,MA Starc,8,7,12,39.13,2477,71.09,Left-hand bat,126,57,1,8718.4,27.49,48.4,lf,1,AUS,seam,no,24.23356401384083,4.178200692041522
2,925,496,RSA,6,214,-29,Q de Kock,MA Starc,8,8,13,39.13,2477,71.09,Left-hand bat,130,61,1,8718.4,27.49,48.4,lf,0,AUS,seam,no,24.23356401384083,4.178200692041522
2,926,497,RSA,6,214,-29,Q de Kock,MA Starc,8,8,14,39.13,2477,71.09,Left-hand bat,131,61,1,8718.4,27.49,48.4,lf,0,AUS,seam,no,24.23356401384083,4.178200692041522
2,933,504,RSA,6,218,-25,Q de Kock,MA Starc,8,8,15,39.13,2477,71.09,Left-hand bat,132,61,1,8718.4,27.49,48.4,lf,0,AUS,seam,no,24.23356401384083,4.178200692041522
2,934,505,RSA,6,218,-25,Q de Kock,MA Starc,8,8,16,39.13,2477,71.09,Left-hand bat,133,61,1,8718.4,27.49,48.4,lf,1,AUS,seam,no,24.23356401384083,4.178200692041522
