innings,match_balls,inn_balls,bat_team,team_wkts,team_score,team_lead,batter,bowler,bat_position,bat_score,bat_balls,bat_avg,career_bat_balls,bat_sr,bat_arm,bowl_balls,bowl_runs,bowl_wkts,career_bowl_balls,bowl_avg,bowl_sr,bowl_type,outcome,host_country,bowl_class,bat_win_toss,seam_factor,spin_factor
2,1254,684,PAK,6,325,39,Mohammad Amir,AS Joseph,8,0,2,13.58,1541,36.14,Left-hand bat,147,57,1,552.5,29.66,61.8,rfm,0,WIN,seam,yes,17.797979797979796,8.898989898989898
2,1255,685,PAK,6,325,39,Mohammad Amir,AS Joseph,8,0,3,13.58,1541,36.14,Left-hand bat,148,57,1,552.5,29.66,61.8,rfm,0,WIN,seam,yes,17.797979797979796,8.898989898989898
2,1256,686,PAK,6,325,39,Mohammad Amir,AS Joseph,8,0,4,13.58,1541,36.14,Left-hand bat,149,57,1,552.5,29.66,61.8,rfm,0,WIN,seam,yes,17.797979797979796,8.898989898989898
2,1257,687,PAK,6,325,39,Mohammad Amir,AS Joseph,8,0,5,13.58,1541,36.14,Left-hand bat,150,57,1,552.5,29.66,61.8,rfm,0,WIN,seam,yes,17.797979797979796,8.898989898989898
2,1258,688,PAK,6,325,39,Mohammad Amir,AS Joseph,8,0,6,13.58,1541,36.14,Left-hand bat,151,57,1,552.5,29.66,61.8,rfm,1,WIN,seam,yes,17.797979797979796,8.898989898989898
2,1267,697,PAK,6,331,45,Mohammad Amir,AS Joseph,8,4,10,13.58,1541,36.14,Left-hand bat,154,59,1,552.5,29.66,61.8,rfm,0,WIN,seam,yes,17.797979797979796,8.898989898989898
2,1268,698,PAK,6,331,45,Mohammad Amir,AS Joseph,8,4,11,13.58,1541,36.14,Left-hand bat,155,59,1,552.5,29.66,61.8,rfm,0,WIN,seam,yes,17.797979797979796,8.898989898989898
2,1269,699,PAK,6,331,45,Mohammad Amir,AS Joseph,8,4,12,13.58,1541,36.14,Left-hand bat,156,59,1,552.5,29.66,61.8,rfm,0,WIN,seam,yes,17.797979797979796,8.898989898989898
2,1270,700,PAK,6,331,45,Mohammad Amir,AS Joseph,8,4,13,13.58,1541,36.14,Left-hand bat,157,59,1,552.5,29.66,61.8,rfm,0,WIN,seam,yes,17.797979797979796,8.898989898989898
2,1277,707,PAK,6,341,55,Mohammad Amir,AS Joseph,8,11,16,13.58,1541,36.14,Left-hand bat,158,59,1,552.5,29.66,61.8,rfm,0,WIN,seam,yes,17.797979797979796,8.898989898989898
2,1278,708,PAK,6,341,55,Mohammad Amir,AS Joseph,8,11,17,13.58,1541,36.14,Left-hand bat,159,59,1,552.5,29.66,61.8,rfm,W,WIN,seam,yes,17.797979797979796,8.898989898989898
