innings,match_balls,inn_balls,bat_team,team_wkts,team_score,team_lead,batter,bowler,bat_position,bat_score,bat_balls,bat_avg,career_bat_balls,bat_sr,bat_arm,bowl_balls,bowl_runs,bowl_wkts,career_bowl_balls,bowl_avg,bowl_sr,bowl_type,outcome,host_country,bowl_class,bat_win_toss,seam_factor,spin_factor
2,1233,663,PAK,5,316,30,Misbah-ul-Haq,RL Chase,5,41,126,46.87,11355,44.57,Right-hand bat,40,30,0,1290.5,56.66,107.9,rob,0,WIN,spin,yes,17.797979797979796,8.898989898989898
2,1234,664,PAK,5,316,30,Misbah-ul-Haq,RL Chase,5,41,127,46.87,11355,44.57,Right-hand bat,41,30,0,1290.5,56.66,107.9,rob,6,WIN,spin,yes,17.797979797979796,8.898989898989898
2,1399,829,PAK,9,404,118,Misbah-ul-Haq,RL Chase,5,96,212,46.87,11355,44.57,Right-hand bat,42,36,0,1290.5,56.66,107.9,rob,0,WIN,spin,yes,17.797979797979796,8.898989898989898
2,1400,830,PAK,9,404,118,Misbah-ul-Haq,RL Chase,5,96,213,46.87,11355,44.57,Right-hand bat,43,36,0,1290.5,56.66,107.9,rob,0,WIN,spin,yes,17.797979797979796,8.898989898989898
2,1401,831,PAK,9,404,118,Misbah-ul-Haq,RL Chase,5,96,214,46.87,11355,44.57,Right-hand bat,44,36,0,1290.5,56.66,107.9,rob,0,WIN,spin,yes,17.797979797979796,8.898989898989898
2,1402,832,PAK,9,404,118,Misbah-ul-Haq,RL Chase,5,96,215,46.87,11355,44.57,Right-hand bat,45,36,0,1290.5,56.66,107.9,rob,0,WIN,spin,yes,17.797979797979796,8.898989898989898
2,1403,833,PAK,9,404,118,Misbah-ul-Haq,RL Chase,5,96,216,46.87,11355,44.57,Right-hand bat,46,36,0,1290.5,56.66,107.9,rob,1,WIN,spin,yes,17.797979797979796,8.898989898989898
