innings,match_balls,inn_balls,bat_team,team_wkts,team_score,team_lead,batter,bowler,bat_position,bat_score,bat_balls,bat_avg,career_bat_balls,bat_sr,bat_arm,bowl_balls,bowl_runs,bowl_wkts,career_bowl_balls,bowl_avg,bowl_sr,bowl_type,outcome,host_country,bowl_class,bat_win_toss,seam_factor,spin_factor
2,1159,585,SRL,9,343,-13,CBRLS Kumara,AG Cremer,11,0,0,5.5,54,40.74,Left-hand bat,222,123,4,3444.3,47.8,74.9,rls,0,ZIM,spin,no,9.074074074074074,31.759259259259263
2,1178,604,SRL,9,345,-11,CBRLS Kumara,AG Cremer,11,0,2,5.5,54,40.74,Left-hand bat,229,124,4,3444.3,47.8,74.9,rls,0,ZIM,spin,no,9.074074074074074,31.759259259259263
2,1179,605,SRL,9,345,-11,CBRLS Kumara,AG Cremer,11,0,3,5.5,54,40.74,Left-hand bat,230,124,4,3444.3,47.8,74.9,rls,0,ZIM,spin,no,9.074074074074074,31.759259259259263
2,1180,606,SRL,9,345,-11,CBRLS Kumara,AG Cremer,11,0,4,5.5,54,40.74,Left-hand bat,231,124,4,3444.3,47.8,74.9,rls,0,ZIM,spin,no,9.074074074074074,31.759259259259263
2,1181,607,SRL,9,345,-11,CBRLS Kumara,AG Cremer,11,0,5,5.5,54,40.74,Left-hand bat,232,124,4,3444.3,47.8,74.9,rls,0,ZIM,spin,no,9.074074074074074,31.759259259259263
2,1182,608,SRL,9,345,-11,CBRLS Kumara,AG Cremer,11,0,6,5.5,54,40.74,Left-hand bat,233,124,4,3444.3,47.8,74.9,rls,0,ZIM,spin,no,9.074074074074074,31.759259259259263
2,1183,609,SRL,9,345,-11,CBRLS Kumara,AG Cremer,11,0,7,5.5,54,40.74,Left-hand bat,234,124,4,3444.3,47.8,74.9,rls,0,ZIM,spin,no,9.074074074074074,31.759259259259263
2,1190,616,SRL,9,345,-11,CBRLS Kumara,AG Cremer,11,0,8,5.5,54,40.74,Left-hand bat,235,124,4,3444.3,47.8,74.9,rls,0,ZIM,spin,no,9.074074074074074,31.759259259259263
2,1191,617,SRL,9,345,-11,CBRLS Kumara,AG Cremer,11,0,9,5.5,54,40.74,Left-hand bat,236,124,4,3444.3,47.8,74.9,rls,1,ZIM,spin,no,9.074074074074074,31.759259259259263
