innings,match_balls,inn_balls,bat_team,team_wkts,team_score,team_lead,batter,bowler,bat_position,bat_score,bat_balls,bat_avg,career_bat_balls,bat_sr,bat_arm,bowl_balls,bowl_runs,bowl_wkts,career_bowl_balls,bowl_avg,bowl_sr,bowl_type,outcome,host_country,bowl_class,bat_win_toss,seam_factor,spin_factor
3,1545,352,ZIM,6,223,233,MN Waller,RAS Lakmal,8,42,46,23.47,1052,51.33,Right-hand bat,43,20,0,6960.1,46.52,84.8,rfm,1,ZIM,seam,yes,9.074074074074074,31.759259259259263
3,1558,365,ZIM,6,227,237,MN Waller,RAS Lakmal,8,44,51,23.47,1052,51.33,Right-hand bat,50,22,0,6960.1,46.52,84.8,rfm,2,ZIM,seam,yes,9.074074074074074,31.759259259259263
3,1559,366,ZIM,6,229,239,MN Waller,RAS Lakmal,8,46,52,23.47,1052,51.33,Right-hand bat,51,24,0,6960.1,46.52,84.8,rfm,0,ZIM,seam,yes,9.074074074074074,31.759259259259263
3,1560,367,ZIM,6,229,239,MN Waller,RAS Lakmal,8,46,53,23.47,1052,51.33,Right-hand bat,52,24,0,6960.1,46.52,84.8,rfm,4,ZIM,seam,yes,9.074074074074074,31.759259259259263
3,1561,368,ZIM,6,233,243,MN Waller,RAS Lakmal,8,50,54,23.47,1052,51.33,Right-hand bat,53,28,0,6960.1,46.52,84.8,rfm,0,ZIM,seam,yes,9.074074074074074,31.759259259259263
3,1646,453,ZIM,6,278,288,MN Waller,RAS Lakmal,8,65,93,23.47,1052,51.33,Right-hand bat,54,28,0,6960.1,46.52,84.8,rfm,0,ZIM,seam,yes,9.074074074074074,31.759259259259263
3,1647,454,ZIM,6,278,288,MN Waller,RAS Lakmal,8,65,94,23.47,1052,51.33,Right-hand bat,55,28,0,6960.1,46.52,84.8,rfm,1,ZIM,seam,yes,9.074074074074074,31.759259259259263
