innings,match_balls,inn_balls,bat_team,team_wkts,team_score,team_lead,batter,bowler,bat_position,bat_score,bat_balls,bat_avg,career_bat_balls,bat_sr,bat_arm,bowl_balls,bowl_runs,bowl_wkts,career_bowl_balls,bowl_avg,bowl_sr,bowl_type,outcome,host_country,bowl_class,bat_win_toss,seam_factor,spin_factor
2,858,506,PAK,6,246,62,Faheem Ashraf,BA Stokes,8,0,0,60,153,78.43,Left-hand bat,98,51,3,5922.4,33.83,60.4,rfm,3,ENG,seam,no,25.801248699271593,1.7793964620187306
2,860,508,PAK,6,250,66,Faheem Ashraf,BA Stokes,8,3,1,60,153,78.43,Left-hand bat,100,55,3,5922.4,33.83,60.4,rfm,0,ENG,seam,no,25.801248699271593,1.7793964620187306
2,861,509,PAK,6,250,66,Faheem Ashraf,BA Stokes,8,3,2,60,153,78.43,Left-hand bat,101,55,3,5922.4,33.83,60.4,rfm,0,ENG,seam,no,25.801248699271593,1.7793964620187306
2,868,516,PAK,6,254,70,Faheem Ashraf,BA Stokes,8,3,3,60,153,78.43,Left-hand bat,102,55,3,5922.4,33.83,60.4,rfm,4,ENG,seam,no,25.801248699271593,1.7793964620187306
2,869,517,PAK,6,258,74,Faheem Ashraf,BA Stokes,8,7,4,60,153,78.43,Left-hand bat,103,59,3,5922.4,33.83,60.4,rfm,0,ENG,seam,no,25.801248699271593,1.7793964620187306
2,870,518,PAK,6,258,74,Faheem Ashraf,BA Stokes,8,7,5,60,153,78.43,Left-hand bat,104,59,3,5922.4,33.83,60.4,rfm,0,ENG,seam,no,25.801248699271593,1.7793964620187306
2,871,519,PAK,6,258,74,Faheem Ashraf,BA Stokes,8,7,6,60,153,78.43,Left-hand bat,105,59,3,5922.4,33.83,60.4,rfm,4,ENG,seam,no,25.801248699271593,1.7793964620187306
2,872,520,PAK,6,262,78,Faheem Ashraf,BA Stokes,8,11,7,60,153,78.43,Left-hand bat,106,63,3,5922.4,33.83,60.4,rfm,2,ENG,seam,no,25.801248699271593,1.7793964620187306
2,873,521,PAK,6,264,80,Faheem Ashraf,BA Stokes,8,13,8,60,153,78.43,Left-hand bat,107,65,3,5922.4,33.83,60.4,rfm,0,ENG,seam,no,25.801248699271593,1.7793964620187306
