innings,match_balls,inn_balls,bat_team,team_wkts,team_score,team_lead,batter,bowler,bat_position,bat_score,bat_balls,bat_avg,career_bat_balls,bat_sr,bat_arm,bowl_balls,bowl_runs,bowl_wkts,career_bowl_balls,bowl_avg,bowl_sr,bowl_type,outcome,host_country,bowl_class,bat_win_toss,seam_factor,spin_factor
3,1145,342,IND,2,186,354,CA Pujara,JE Root,3,52,156,49.3,9878,46.92,Right-hand bat,0,0,0,1746,46.1,91.8,rob,0,IND,spin,no,27.091307523739953,4.233016800584368
3,1146,343,IND,2,186,354,CA Pujara,JE Root,3,52,157,49.3,9878,46.92,Right-hand bat,1,0,0,1746,46.1,91.8,rob,1,IND,spin,no,27.091307523739953,4.233016800584368
3,1149,346,IND,2,188,356,CA Pujara,JE Root,3,53,158,49.3,9878,46.92,Right-hand bat,4,2,0,1746,46.1,91.8,rob,0,IND,spin,no,27.091307523739953,4.233016800584368
3,1150,347,IND,2,188,356,CA Pujara,JE Root,3,53,159,49.3,9878,46.92,Right-hand bat,5,2,0,1746,46.1,91.8,rob,1,IND,spin,no,27.091307523739953,4.233016800584368
3,1157,354,IND,2,192,360,CA Pujara,JE Root,3,55,163,49.3,9878,46.92,Right-hand bat,6,3,0,1746,46.1,91.8,rob,0,IND,spin,no,27.091307523739953,4.233016800584368
3,1158,355,IND,2,192,360,CA Pujara,JE Root,3,55,164,49.3,9878,46.92,Right-hand bat,7,3,0,1746,46.1,91.8,rob,1,IND,spin,no,27.091307523739953,4.233016800584368
3,1160,357,IND,2,194,362,CA Pujara,JE Root,3,56,165,49.3,9878,46.92,Right-hand bat,9,5,0,1746,46.1,91.8,rob,0,IND,spin,no,27.091307523739953,4.233016800584368
3,1161,358,IND,2,194,362,CA Pujara,JE Root,3,56,166,49.3,9878,46.92,Right-hand bat,10,5,0,1746,46.1,91.8,rob,0,IND,spin,no,27.091307523739953,4.233016800584368
3,1162,359,IND,2,194,362,CA Pujara,JE Root,3,56,167,49.3,9878,46.92,Right-hand bat,11,5,0,1746,46.1,91.8,rob,0,IND,spin,no,27.091307523739953,4.233016800584368
