innings,match_balls,inn_balls,bat_team,team_wkts,team_score,team_lead,batter,bowler,bat_position,bat_score,bat_balls,bat_avg,career_bat_balls,bat_sr,bat_arm,bowl_balls,bowl_runs,bowl_wkts,career_bowl_balls,bowl_avg,bowl_sr,bowl_type,outcome,host_country,bowl_class,bat_win_toss,seam_factor,spin_factor
2,801,444,SRL,8,263,91,HMRKB Herath,R Ashwin,9,43,67,15.32,3178,50.62,Left-hand bat,30,9,0,15360.2,25.3,52.6,rob,0,IND,spin,yes,23.327346938775513,2.186938775510204
2,802,445,SRL,8,263,91,HMRKB Herath,R Ashwin,9,43,68,15.32,3178,50.62,Left-hand bat,31,9,0,15360.2,25.3,52.6,rob,0,IND,spin,yes,23.327346938775513,2.186938775510204
2,803,446,SRL,8,263,91,HMRKB Herath,R Ashwin,9,43,69,15.32,3178,50.62,Left-hand bat,32,9,0,15360.2,25.3,52.6,rob,2,IND,spin,yes,23.327346938775513,2.186938775510204
2,804,447,SRL,8,265,93,HMRKB Herath,R Ashwin,9,45,70,15.32,3178,50.62,Left-hand bat,33,11,0,15360.2,25.3,52.6,rob,0,IND,spin,yes,23.327346938775513,2.186938775510204
2,805,448,SRL,8,265,93,HMRKB Herath,R Ashwin,9,45,71,15.32,3178,50.62,Left-hand bat,34,11,0,15360.2,25.3,52.6,rob,0,IND,spin,yes,23.327346938775513,2.186938775510204
2,806,449,SRL,8,265,93,HMRKB Herath,R Ashwin,9,45,72,15.32,3178,50.62,Left-hand bat,35,11,0,15360.2,25.3,52.6,rob,0,IND,spin,yes,23.327346938775513,2.186938775510204
2,814,457,SRL,8,267,95,HMRKB Herath,R Ashwin,9,45,78,15.32,3178,50.62,Left-hand bat,37,12,0,15360.2,25.3,52.6,rob,0,IND,spin,yes,23.327346938775513,2.186938775510204
2,815,458,SRL,8,267,95,HMRKB Herath,R Ashwin,9,45,79,15.32,3178,50.62,Left-hand bat,38,12,0,15360.2,25.3,52.6,rob,1,IND,spin,yes,23.327346938775513,2.186938775510204
