innings,match_balls,inn_balls,bat_team,team_wkts,team_score,team_lead,batter,bowler,bat_position,bat_score,bat_balls,bat_avg,career_bat_balls,bat_sr,bat_arm,bowl_balls,bowl_runs,bowl_wkts,career_bowl_balls,bowl_avg,bowl_sr,bowl_type,outcome,host_country,bowl_class,bat_win_toss,seam_factor,spin_factor
2,1460,686,SRL,4,305,-231,S Samarawickrama,I Sharma,6,27,50,15.62,177,70.62,Right-hand bat,138,80,1,15186,36.55,67.1,rfm,0,IND,seam,no,21.939643347050758,33.90672153635117
2,1461,687,SRL,4,305,-231,S Samarawickrama,I Sharma,6,27,51,15.62,177,70.62,Right-hand bat,139,80,1,15186,36.55,67.1,rfm,0,IND,seam,no,21.939643347050758,33.90672153635117
2,1462,688,SRL,4,305,-231,S Samarawickrama,I Sharma,6,27,52,15.62,177,70.62,Right-hand bat,140,80,1,15186,36.55,67.1,rfm,0,IND,seam,no,21.939643347050758,33.90672153635117
2,1463,689,SRL,4,305,-231,S Samarawickrama,I Sharma,6,27,53,15.62,177,70.62,Right-hand bat,141,80,1,15186,36.55,67.1,rfm,0,IND,seam,no,21.939643347050758,33.90672153635117
2,1464,690,SRL,4,305,-231,S Samarawickrama,I Sharma,6,27,54,15.62,177,70.62,Right-hand bat,142,80,1,15186,36.55,67.1,rfm,0,IND,seam,no,21.939643347050758,33.90672153635117
2,1465,691,SRL,4,305,-231,S Samarawickrama,I Sharma,6,27,55,15.62,177,70.62,Right-hand bat,143,80,1,15186,36.55,67.1,rfm,0,IND,seam,no,21.939643347050758,33.90672153635117
2,1473,699,SRL,4,313,-223,S Samarawickrama,I Sharma,6,29,58,15.62,177,70.62,Right-hand bat,145,85,1,15186,36.55,67.1,rfm,0,IND,seam,no,21.939643347050758,33.90672153635117
2,1474,700,SRL,4,313,-223,S Samarawickrama,I Sharma,6,29,59,15.62,177,70.62,Right-hand bat,146,85,1,15186,36.55,67.1,rfm,4,IND,seam,no,21.939643347050758,33.90672153635117
2,1475,701,SRL,4,317,-219,S Samarawickrama,I Sharma,6,33,60,15.62,177,70.62,Right-hand bat,147,89,1,15186,36.55,67.1,rfm,W,IND,seam,no,21.939643347050758,33.90672153635117
