innings,match_balls,inn_balls,bat_team,team_wkts,team_score,team_lead,batter,bowler,bat_position,bat_score,bat_balls,bat_avg,career_bat_balls,bat_sr,bat_arm,bowl_balls,bowl_runs,bowl_wkts,career_bowl_balls,bowl_avg,bowl_sr,bowl_type,outcome,host_country,bowl_class,bat_win_toss,seam_factor,spin_factor
3,1611,338,WIN,5,185,414,JO Holder,PLS Gamage,7,29,24,29.47,2260,57.38,Right-hand bat,55,24,0,1110.2,57.3,111.2,rfm,0,WIN,seam,yes,17.965714285714284,11.977142857142857
3,1612,339,WIN,5,185,414,JO Holder,PLS Gamage,7,29,25,29.47,2260,57.38,Right-hand bat,56,24,0,1110.2,57.3,111.2,rfm,0,WIN,seam,yes,17.965714285714284,11.977142857142857
3,1613,340,WIN,5,185,414,JO Holder,PLS Gamage,7,29,26,29.47,2260,57.38,Right-hand bat,57,24,0,1110.2,57.3,111.2,rfm,1,WIN,seam,yes,17.965714285714284,11.977142857142857
3,1615,342,WIN,5,187,416,JO Holder,PLS Gamage,7,30,27,29.47,2260,57.38,Right-hand bat,59,26,0,1110.2,57.3,111.2,rfm,4,WIN,seam,yes,17.965714285714284,11.977142857142857
3,1628,355,WIN,6,192,421,JO Holder,PLS Gamage,7,35,31,29.47,2260,57.38,Right-hand bat,60,30,0,1110.2,57.3,111.2,rfm,0,WIN,seam,yes,17.965714285714284,11.977142857142857
3,1629,356,WIN,6,192,421,JO Holder,PLS Gamage,7,35,32,29.47,2260,57.38,Right-hand bat,61,30,0,1110.2,57.3,111.2,rfm,1,WIN,seam,yes,17.965714285714284,11.977142857142857
3,1652,379,WIN,6,198,427,JO Holder,PLS Gamage,7,38,37,29.47,2260,57.38,Right-hand bat,72,32,0,1110.2,57.3,111.2,rfm,0,WIN,seam,yes,17.965714285714284,11.977142857142857
3,1653,380,WIN,6,198,427,JO Holder,PLS Gamage,7,38,38,29.47,2260,57.38,Right-hand bat,73,32,0,1110.2,57.3,111.2,rfm,1,WIN,seam,yes,17.965714285714284,11.977142857142857
