innings,match_balls,inn_balls,bat_team,team_wkts,team_score,team_lead,batter,bowler,bat_position,bat_score,bat_balls,bat_avg,career_bat_balls,bat_sr,bat_arm,bowl_balls,bowl_runs,bowl_wkts,career_bowl_balls,bowl_avg,bowl_sr,bowl_type,outcome,host_country,bowl_class,bat_win_toss,seam_factor,spin_factor
3,1604,517,SRL,8,311,264,RAS Lakmal,JO Holder,10,2,4,10.86,1180,48.81,Right-hand bat,77,29,0,5028.4,38.83,89.8,rmf,0,SRL,seam,yes,28.070204081632653,1.7012244897959183
3,1605,518,SRL,8,311,264,RAS Lakmal,JO Holder,10,2,5,10.86,1180,48.81,Right-hand bat,78,29,0,5028.4,38.83,89.8,rmf,0,SRL,seam,yes,28.070204081632653,1.7012244897959183
3,1606,519,SRL,8,311,264,RAS Lakmal,JO Holder,10,2,6,10.86,1180,48.81,Right-hand bat,79,29,0,5028.4,38.83,89.8,rmf,0,SRL,seam,yes,28.070204081632653,1.7012244897959183
3,1607,520,SRL,8,311,264,RAS Lakmal,JO Holder,10,2,7,10.86,1180,48.81,Right-hand bat,80,29,0,5028.4,38.83,89.8,rmf,1,SRL,seam,yes,28.070204081632653,1.7012244897959183
3,1616,529,SRL,8,323,276,RAS Lakmal,JO Holder,10,4,10,10.86,1180,48.81,Right-hand bat,83,35,0,5028.4,38.83,89.8,rmf,0,SRL,seam,yes,28.070204081632653,1.7012244897959183
3,1617,530,SRL,8,323,276,RAS Lakmal,JO Holder,10,4,11,10.86,1180,48.81,Right-hand bat,84,35,0,5028.4,38.83,89.8,rmf,0,SRL,seam,yes,28.070204081632653,1.7012244897959183
3,1618,531,SRL,8,323,276,RAS Lakmal,JO Holder,10,4,12,10.86,1180,48.81,Right-hand bat,85,35,0,5028.4,38.83,89.8,rmf,2,SRL,seam,yes,28.070204081632653,1.7012244897959183
3,1619,532,SRL,8,325,278,RAS Lakmal,JO Holder,10,6,13,10.86,1180,48.81,Right-hand bat,86,37,0,5028.4,38.83,89.8,rmf,1,SRL,seam,yes,28.070204081632653,1.7012244897959183
